datetime,pm2_5,pm10,nitrogen_dioxide,sulphur_dioxide,ozone,actual_pm2_5_next_hour,predicted_pm2_5_next_hour,prediction_error
2023-03-14 18:00:00,13.3,19.200000000000003,31.700000000000003,2.8000000000000003,44.0,12.100000000000001,15.415733,-3.3157333374023423
2023-03-14 19:00:00,12.100000000000001,17.2,34.4,3.0,34.0,11.8,14.0945,-2.2944995880126946
2023-03-14 20:00:00,11.8,19.6,32.7,2.5,35.0,13.3,13.613067,-0.3130666732788079
2023-03-14 21:00:00,13.3,16.5,32.0,2.3000000000000003,31.0,11.200000000000001,14.012044,-2.8120439529418935
2023-03-14 22:00:00,11.200000000000001,15.8,24.1,2.1,40.0,12.200000000000001,11.458305,0.7416946411132823
2023-03-14 23:00:00,12.200000000000001,15.9,23.3,2.0,44.0,10.8,12.101463,-1.301463317871093
2023-03-15 00:00:00,10.8,14.4,15.9,1.8,61.0,5.1000000000000005,10.1728945,-5.072894477844238
2023-03-15 01:00:00,5.1000000000000005,10.5,11.700000000000001,1.8,73.0,4.800000000000001,5.342422,-0.5424220085144036
2023-03-15 02:00:00,4.800000000000001,9.0,9.600000000000001,1.4000000000000001,74.0,3.9000000000000004,4.998105,-1.0981050491333004
2023-03-15 03:00:00,3.9000000000000004,7.6000000000000005,11.5,1.9000000000000001,78.0,4.0,4.403397,-0.4033970832824707
2023-03-15 04:00:00,4.0,6.800000000000001,10.600000000000001,2.0,74.0,3.6,4.422026,-0.8220261573791503
2023-03-15 05:00:00,3.6,5.2,9.5,1.7000000000000002,75.0,4.2,3.9346488,0.26535124778747576
2023-03-15 06:00:00,4.2,6.5,13.3,1.9000000000000001,74.0,4.5,5.068882,-0.5688819885253906
2023-03-15 07:00:00,4.5,6.5,17.5,1.7000000000000002,71.0,4.9,4.9468017,-0.046801662445068004
2023-03-15 08:00:00,4.9,6.9,18.0,1.7000000000000002,76.0,5.1000000000000005,4.671738,0.42826185226440483
2023-03-15 09:00:00,5.1000000000000005,7.7,14.3,1.7000000000000002,76.0,5.5,4.840525,0.6594748497009277
2023-03-15 10:00:00,5.5,7.7,11.3,1.9000000000000001,79.0,4.800000000000001,5.066114,-0.2661139488220208
2023-03-15 11:00:00,4.800000000000001,7.4,8.5,1.4000000000000001,85.0,3.5,4.447177,-0.9471769332885742
2023-03-15 12:00:00,3.5,6.7,8.0,1.3,88.0,3.3000000000000003,3.5485024,-0.248502445220947
2023-03-15 13:00:00,3.3000000000000003,6.2,7.6000000000000005,1.4000000000000001,91.0,3.2,3.2101362,-0.01013617515563947
2023-03-15 14:00:00,3.2,6.0,7.4,1.5,92.0,3.1,3.4976237,-0.39762368202209464
2023-03-15 15:00:00,3.1,5.5,8.3,1.5,92.0,3.6,3.4222915,0.17770848274230966
2023-03-15 16:00:00,3.6,5.800000000000001,9.3,1.4000000000000001,91.0,4.2,3.899729,0.300270986557007
2023-03-15 17:00:00,4.2,5.6000000000000005,12.9,1.4000000000000001,89.0,4.0,4.5827274,-0.5827274322509766
2023-03-15 18:00:00,4.0,6.300000000000001,22.1,2.0,79.0,5.300000000000001,5.455423,-0.15542287826538015
2023-03-15 19:00:00,5.300000000000001,7.300000000000001,32.0,2.2,65.0,6.4,6.9351425,-0.5351425170898434
2023-03-15 20:00:00,6.4,8.4,44.400000000000006,2.3000000000000003,55.0,7.0,8.544089,-1.5440893173217773
2023-03-15 21:00:00,7.0,8.6,45.5,2.6,53.0,7.300000000000001,8.51525,-1.2152502059936516
2023-03-15 22:00:00,7.300000000000001,9.1,41.0,2.5,53.0,7.4,8.27218,-0.8721796035766598
2023-03-15 23:00:00,7.4,9.200000000000001,38.1,2.3000000000000003,41.0,7.6000000000000005,7.719692,-0.11969223022460884
2023-03-16 00:00:00,7.6000000000000005,9.4,37.6,2.2,37.0,13.600000000000001,8.304071,5.2959285736084
2023-03-16 01:00:00,13.600000000000001,16.5,38.400000000000006,2.4000000000000004,34.0,15.4,14.125599,1.2744010925292972
2023-03-16 02:00:00,15.4,17.0,35.5,2.1,34.0,14.5,15.74027,-1.240269660949707
2023-03-16 03:00:00,14.5,16.6,33.6,2.1,37.0,13.0,14.393372,-1.39337158203125
2023-03-16 04:00:00,13.0,14.100000000000001,33.4,2.1,34.0,12.8,12.961395,-0.1613952636718743
2023-03-16 05:00:00,12.8,14.100000000000001,31.0,2.0,25.0,15.0,12.557447,2.4425525665283203
2023-03-16 06:00:00,15.0,13.600000000000001,35.9,2.1,25.0,16.3,15.957636,0.34236412048339915
2023-03-16 07:00:00,16.3,15.700000000000001,43.5,2.4000000000000004,16.0,17.0,17.384785,-0.3847846984863281
2023-03-16 08:00:00,17.0,16.6,49.0,2.6,14.0,17.400000000000002,16.071606,1.3283943176269553
2023-03-16 09:00:00,17.400000000000002,21.200000000000003,47.7,3.1,19.0,17.6,16.014217,1.585782623291017
2023-03-16 10:00:00,17.6,22.1,37.2,3.4000000000000004,39.0,15.700000000000001,15.788506,-0.08850555419921768
2023-03-16 11:00:00,15.700000000000001,21.8,25.200000000000003,2.9000000000000004,59.0,16.3,15.109793,1.1902072906494148
2023-03-16 12:00:00,16.3,20.3,20.200000000000003,2.3000000000000003,71.0,14.3,15.160651,-0.8606512069702141
2023-03-16 13:00:00,14.3,18.7,16.6,2.2,79.0,12.100000000000001,13.567361,-1.4673608779907212
2023-03-16 14:00:00,12.100000000000001,17.5,15.9,2.2,82.0,12.200000000000001,12.164754,0.035246086120606535
2023-03-16 15:00:00,12.200000000000001,16.5,14.4,2.0,87.0,12.100000000000001,12.104139,-0.004139328002928266
2023-03-16 16:00:00,12.100000000000001,14.4,14.4,1.9000000000000001,89.0,11.9,12.069824,-0.16982421874999964
2023-03-16 17:00:00,11.9,15.700000000000001,17.2,2.0,89.0,14.700000000000001,12.874889,1.8251106262207042
2023-03-16 18:00:00,14.700000000000001,16.2,31.0,2.5,69.0,15.8,16.08535,-0.28535003662109304
2023-03-16 19:00:00,15.8,18.6,46.1,3.2,52.0,16.6,18.154459,-1.5544589996337876
2023-03-16 20:00:00,16.6,20.900000000000002,58.800000000000004,3.1,37.0,16.900000000000002,18.62842,-1.7284198760986307
2023-03-16 21:00:00,16.900000000000002,21.5,55.5,3.1,35.0,17.0,18.744642,-1.7446422576904297
2023-03-16 22:00:00,17.0,22.5,48.1,3.6,32.0,17.2,18.60153,-1.401530075073243
2023-03-16 23:00:00,17.2,22.5,38.300000000000004,3.0,32.0,17.3,18.12843,-0.8284294128417962
2023-03-17 00:00:00,17.3,23.5,32.1,2.6,37.0,25.1,18.745275,6.354724502563478
2023-03-17 01:00:00,25.1,31.700000000000003,30.400000000000002,2.2,43.0,26.8,24.633472,2.1665275573730476
2023-03-17 02:00:00,26.8,29.8,28.200000000000003,2.4000000000000004,41.0,21.900000000000002,25.613836,-3.7138362884521463
2023-03-17 03:00:00,21.900000000000002,28.8,26.5,2.6,43.0,22.0,22.620121,-0.6201210021972656
2023-03-17 04:00:00,22.0,28.3,27.0,2.9000000000000004,39.0,24.3,22.371279,1.928721237182618
2023-03-17 05:00:00,24.3,28.700000000000003,27.700000000000003,2.7,36.0,22.900000000000002,23.932947,-1.0329471588134744
2023-03-17 06:00:00,22.900000000000002,28.8,33.300000000000004,2.5,32.0,24.700000000000003,23.004633,1.6953670501709013
2023-03-17 07:00:00,24.700000000000003,32.9,45.5,2.8000000000000003,20.0,26.900000000000002,26.004114,0.8958858489990256
2023-03-17 08:00:00,26.900000000000002,33.2,55.7,2.9000000000000004,19.0,26.0,28.173014,-2.173013687133789
2023-03-17 09:00:00,26.0,33.300000000000004,49.6,3.1,26.0,21.900000000000002,24.408226,-2.5082260131835916
2023-03-17 10:00:00,21.900000000000002,29.200000000000003,34.0,3.2,52.0,18.8,20.955982,-2.1559822082519524
2023-03-17 11:00:00,18.8,27.900000000000002,24.900000000000002,2.4000000000000004,70.0,17.8,17.944736,-0.14473648071288991
2023-03-17 12:00:00,17.8,25.900000000000002,17.2,2.1,81.0,17.8,17.425547,0.37445335388183665
2023-03-17 13:00:00,17.8,25.8,16.5,2.1,82.0,18.1,17.530283,0.5697170257568374
2023-03-17 14:00:00,18.1,25.1,15.700000000000001,2.2,85.0,17.6,17.697973,-0.09797325134277202
2023-03-17 15:00:00,17.6,22.900000000000002,15.9,2.5,85.0,18.900000000000002,17.202951,1.697048568725588
2023-03-17 16:00:00,18.900000000000002,22.900000000000002,16.5,2.4000000000000004,88.0,18.900000000000002,19.377577,-0.47757682800292756
2023-03-17 17:00:00,18.900000000000002,23.200000000000003,18.2,2.4000000000000004,85.0,20.1,19.890678,0.20932159423828267
2023-03-17 18:00:00,20.1,22.700000000000003,28.200000000000003,2.6,67.0,20.900000000000002,21.898287,-0.9982868194580057
2023-03-17 19:00:00,20.900000000000002,26.1,46.2,2.8000000000000003,48.0,22.900000000000002,23.788229,-0.8882289886474588
2023-03-17 20:00:00,22.900000000000002,30.400000000000002,56.6,3.0,30.0,24.5,24.668331,-0.16833114624023438
2023-03-17 21:00:00,24.5,35.0,67.7,3.1,18.0,24.1,27.982733,-3.882732772827147
2023-03-17 22:00:00,24.1,32.800000000000004,67.8,3.1,13.0,29.200000000000003,26.697653,2.502347183227542
2023-03-17 23:00:00,29.200000000000003,41.5,75.10000000000001,3.3000000000000003,7.0,27.1,32.74628,-5.646280670166014
2023-03-18 00:00:00,27.1,42.800000000000004,77.60000000000001,3.5,3.0,44.300000000000004,31.054123,13.245877075195317
2023-03-18 01:00:00,44.300000000000004,46.400000000000006,81.7,3.6,1.0,45.1,44.638416,0.4615837097167983
2023-03-18 02:00:00,45.1,46.0,76.60000000000001,3.2,1.0,31.700000000000003,44.198532,-12.498532104492185
2023-03-18 03:00:00,31.700000000000003,41.6,67.60000000000001,3.5,0.0,32.5,33.60162,-1.1016197204589844
2023-03-18 04:00:00,32.5,40.5,68.5,3.3000000000000003,1.0,32.4,34.596764,-2.196763610839845
2023-03-18 05:00:00,32.4,43.7,64.3,3.6,1.0,31.8,35.468937,-3.668936920166015
2023-03-18 06:00:00,31.8,44.7,64.3,3.8000000000000003,3.0,37.2,35.83374,1.3662597656250028
2023-03-18 07:00:00,37.2,51.400000000000006,66.3,3.9000000000000004,6.0,39.300000000000004,39.553974,-0.25397415161132386
2023-03-18 08:00:00,39.300000000000004,52.0,53.0,3.9000000000000004,9.0,40.0,38.20429,1.7957115173339844
2023-03-18 09:00:00,40.0,52.5,47.1,3.7,17.0,38.5,39.50929,-1.0092887878417969
2023-03-18 10:00:00,38.5,46.1,47.6,4.800000000000001,31.0,33.2,35.54438,-2.3443801879882784
2023-03-18 11:00:00,33.2,44.800000000000004,39.6,5.1000000000000005,45.0,31.0,31.066158,-0.06615829467773438
2023-03-18 12:00:00,31.0,42.400000000000006,35.5,5.0,64.0,29.400000000000002,29.054474,0.34552612304687713
2023-03-18 13:00:00,29.400000000000002,40.2,27.5,4.5,77.0,28.200000000000003,28.978127,-0.7781265258789034
2023-03-18 14:00:00,28.200000000000003,38.300000000000004,23.6,4.3,87.0,24.900000000000002,27.167402,-2.2674022674560526
2023-03-18 15:00:00,24.900000000000002,36.1,19.6,3.5,95.0,23.200000000000003,24.828186,-1.6281860351562472
2023-03-18 16:00:00,23.200000000000003,34.6,17.2,2.9000000000000004,99.0,21.8,24.60119,-2.801190567016601
2023-03-18 17:00:00,21.8,33.800000000000004,15.8,2.8000000000000003,100.0,22.8,23.767956,-0.9679557800292962
2023-03-18 18:00:00,22.8,35.1,24.5,3.2,84.0,24.200000000000003,25.153452,-0.9534519195556612
2023-03-18 19:00:00,24.200000000000003,34.7,38.6,3.6,72.0,26.400000000000002,29.12624,-2.726239776611326
2023-03-18 20:00:00,26.400000000000002,35.4,63.900000000000006,3.9000000000000004,40.0,29.400000000000002,30.954233,-1.554233169555662
2023-03-18 21:00:00,29.400000000000002,36.7,70.8,4.0,29.0,29.200000000000003,32.981678,-3.7816780090332003
2023-03-18 22:00:00,29.200000000000003,40.5,77.30000000000001,3.8000000000000003,24.0,25.5,32.611107,-7.111106872558594
2023-03-18 23:00:00,25.5,41.900000000000006,70.0,3.7,20.0,24.700000000000003,29.024414,-4.324414062499997
2023-03-19 00:00:00,24.700000000000003,42.400000000000006,75.5,3.8000000000000003,15.0,30.700000000000003,26.953571,3.7464286804199247
2023-03-19 01:00:00,30.700000000000003,42.300000000000004,80.0,3.8000000000000003,15.0,32.2,33.021694,-0.8216941833496065
2023-03-19 02:00:00,32.2,43.2,74.3,3.2,5.0,36.6,32.666126,3.9338737487792983
2023-03-19 03:00:00,36.6,40.900000000000006,75.0,3.7,4.0,41.1,37.73324,3.3667617797851577
2023-03-19 04:00:00,41.1,43.5,80.0,4.0,3.0,40.300000000000004,42.09122,-1.7912208557128864
2023-03-19 05:00:00,40.300000000000004,46.0,74.60000000000001,3.8000000000000003,6.0,38.800000000000004,40.78895,-1.9889518737792926
2023-03-19 06:00:00,38.800000000000004,45.0,67.0,3.6,9.0,37.6,39.45249,-1.8524917602539048
2023-03-19 07:00:00,37.6,43.900000000000006,62.300000000000004,3.9000000000000004,7.0,39.300000000000004,39.12649,0.1735084533691449
2023-03-19 08:00:00,39.300000000000004,46.0,62.900000000000006,4.2,16.0,41.2,39.226032,1.9739677429199247
2023-03-19 09:00:00,41.2,45.7,50.300000000000004,3.3000000000000003,29.0,33.7,39.85644,-6.1564414978027315
2023-03-19 10:00:00,33.7,39.300000000000004,42.5,4.1000000000000005,52.0,30.200000000000003,30.971981,-0.7719810485839815
2023-03-19 11:00:00,30.200000000000003,37.0,31.900000000000002,4.3,65.0,29.900000000000002,28.576057,1.3239425659179709
2023-03-19 12:00:00,29.900000000000002,38.300000000000004,21.400000000000002,4.2,78.0,29.8,27.626783,2.173216629028321
2023-03-19 13:00:00,29.8,41.300000000000004,17.900000000000002,3.6,88.0,27.5,28.182865,-0.6828651428222656
2023-03-19 14:00:00,27.5,38.2,15.100000000000001,3.1,96.0,25.3,26.954302,-1.6543018341064446
2023-03-19 15:00:00,25.3,34.7,14.3,3.2,99.0,23.5,25.054537,-1.5545368194580078
2023-03-19 16:00:00,23.5,31.400000000000002,15.0,2.8000000000000003,97.0,23.400000000000002,24.76005,-1.360049819946287
2023-03-19 17:00:00,23.400000000000002,27.900000000000002,15.4,2.8000000000000003,92.0,22.400000000000002,24.724419,-2.3244186401367166
2023-03-19 18:00:00,22.400000000000002,28.400000000000002,26.700000000000003,3.0,83.0,23.6,25.939264,-2.33926429748535
2023-03-19 19:00:00,23.6,30.900000000000002,31.6,2.9000000000000004,68.0,26.3,27.691635,-1.3916351318359368
2023-03-19 20:00:00,26.3,34.0,36.7,2.9000000000000004,56.0,27.900000000000002,28.774689,-0.8746887207031229
2023-03-19 21:00:00,27.900000000000002,37.2,37.7,2.9000000000000004,41.0,31.3,29.424046,1.87595443725586
2023-03-19 22:00:00,31.3,39.900000000000006,36.4,2.9000000000000004,40.0,32.800000000000004,31.404877,1.3951232910156293
2023-03-19 23:00:00,32.800000000000004,37.300000000000004,37.0,2.6,37.0,34.2,33.0857,1.1142990112304716
2023-03-20 00:00:00,34.2,41.300000000000004,31.1,2.6,38.0,36.5,33.709957,2.7900428771972656
2023-03-20 01:00:00,36.5,45.900000000000006,32.4,2.2,30.0,38.6,36.608753,1.9912467956542983
2023-03-20 02:00:00,38.6,47.900000000000006,37.7,2.3000000000000003,24.0,38.800000000000004,39.81392,-1.0139190673828082
2023-03-20 03:00:00,38.800000000000004,47.2,40.6,2.2,21.0,44.2,39.27952,4.920481872558597
2023-03-20 04:00:00,44.2,48.5,39.900000000000006,1.8,21.0,56.1,43.04976,13.050241088867189
2023-03-20 05:00:00,56.1,59.400000000000006,37.0,1.9000000000000001,22.0,47.0,51.275566,-4.275566101074219
2023-03-20 06:00:00,47.0,54.5,38.2,1.9000000000000001,15.0,44.5,47.666336,-3.1663360595703125
2023-03-20 07:00:00,44.5,57.0,45.7,2.6,9.0,44.5,45.56051,-1.0605087280273438
2023-03-20 08:00:00,44.5,55.2,52.800000000000004,2.5,11.0,42.800000000000004,43.854366,-1.0543663024902301
2023-03-20 09:00:00,42.800000000000004,55.900000000000006,46.300000000000004,2.6,19.0,43.0,41.805984,1.1940155029296875
2023-03-20 10:00:00,43.0,51.800000000000004,38.2,3.5,46.0,38.800000000000004,38.368774,0.43122558593750426
2023-03-20 11:00:00,38.800000000000004,45.7,29.5,2.8000000000000003,67.0,37.5,36.404392,1.0956077575683594
2023-03-20 12:00:00,37.5,44.300000000000004,26.700000000000003,2.5,72.0,36.7,35.488487,1.211512756347659
2023-03-20 13:00:00,36.7,45.0,24.6,2.4000000000000004,79.0,34.4,34.24322,0.1567787170410142
2023-03-20 14:00:00,34.4,42.800000000000004,21.900000000000002,2.2,83.0,33.800000000000004,33.227345,0.5726554870605511
2023-03-20 15:00:00,33.800000000000004,43.2,20.400000000000002,2.4000000000000004,88.0,33.7,32.06397,1.6360313415527372
2023-03-20 16:00:00,33.7,40.0,18.6,2.2,93.0,33.2,32.39217,0.8078300476074247
2023-03-20 17:00:00,33.2,42.400000000000006,19.200000000000003,1.9000000000000001,92.0,36.2,33.675884,2.524115753173831
2023-03-20 18:00:00,36.2,44.300000000000004,27.0,2.2,83.0,39.2,38.107464,1.092536163330081
2023-03-20 19:00:00,39.2,46.400000000000006,39.400000000000006,2.5,65.0,39.6,41.25332,-1.6533187866210923
2023-03-20 20:00:00,39.6,47.0,60.7,2.6,40.0,38.2,42.830086,-4.630085754394528
2023-03-20 21:00:00,38.2,49.1,62.400000000000006,2.9000000000000004,28.0,39.900000000000006,41.456795,-1.5567947387695256
2023-03-20 22:00:00,39.900000000000006,49.400000000000006,62.800000000000004,2.8000000000000003,17.0,42.0,43.50814,-1.5081405639648438
2023-03-20 23:00:00,42.0,51.6,73.60000000000001,2.8000000000000003,13.0,46.800000000000004,45.86002,0.9399803161621136
2023-03-21 00:00:00,46.800000000000004,54.2,74.0,2.5,12.0,43.7,50.038456,-6.338455963134763
2023-03-21 01:00:00,43.7,62.2,58.5,2.4000000000000004,11.0,48.400000000000006,44.876747,3.5232528686523494
2023-03-21 02:00:00,48.400000000000006,65.8,57.800000000000004,2.3000000000000003,5.0,52.800000000000004,46.88311,5.9168899536132855
2023-03-21 03:00:00,52.800000000000004,58.5,57.5,2.5,5.0,44.5,49.119274,-4.619274139404297
2023-03-21 04:00:00,44.5,55.5,47.900000000000006,2.5,6.0,43.400000000000006,43.64194,-0.24194107055663494
2023-03-21 05:00:00,43.400000000000006,57.2,44.1,2.4000000000000004,5.0,46.1,44.11299,1.987008666992189
2023-03-21 06:00:00,46.1,59.400000000000006,49.6,2.7,2.0,47.900000000000006,47.088383,0.8116172790527401
2023-03-21 07:00:00,47.900000000000006,63.2,48.7,3.3000000000000003,5.0,48.800000000000004,48.635834,0.16416625976562926
2023-03-21 08:00:00,48.800000000000004,65.2,51.2,3.5,13.0,53.300000000000004,48.359108,4.940892028808598
2023-03-21 09:00:00,53.300000000000004,75.0,50.5,3.8000000000000003,19.0,51.2,51.137104,0.06289596557617472
2023-03-21 10:00:00,51.2,71.60000000000001,45.1,4.4,29.0,50.400000000000006,48.68174,1.7182601928710994
2023-03-21 11:00:00,50.400000000000006,66.8,41.800000000000004,5.2,46.0,47.800000000000004,48.447918,-0.6479179382324176
2023-03-21 12:00:00,47.800000000000004,65.9,35.7,4.5,67.0,47.400000000000006,46.731144,0.6688560485839901
2023-03-21 13:00:00,47.400000000000006,60.400000000000006,26.400000000000002,3.3000000000000003,82.0,44.800000000000004,45.602478,-0.8024780273437457
2023-03-21 14:00:00,44.800000000000004,56.0,20.0,3.1,91.0,41.7,42.383244,-0.6832435607910128
2023-03-21 15:00:00,41.7,52.2,19.200000000000003,2.8000000000000003,99.0,39.900000000000006,38.642548,1.2574523925781307
2023-03-21 16:00:00,39.900000000000006,52.7,18.8,2.8000000000000003,104.0,37.800000000000004,38.702396,-0.9023963928222614
2023-03-21 17:00:00,37.800000000000004,53.1,21.3,2.7,105.0,37.800000000000004,38.576763,-0.7767631530761676
2023-03-21 18:00:00,37.800000000000004,51.800000000000004,31.200000000000003,3.7,93.0,40.0,41.215828,-1.2158279418945312
2023-03-21 19:00:00,40.0,52.2,53.300000000000004,4.0,63.0,43.2,41.464336,1.735663604736331
2023-03-21 20:00:00,43.2,56.400000000000006,84.4,4.7,20.0,47.300000000000004,47.749054,-0.44905395507812074
2023-03-21 21:00:00,47.300000000000004,54.900000000000006,95.60000000000001,5.300000000000001,12.0,49.300000000000004,50.806812,-1.5068122863769489
2023-03-21 22:00:00,49.300000000000004,61.6,100.10000000000001,4.9,6.0,50.0,52.388393,-2.3883934020996094
2023-03-21 23:00:00,50.0,65.9,99.80000000000001,4.5,7.0,48.400000000000006,53.58167,-5.18166885375976
2023-03-22 00:00:00,48.400000000000006,66.60000000000001,100.0,5.2,2.0,56.300000000000004,51.38442,4.915581512451176
2023-03-22 01:00:00,56.300000000000004,69.7,95.0,5.1000000000000005,1.0,52.2,56.946938,-4.746937561035153
2023-03-22 02:00:00,52.2,66.9,88.5,3.6,2.0,54.300000000000004,54.009644,0.29035644531250426
2023-03-22 03:00:00,54.300000000000004,69.10000000000001,69.8,3.8000000000000003,2.0,53.6,56.266182,-2.66618194580078
2023-03-22 04:00:00,53.6,68.10000000000001,64.8,3.1,1.0,52.300000000000004,53.97103,-1.6710311889648395
2023-03-22 05:00:00,52.300000000000004,70.60000000000001,59.5,3.2,0.0,49.400000000000006,53.423336,-4.023336029052729
2023-03-22 06:00:00,49.400000000000006,69.9,56.1,3.2,1.0,48.900000000000006,51.73922,-2.839219665527338
2023-03-22 07:00:00,48.900000000000006,70.60000000000001,56.900000000000006,3.6,2.0,48.300000000000004,49.128696,-0.8286964416503864
2023-03-22 08:00:00,48.300000000000004,66.2,63.0,3.8000000000000003,3.0,49.400000000000006,48.699547,0.7004531860351619
2023-03-22 09:00:00,49.400000000000006,63.1,60.900000000000006,5.2,17.0,48.5,46.076534,2.4234657287597656
2023-03-22 10:00:00,48.5,64.8,54.300000000000004,6.4,35.0,50.900000000000006,45.12943,5.770571136474615
2023-03-22 11:00:00,50.900000000000006,67.2,50.6,6.2,55.0,44.2,48.000584,-3.800583648681638
2023-03-22 12:00:00,44.2,61.0,37.9,4.800000000000001,72.0,37.300000000000004,41.78987,-4.489871215820308
2023-03-22 13:00:00,37.300000000000004,56.0,28.8,3.8000000000000003,91.0,33.2,37.840317,-4.640316772460935
2023-03-22 14:00:00,33.2,49.1,22.3,3.2,99.0,29.1,32.773724,-3.6737236022949205
2023-03-22 15:00:00,29.1,44.400000000000006,20.1,2.8000000000000003,102.0,24.400000000000002,27.607172,-3.2071720123290994
2023-03-22 16:00:00,24.400000000000002,39.300000000000004,16.3,2.5,104.0,22.900000000000002,24.55649,-1.6564899444580057
2023-03-22 17:00:00,22.900000000000002,34.5,17.8,2.1,100.0,22.3,24.148567,-1.8485671997070305
2023-03-22 18:00:00,22.3,37.1,27.200000000000003,2.4000000000000004,93.0,26.700000000000003,24.660162,2.0398380279541044
2023-03-22 19:00:00,26.700000000000003,37.800000000000004,42.300000000000004,3.0,66.0,31.200000000000003,31.250761,-0.050761032104489345
2023-03-22 20:00:00,31.200000000000003,43.7,72.10000000000001,3.7,39.0,34.2,35.286118,-1.0861175537109347
2023-03-22 21:00:00,34.2,42.400000000000006,67.4,4.4,37.0,27.1,37.968056,-10.868055725097655
2023-03-22 22:00:00,27.1,38.7,46.7,4.1000000000000005,41.0,19.900000000000002,28.786798,-8.88679847717285
2023-03-22 23:00:00,19.900000000000002,27.200000000000003,39.2,4.2,48.0,18.400000000000002,19.69733,-1.2973304748535135
2023-03-23 00:00:00,18.400000000000002,29.1,29.5,3.9000000000000004,50.0,18.1,19.546951,-1.446951293945311
2023-03-23 01:00:00,18.1,24.6,28.3,3.8000000000000003,47.0,12.8,18.675035,-5.87503547668457
2023-03-23 02:00:00,12.8,17.6,27.900000000000002,3.9000000000000004,42.0,12.8,13.115495,-0.3154947280883782
2023-03-23 03:00:00,12.8,17.6,29.0,3.9000000000000004,38.0,11.700000000000001,13.3176565,-1.6176565170288075
2023-03-23 04:00:00,11.700000000000001,19.200000000000003,25.8,4.1000000000000005,39.0,12.8,13.042629,-0.24262924194335866
2023-03-23 05:00:00,12.8,20.3,26.900000000000002,3.6,45.0,13.700000000000001,13.844437,-0.14443664550781143
2023-03-23 06:00:00,13.700000000000001,20.0,25.6,3.7,46.0,13.4,15.589417,-2.189417457580566
2023-03-23 07:00:00,13.4,19.900000000000002,30.3,3.3000000000000003,40.0,14.5,15.888425,-1.3884248733520508
2023-03-23 08:00:00,14.5,21.1,38.0,2.8000000000000003,33.0,15.9,14.414926,1.4850744247436527
2023-03-23 09:00:00,15.9,25.200000000000003,36.6,2.4000000000000004,39.0,15.700000000000001,15.431708,0.2682916641235362
2023-03-23 10:00:00,15.700000000000001,24.200000000000003,26.900000000000002,2.5,55.0,14.9,15.128204,-0.22820434570312464
2023-03-23 11:00:00,14.9,23.400000000000002,22.8,2.6,63.0,13.9,14.8174515,-0.9174514770507809
2023-03-23 12:00:00,13.9,22.0,17.0,2.4000000000000004,72.0,14.0,13.418863,0.5811367034912109
2023-03-23 13:00:00,14.0,21.700000000000003,13.200000000000001,2.5,81.0,13.0,13.70948,-0.7094802856445312
2023-03-23 14:00:00,13.0,21.200000000000003,12.600000000000001,2.3000000000000003,88.0,12.700000000000001,12.86034,-0.16034011840820206
2023-03-23 15:00:00,12.700000000000001,21.3,12.3,2.3000000000000003,92.0,14.0,12.663597,1.3364028930664062
2023-03-23 16:00:00,14.0,20.700000000000003,13.700000000000001,2.3000000000000003,95.0,14.4,14.457049,-0.057049369812011363
2023-03-23 17:00:00,14.4,20.8,14.700000000000001,2.3000000000000003,92.0,12.200000000000001,15.325696,-3.125695991516112
2023-03-23 18:00:00,12.200000000000001,19.5,19.200000000000003,3.0,86.0,12.200000000000001,14.535991,-2.3359907150268544
2023-03-23 19:00:00,12.200000000000001,18.900000000000002,24.6,3.1,74.0,12.100000000000001,14.606792,-2.5067924499511705
2023-03-23 20:00:00,12.100000000000001,18.2,24.6,3.2,70.0,11.200000000000001,14.143145,-2.9431446075439442
2023-03-23 21:00:00,11.200000000000001,17.8,22.3,2.9000000000000004,71.0,10.700000000000001,12.894478,-2.19447784423828
2023-03-23 22:00:00,10.700000000000001,16.900000000000002,19.200000000000003,3.5,71.0,10.200000000000001,11.65417,-1.454170036315917
2023-03-23 23:00:00,10.200000000000001,16.7,19.0,2.9000000000000004,71.0,11.5,10.834722,0.665278434753418
2023-03-24 00:00:00,11.5,16.6,18.6,2.6,62.0,10.0,11.803376,-1.8033761978149414
2023-03-24 01:00:00,10.0,17.2,19.900000000000002,2.7,58.0,9.700000000000001,10.658761,-0.9587610244750966
2023-03-24 02:00:00,9.700000000000001,15.5,19.400000000000002,2.9000000000000004,54.0,8.5,10.359244,-1.8592443466186523
2023-03-24 03:00:00,8.5,14.8,19.200000000000003,3.2,51.0,10.100000000000001,9.2960825,0.803917503356935
2023-03-24 04:00:00,10.100000000000001,15.100000000000001,19.8,2.7,47.0,11.200000000000001,10.986938,0.21306152343750107
2023-03-24 05:00:00,11.200000000000001,13.5,21.700000000000003,2.8000000000000003,46.0,10.100000000000001,11.701133,-1.601132774353026
2023-03-24 06:00:00,10.100000000000001,13.100000000000001,22.900000000000002,2.8000000000000003,42.0,12.4,11.333461,1.0665391921997074
2023-03-24 07:00:00,12.4,13.700000000000001,31.8,2.7,34.0,10.5,13.202403,-2.7024030685424805
2023-03-24 08:00:00,10.5,16.400000000000002,40.1,2.7,40.0,9.8,11.126312,-1.3263122558593743
2023-03-24 09:00:00,9.8,14.600000000000001,32.1,2.7,43.0,10.5,9.337628,1.1623716354370117
2023-03-24 10:00:00,10.5,16.900000000000002,26.200000000000003,2.6,52.0,10.0,10.407984,-0.40798377990722656
2023-03-24 11:00:00,10.0,14.9,22.0,2.8000000000000003,63.0,8.1,9.92933,-1.829329872131348
2023-03-24 12:00:00,8.1,15.4,18.3,2.4000000000000004,70.0,8.1,8.436689,-0.33668937683105504
2023-03-24 13:00:00,8.1,14.4,13.9,2.4000000000000004,74.0,6.9,8.430452,-1.5304523468017575
2023-03-24 14:00:00,6.9,13.3,11.4,2.2,79.0,6.2,7.273449,-1.0734489440917967
2023-03-24 15:00:00,6.2,12.9,10.9,1.9000000000000001,80.0,5.9,6.607631,-0.7076312065124508
2023-03-24 16:00:00,5.9,12.8,12.4,1.9000000000000001,79.0,6.800000000000001,7.200091,-0.4000908851623528
2023-03-24 17:00:00,6.800000000000001,13.4,16.5,2.0,77.0,6.5,8.036932,-1.5369319915771484
2023-03-24 18:00:00,6.5,12.5,19.8,2.2,71.0,7.1000000000000005,8.3374195,-1.2374195098876948
2023-03-24 19:00:00,7.1000000000000005,13.200000000000001,21.5,2.4000000000000004,63.0,7.9,8.951722,-1.051722145080566
2023-03-24 20:00:00,7.9,13.200000000000001,20.3,2.4000000000000004,66.0,7.800000000000001,9.623943,-1.8239433288574212
2023-03-24 21:00:00,7.800000000000001,12.200000000000001,18.3,2.5,69.0,7.4,9.019165,-1.6191650390624996
2023-03-24 22:00:00,7.4,12.0,16.400000000000002,2.6,68.0,8.1,7.8681107,0.2318893432617184
2023-03-24 23:00:00,8.1,13.4,14.0,2.5,67.0,7.4,8.36944,-0.9694400787353512
2023-03-25 00:00:00,7.4,13.200000000000001,13.5,2.3000000000000003,64.0,8.1,7.8940773,0.20592269897460902
2023-03-25 01:00:00,8.1,12.5,13.4,2.5,60.0,7.300000000000001,8.647992,-1.3479921340942376
2023-03-25 02:00:00,7.300000000000001,12.5,12.700000000000001,2.1,61.0,7.800000000000001,7.9769673,-0.17696733474731374
2023-03-25 03:00:00,7.800000000000001,11.0,13.600000000000001,2.2,53.0,7.800000000000001,8.114184,-0.314184379577636
2023-03-25 04:00:00,7.800000000000001,13.9,15.200000000000001,2.0,44.0,11.5,8.455164,3.0448360443115234
2023-03-25 05:00:00,11.5,12.9,17.400000000000002,2.0,37.0,12.5,11.357208,1.142791748046875
2023-03-25 06:00:00,12.5,12.600000000000001,19.0,1.9000000000000001,32.0,15.4,12.342914,3.0570863723754886
2023-03-25 07:00:00,15.4,13.5,24.8,2.3000000000000003,26.0,14.5,15.10316,-0.6031599044799805
2023-03-25 08:00:00,14.5,16.3,28.1,3.1,25.0,11.5,14.040608,-2.5406084060668945
2023-03-25 09:00:00,11.5,15.9,22.8,3.1,35.0,12.700000000000001,11.203681,1.4963190078735362
2023-03-25 10:00:00,12.700000000000001,16.1,17.8,3.2,50.0,8.200000000000001,11.920462,-3.720461654663085
2023-03-25 11:00:00,8.200000000000001,11.700000000000001,14.100000000000001,2.9000000000000004,60.0,8.0,8.378135,-0.37813472747802734
2023-03-25 12:00:00,8.0,12.100000000000001,12.0,2.6,69.0,7.4,8.388161,-0.9881607055664059
2023-03-25 13:00:00,7.4,11.0,10.600000000000001,2.5,74.0,6.800000000000001,7.490593,-0.690592956542968
2023-03-25 14:00:00,6.800000000000001,12.200000000000001,9.600000000000001,2.1,78.0,6.800000000000001,7.0067687,-0.20676870346069265
2023-03-25 15:00:00,6.800000000000001,11.4,8.700000000000001,2.0,88.0,6.4,7.0571756,-0.6571756362915036
2023-03-25 16:00:00,6.4,10.0,8.0,2.0,85.0,5.800000000000001,7.1654096,-1.3654095649719231
2023-03-25 17:00:00,5.800000000000001,8.200000000000001,9.3,1.8,87.0,7.1000000000000005,6.299666,0.8003340721130376
2023-03-25 18:00:00,7.1000000000000005,7.9,14.9,2.3000000000000003,79.0,7.800000000000001,7.9317474,-0.1317474365234368
2023-03-25 19:00:00,7.800000000000001,8.8,24.3,2.7,68.0,8.700000000000001,9.664834,-0.9648340225219716
2023-03-25 20:00:00,8.700000000000001,10.4,34.5,2.4000000000000004,55.0,9.9,10.799521,-0.899521446228027
2023-03-25 21:00:00,9.9,11.3,39.0,2.4000000000000004,51.0,10.700000000000001,11.839128,-1.1391275405883778
2023-03-25 22:00:00,10.700000000000001,9.4,43.800000000000004,2.6,43.0,11.4,10.781686,0.6183141708374027
2023-03-25 23:00:00,11.4,10.200000000000001,42.5,2.7,35.0,12.200000000000001,11.159372,1.040627670288087
2023-03-26 00:00:00,12.200000000000001,11.4,44.5,2.9000000000000004,28.0,11.600000000000001,12.822944,-1.2229436874389634
2023-03-26 01:00:00,11.600000000000001,12.4,43.7,3.2,18.0,11.600000000000001,11.782872,-0.1828722000122056
2023-03-26 03:00:00,11.600000000000001,12.9,35.9,2.8000000000000003,23.0,12.3,12.008434,0.29156570434570384
2023-03-26 04:00:00,12.3,15.8,32.5,2.8000000000000003,18.0,14.200000000000001,12.9325075,1.2674924850463878
2023-03-26 05:00:00,14.200000000000001,18.2,39.800000000000004,2.8000000000000003,12.0,14.200000000000001,15.499699,-1.2996986389160146
2023-03-26 06:00:00,14.200000000000001,16.6,40.400000000000006,2.6,10.0,15.100000000000001,15.973998,-0.8739980697631822
2023-03-26 07:00:00,15.100000000000001,17.7,36.4,2.7,12.0,14.700000000000001,16.757568,-2.057568359374999
2023-03-26 08:00:00,14.700000000000001,18.2,28.400000000000002,2.7,20.0,15.5,14.390284,1.1097164154052734
2023-03-26 09:00:00,15.5,19.5,25.5,2.5,30.0,13.200000000000001,14.550875,-1.3508747100830067
2023-03-26 10:00:00,13.200000000000001,16.6,21.200000000000003,2.8000000000000003,39.0,13.5,12.526642,0.973358154296875
2023-03-26 11:00:00,13.5,18.2,17.900000000000002,2.8000000000000003,51.0,13.600000000000001,13.287387,0.3126131057739272
2023-03-26 12:00:00,13.600000000000001,19.700000000000003,13.0,2.7,61.0,12.5,13.578924,-1.0789241790771484
2023-03-26 13:00:00,12.5,16.900000000000002,12.8,2.9000000000000004,67.0,10.4,12.444045,-2.0440450668334957
2023-03-26 14:00:00,10.4,14.3,12.5,2.9000000000000004,71.0,10.4,10.724648,-0.3246484756469723
2023-03-26 15:00:00,10.4,15.100000000000001,12.4,2.8000000000000003,70.0,11.600000000000001,11.123659,0.4763408660888686
2023-03-26 16:00:00,11.600000000000001,15.8,13.4,2.6,71.0,12.200000000000001,12.379013,-0.17901306152343643
2023-03-26 17:00:00,12.200000000000001,14.700000000000001,15.700000000000001,2.7,68.0,11.200000000000001,13.074225,-1.8742254257202138
2023-03-26 18:00:00,11.200000000000001,14.200000000000001,18.2,2.5,61.0,11.5,12.618938,-1.1189384460449219
2023-03-26 19:00:00,11.5,12.700000000000001,22.3,3.1,56.0,11.4,13.076583,-1.6765829086303707
2023-03-26 20:00:00,11.4,14.100000000000001,30.3,3.3000000000000003,45.0,13.100000000000001,13.473928,-0.3739284515380845
2023-03-26 21:00:00,13.100000000000001,15.600000000000001,33.4,3.0,35.0,16.0,14.233976,1.7660236358642578
2023-03-26 22:00:00,16.0,15.200000000000001,41.5,3.2,31.0,16.1,16.431488,-0.3314880371093736
2023-03-26 23:00:00,16.1,14.8,42.5,3.2,32.0,17.0,15.827765,1.1722345352172852
2023-03-27 00:00:00,17.0,15.100000000000001,34.9,3.5,31.0,15.5,16.786245,-1.286245346069336
2023-03-27 01:00:00,15.5,15.100000000000001,31.200000000000003,2.8000000000000003,31.0,12.100000000000001,14.974815,-2.8748153686523423
2023-03-27 02:00:00,12.100000000000001,13.9,27.400000000000002,2.5,34.0,11.9,12.268577,-0.368576622009277
2023-03-27 03:00:00,11.9,13.5,22.6,2.6,40.0,10.0,12.092761,-2.0927610397338867
2023-03-27 04:00:00,10.0,10.8,19.1,2.4000000000000004,41.0,7.9,10.066777,-2.1667772293090817
2023-03-27 05:00:00,7.9,10.3,15.600000000000001,2.4000000000000004,37.0,8.700000000000001,8.359898,0.34010238647461044
2023-03-27 06:00:00,8.700000000000001,9.3,17.2,2.2,46.0,7.7,9.209672,-1.5096719741821287
2023-03-27 07:00:00,7.7,9.1,20.700000000000003,2.5,46.0,9.3,8.407772,0.8922279357910163
2023-03-27 08:00:00,9.3,10.5,24.900000000000002,2.8000000000000003,45.0,7.9,8.773052,-0.8730522155761715
2023-03-27 09:00:00,7.9,9.200000000000001,30.5,2.6,45.0,5.800000000000001,7.453314,-1.6533138275146477
2023-03-27 10:00:00,5.800000000000001,8.6,29.8,2.2,47.0,5.2,5.247042,-0.04704217910766584
2023-03-27 11:00:00,5.2,7.4,22.700000000000003,1.9000000000000001,57.0,4.5,5.048367,-0.5483670234680176
2023-03-27 12:00:00,4.5,7.2,15.3,1.6,74.0,4.2,4.3127575,-0.11275749206542951
2023-03-27 13:00:00,4.2,6.5,10.4,1.4000000000000001,75.0,4.3,3.8244538,0.4755461692810057
2023-03-27 14:00:00,4.3,6.4,9.4,1.2000000000000002,81.0,4.6000000000000005,3.8848991,0.7151008605957037
2023-03-27 15:00:00,4.6000000000000005,7.0,9.3,1.4000000000000001,86.0,4.4,4.2365212,0.1634787559509281
2023-03-27 16:00:00,4.4,6.6000000000000005,8.200000000000001,1.2000000000000002,88.0,5.2,4.4176745,0.7823254585266115
2023-03-27 17:00:00,5.2,7.300000000000001,8.3,1.6,89.0,6.2,5.5029583,0.697041702270508
2023-03-27 18:00:00,6.2,7.1000000000000005,9.3,1.3,86.0,6.6000000000000005,6.050767,0.5492330551147466
2023-03-27 19:00:00,6.6000000000000005,7.4,11.100000000000001,1.4000000000000001,86.0,6.5,6.8780813,-0.3780813217163086
2023-03-27 20:00:00,6.5,7.5,12.600000000000001,1.7000000000000002,87.0,6.5,7.035516,-0.5355157852172852
2023-03-27 21:00:00,6.5,8.3,13.700000000000001,1.8,87.0,5.4,6.773539,-1.373539066314697
2023-03-27 22:00:00,5.4,7.1000000000000005,15.5,2.0,83.0,5.300000000000001,5.634262,-0.3342620849609368
2023-03-27 23:00:00,5.300000000000001,6.5,14.5,2.9000000000000004,84.0,5.800000000000001,5.2526245,0.5473754882812507
2023-03-28 00:00:00,5.800000000000001,6.9,13.4,2.8000000000000003,80.0,7.4,5.960836,1.4391640663146976
2023-03-28 01:00:00,7.4,7.5,11.8,3.1,81.0,6.0,7.2623043,-1.2623043060302734
2023-03-28 02:00:00,6.0,7.2,10.3,2.8000000000000003,85.0,5.9,6.3875847,-0.4875846862792965
2023-03-28 03:00:00,5.9,8.5,11.600000000000001,1.9000000000000001,78.0,6.6000000000000005,5.96001,0.6399899482727056
2023-03-28 04:00:00,6.6000000000000005,9.8,10.5,1.7000000000000002,75.0,6.1000000000000005,6.931449,-0.8314489364624018
2023-03-28 05:00:00,6.1000000000000005,9.600000000000001,12.3,1.8,76.0,5.800000000000001,6.409843,-0.6098429679870598
2023-03-28 06:00:00,5.800000000000001,8.6,15.9,1.9000000000000001,65.0,5.800000000000001,6.582939,-0.782939147949218
2023-03-28 07:00:00,5.800000000000001,8.6,17.2,2.0,64.0,7.0,6.6798906,0.32010936737060547
2023-03-28 08:00:00,7.0,10.600000000000001,27.0,2.4000000000000004,59.0,6.2,7.204651,-1.0046508789062498
2023-03-28 09:00:00,6.2,12.100000000000001,40.0,2.4000000000000004,54.0,6.4,6.504366,-0.10436592102050746
2023-03-28 10:00:00,6.4,11.700000000000001,34.0,2.3000000000000003,43.0,6.1000000000000005,6.2580624,-0.1580623626708979
2023-03-28 11:00:00,6.1000000000000005,12.0,33.2,2.0,56.0,7.300000000000001,6.3011475,0.9988525390625007
2023-03-28 12:00:00,7.300000000000001,12.4,24.200000000000003,2.1,66.0,8.0,7.6442075,0.3557925224304199
2023-03-28 13:00:00,8.0,11.700000000000001,18.5,1.7000000000000002,75.0,7.300000000000001,7.9294276,-0.6294276237487786
2023-03-28 14:00:00,7.300000000000001,11.9,14.8,1.7000000000000002,81.0,7.7,7.304523,0.39547700881958026
2023-03-28 15:00:00,7.7,10.600000000000001,12.600000000000001,1.8,85.0,7.2,7.6325197,-0.4325197219848631
2023-03-28 16:00:00,7.2,11.100000000000001,13.5,2.3000000000000003,87.0,7.6000000000000005,7.8414016,-0.24140157699584908
2023-03-28 17:00:00,7.6000000000000005,10.4,13.9,2.4000000000000004,87.0,6.5,8.444247,-1.9442472457885742
2023-03-28 18:00:00,6.5,10.600000000000001,13.0,2.1,83.0,7.4,7.5398865,-0.13988647460937464
2023-03-28 19:00:00,7.4,10.100000000000001,18.8,2.3000000000000003,80.0,7.800000000000001,8.892957,-1.0929567337036126
2023-03-28 20:00:00,7.800000000000001,10.4,27.8,3.2,71.0,9.9,9.804041,0.09595909118652379
2023-03-28 21:00:00,9.9,12.600000000000001,30.6,3.1,61.0,8.5,11.679365,-3.1793651580810547
2023-03-28 22:00:00,8.5,12.200000000000001,34.1,3.7,62.0,6.0,9.427008,-3.4270076751708984
2023-03-28 23:00:00,6.0,9.3,30.5,4.4,65.0,6.5,6.5468574,-0.046857357025146484
2023-03-29 00:00:00,6.5,9.600000000000001,22.900000000000002,3.8000000000000003,61.0,6.1000000000000005,6.8966465,-0.7966464996337885
2023-03-29 01:00:00,6.1000000000000005,9.9,19.200000000000003,3.1,68.0,6.7,6.830311,-0.13031082153320295
2023-03-29 02:00:00,6.7,10.4,23.1,3.6,62.0,9.5,7.358827,2.1411728858947754
2023-03-29 03:00:00,9.5,13.600000000000001,28.8,3.6,54.0,11.3,11.0379715,0.26202850341796946
2023-03-29 04:00:00,11.3,15.200000000000001,27.1,3.6,53.0,9.3,12.362861,-3.062860679626464
2023-03-29 05:00:00,9.3,16.0,30.1,3.6,48.0,10.600000000000001,10.930061,-0.33006134033202983
2023-03-29 06:00:00,10.600000000000001,14.5,30.1,4.0,38.0,10.3,12.774195,-2.474194717407226
2023-03-29 07:00:00,10.3,15.3,34.6,3.7,33.0,11.100000000000001,12.490016,-1.3900159835815415
2023-03-29 08:00:00,11.100000000000001,16.3,44.0,4.5,30.0,11.200000000000001,11.014965,0.1850349426269542
2023-03-29 09:00:00,11.200000000000001,18.0,51.7,3.6,24.0,10.9,11.114295,-0.2142950057983395
2023-03-29 10:00:00,10.9,16.900000000000002,45.900000000000006,3.4000000000000004,25.0,11.5,10.364063,1.1359367370605469
2023-03-29 11:00:00,11.5,19.200000000000003,44.400000000000006,2.9000000000000004,38.0,11.0,11.571417,-0.5714168548583984
2023-03-29 12:00:00,11.0,19.400000000000002,34.2,3.3000000000000003,57.0,11.0,11.263666,-0.26366615295410156
2023-03-29 13:00:00,11.0,19.5,24.700000000000003,3.2,67.0,9.9,11.312062,-1.4120622634887692
2023-03-29 14:00:00,9.9,19.3,18.7,2.6,79.0,8.9,10.88284,-1.9828401565551754
2023-03-29 15:00:00,8.9,18.7,14.200000000000001,2.5,83.0,8.6,9.646846,-1.0468458175659183
2023-03-29 16:00:00,8.6,18.8,13.0,2.5,89.0,9.5,9.405244,0.0947561264038086
2023-03-29 17:00:00,9.5,19.1,12.600000000000001,2.6,93.0,10.5,11.728086,-1.2280864715576172
2023-03-29 18:00:00,10.5,18.8,13.700000000000001,2.6,90.0,10.4,12.31571,-1.915710067749023
2023-03-29 19:00:00,10.4,19.6,19.6,3.3000000000000003,86.0,10.3,13.576899,-3.276898574829101
2023-03-29 20:00:00,10.3,19.200000000000003,26.900000000000002,3.0,77.0,12.200000000000001,13.331921,-1.1319206237792958
2023-03-29 21:00:00,12.200000000000001,19.6,28.6,4.2,69.0,11.3,14.2349205,-2.9349205017089837
2023-03-29 22:00:00,11.3,19.3,26.700000000000003,3.7,71.0,9.3,13.022668,-3.7226678848266594
2023-03-29 23:00:00,9.3,18.0,20.400000000000002,3.5,69.0,9.700000000000001,10.288706,-0.588705825805663
2023-03-30 00:00:00,9.700000000000001,18.0,18.2,3.4000000000000004,70.0,9.8,10.290892,-0.4908916473388665
2023-03-30 01:00:00,9.8,16.5,17.3,2.4000000000000004,63.0,11.8,9.9839945,1.8160055160522468
2023-03-30 02:00:00,11.8,17.5,18.6,3.2,59.0,12.100000000000001,12.297035,-0.19703521728515483
2023-03-30 03:00:00,12.100000000000001,17.5,18.5,3.2,57.0,13.0,12.700639,0.2993612289428711
2023-03-30 04:00:00,13.0,18.2,17.5,3.3000000000000003,54.0,11.0,13.577916,-2.577916145324707
2023-03-30 05:00:00,11.0,22.3,18.3,3.0,53.0,11.100000000000001,12.433544,-1.3335441589355455
2023-03-30 06:00:00,11.100000000000001,19.700000000000003,20.1,2.7,45.0,15.0,12.943923,2.056077003479004
2023-03-30 07:00:00,15.0,21.0,26.1,3.1,32.0,16.6,16.610624,-0.010624313354490766
2023-03-30 08:00:00,16.6,23.400000000000002,41.400000000000006,3.7,23.0,14.3,16.759964,-2.459963989257812
2023-03-30 09:00:00,14.3,23.0,45.1,3.7,26.0,12.100000000000001,13.803314,-1.7033142089843736
2023-03-30 10:00:00,12.100000000000001,22.3,42.800000000000004,3.0,21.0,8.9,12.251601,-3.3516012191772457
2023-03-30 11:00:00,8.9,19.400000000000002,41.6,2.2,30.0,9.0,9.797849,-0.7978487014770508
2023-03-30 12:00:00,9.0,20.8,36.800000000000004,1.8,32.0,10.4,9.636668,0.7633317947387699
2023-03-30 13:00:00,10.4,21.400000000000002,33.300000000000004,2.4000000000000004,37.0,12.0,10.584382,1.4156179428100586
2023-03-30 14:00:00,12.0,21.8,22.400000000000002,2.4000000000000004,50.0,11.5,12.3948345,-0.8948345184326172
2023-03-30 15:00:00,11.5,20.400000000000002,23.3,3.0,60.0,10.5,12.772248,-2.2722482681274414
2023-03-30 16:00:00,10.5,21.200000000000003,19.0,3.0,71.0,11.600000000000001,12.052874,-0.4528736114501939
2023-03-30 17:00:00,11.600000000000001,18.8,14.8,3.1,76.0,9.5,12.647249,-3.147249221801758
2023-03-30 18:00:00,9.5,16.3,14.200000000000001,3.0,79.0,10.8,11.233427,-0.4334270477294915
2023-03-30 19:00:00,10.8,17.6,18.2,3.5,73.0,11.3,13.003483,-1.703482818603515
2023-03-30 20:00:00,11.3,18.0,28.6,3.5,62.0,10.4,13.586612,-3.186611747741699
2023-03-30 21:00:00,10.4,17.400000000000002,26.3,3.2,53.0,10.100000000000001,12.623924,-2.5239242553710923
2023-03-30 22:00:00,10.100000000000001,17.400000000000002,26.8,3.4000000000000004,63.0,9.4,11.694065,-2.2940650939941403
2023-03-30 23:00:00,9.4,18.1,21.0,3.6,65.0,9.4,10.46224,-1.0622402191162106
2023-03-31 00:00:00,9.4,17.5,19.400000000000002,4.0,63.0,9.4,10.427091,-1.0270906448364254
2023-03-31 01:00:00,9.4,16.5,16.8,3.5,60.0,9.4,9.962474,-0.5624738693237301
2023-03-31 02:00:00,9.4,16.1,17.6,2.6,54.0,9.700000000000001,10.335637,-0.635637092590331
2023-03-31 03:00:00,9.700000000000001,17.1,19.900000000000002,3.2,57.0,9.8,10.744824,-0.9448244094848626
2023-03-31 04:00:00,9.8,17.0,18.900000000000002,3.5,57.0,9.0,10.98024,-1.9802398681640625
2023-03-31 05:00:00,9.0,16.7,18.7,3.7,50.0,10.5,10.1616535,0.3383464813232422
2023-03-31 06:00:00,10.5,18.5,20.3,3.9000000000000004,52.0,12.4,12.724152,-0.32415161132812464
2023-03-31 07:00:00,12.4,21.0,25.3,4.5,34.0,14.9,14.215109,0.6848911285400394
2023-03-31 08:00:00,14.9,23.6,40.400000000000006,5.0,36.0,13.3,15.459446,-2.15944595336914
2023-03-31 09:00:00,13.3,24.3,48.2,5.1000000000000005,28.0,14.3,12.564389,1.7356107711792
2023-03-31 10:00:00,14.3,24.200000000000003,42.1,4.3,29.0,14.0,13.537015,0.4629850387573242
2023-03-31 11:00:00,14.0,24.1,42.5,4.2,34.0,12.700000000000001,14.111778,-1.4117782592773427
2023-03-31 12:00:00,12.700000000000001,24.6,38.800000000000004,4.2,48.0,13.0,12.356322,0.6436777114868164
2023-03-31 13:00:00,13.0,23.1,28.3,3.9000000000000004,59.0,12.9,13.380801,-0.48080120086669886
2023-03-31 14:00:00,12.9,22.8,25.8,3.8000000000000003,61.0,13.4,13.336184,0.06381645202636754
2023-03-31 15:00:00,13.4,21.8,23.1,3.4000000000000004,68.0,13.5,14.224477,-0.7244768142700195
2023-03-31 16:00:00,13.5,21.5,21.8,3.2,70.0,12.4,14.905684,-2.5056844711303707
2023-03-31 17:00:00,12.4,20.6,24.700000000000003,3.2,67.0,14.100000000000001,14.486574,-0.3865741729736314
2023-03-31 18:00:00,14.100000000000001,22.1,26.0,3.6,65.0,12.700000000000001,16.712797,-4.012797164916991
2023-03-31 19:00:00,12.700000000000001,19.700000000000003,28.5,3.4000000000000004,60.0,14.4,15.140303,-0.7403026580810543
2023-03-31 20:00:00,14.4,18.900000000000002,39.0,3.4000000000000004,49.0,14.600000000000001,16.822441,-2.2224411010742173
2023-03-31 21:00:00,14.600000000000001,19.3,40.2,3.0,40.0,15.4,16.554544,-1.1545444488525387
2023-03-31 22:00:00,15.4,18.400000000000002,45.1,3.1,42.0,16.6,16.445194,0.1548057556152358
2023-03-31 23:00:00,16.6,19.3,50.1,3.3000000000000003,25.0,14.5,17.17138,-2.6713790893554688
2023-04-01 00:00:00,14.5,21.1,41.300000000000004,3.0,20.0,16.2,15.25398,0.946020317077636
2023-04-01 01:00:00,16.2,22.0,40.7,2.2,25.0,16.5,17.312424,-0.8124237060546875
2023-04-01 02:00:00,16.5,25.700000000000003,36.5,2.9000000000000004,28.0,18.2,17.795639,0.4043609619140618
2023-04-01 03:00:00,18.2,23.8,33.7,3.3000000000000003,23.0,17.6,18.774166,-1.174166107177733
2023-04-01 04:00:00,17.6,20.3,30.400000000000002,3.6,27.0,13.8,17.589193,-3.7891933441162102
2023-04-01 05:00:00,13.8,17.7,25.700000000000003,3.2,25.0,12.9,14.391437,-1.4914365768432614
2023-04-01 06:00:00,12.9,16.1,23.3,3.2,25.0,12.8,13.719044,-0.9190437316894524
2023-04-01 07:00:00,12.8,15.200000000000001,25.700000000000003,2.7,24.0,13.600000000000001,13.55649,0.04351005554199361
2023-04-01 08:00:00,13.600000000000001,16.7,27.200000000000003,2.8000000000000003,19.0,13.9,13.565631,0.33436908721923864
2023-04-01 09:00:00,13.9,16.7,28.400000000000002,3.4000000000000004,20.0,12.200000000000001,13.302696,-1.1026962280273427
2023-04-01 10:00:00,12.200000000000001,16.400000000000002,29.1,2.9000000000000004,26.0,11.200000000000001,11.908732,-0.7087324142456044
2023-04-01 11:00:00,11.200000000000001,15.3,24.0,3.2,35.0,7.5,11.181279,-3.681279182434082
2023-04-01 12:00:00,7.5,12.3,19.8,3.2,45.0,7.7,7.545382,0.15461797714233416
2023-04-01 13:00:00,7.7,11.8,15.9,2.0,57.0,5.1000000000000005,8.002286,-2.9022859573364252
2023-04-01 14:00:00,5.1000000000000005,8.4,12.700000000000001,1.8,66.0,5.800000000000001,5.375241,0.42475919723510813
2023-04-01 15:00:00,5.800000000000001,9.8,11.3,2.3000000000000003,71.0,6.800000000000001,6.2952166,0.5047834396362312
2023-04-01 16:00:00,6.800000000000001,9.600000000000001,10.3,2.4000000000000004,75.0,7.1000000000000005,7.1888876,-0.08888759613037056
2023-04-01 17:00:00,7.1000000000000005,9.5,8.700000000000001,2.0,80.0,7.0,7.199629,-0.1996288299560547
2023-04-01 18:00:00,7.0,8.700000000000001,12.0,2.6,81.0,6.5,7.579109,-1.0791091918945312
2023-04-01 19:00:00,6.5,8.1,18.2,2.6,79.0,7.300000000000001,8.134767,-0.8347665786743157
2023-04-01 20:00:00,7.300000000000001,8.6,23.0,2.7,71.0,7.9,8.719927,-0.819926834106445
2023-04-01 21:00:00,7.9,9.4,25.900000000000002,2.9000000000000004,64.0,9.3,9.4355755,-0.13557548522949148
2023-04-01 22:00:00,9.3,10.600000000000001,31.1,3.0,48.0,10.8,10.457848,0.34215240478515696
2023-04-01 23:00:00,10.8,11.200000000000001,33.1,2.7,36.0,9.9,11.486661,-1.5866609573364254
2023-04-02 00:00:00,9.9,11.8,35.800000000000004,2.7,33.0,10.0,10.751814,-0.7518138885498047
2023-04-02 01:00:00,10.0,11.8,38.1,2.8000000000000003,29.0,9.5,10.477371,-0.9773712158203125
2023-04-02 02:00:00,9.5,10.0,27.8,2.8000000000000003,30.0,9.3,9.553978,-0.25397796630859304
2023-04-02 03:00:00,9.3,10.4,27.700000000000003,2.9000000000000004,30.0,14.4,9.74605,4.653950119018555
2023-04-02 04:00:00,14.4,15.700000000000001,30.700000000000003,2.8000000000000003,28.0,17.6,14.534723,3.06527671813965
2023-04-02 05:00:00,17.6,16.1,24.6,2.6,23.0,15.600000000000001,16.89382,-1.2938198089599595
2023-04-02 06:00:00,15.600000000000001,16.5,27.700000000000003,2.9000000000000004,25.0,17.900000000000002,15.934009,1.9659914016723654
2023-04-02 07:00:00,17.900000000000002,17.3,29.0,3.0,27.0,16.7,18.292044,-1.5920436859130866
2023-04-02 08:00:00,16.7,18.5,31.200000000000003,3.0,27.0,12.8,15.6609535,-2.860953521728515
2023-04-02 09:00:00,12.8,17.1,22.900000000000002,2.7,31.0,12.8,12.00407,0.7959297180175788
2023-04-02 10:00:00,12.8,17.6,23.8,2.3000000000000003,42.0,10.700000000000001,12.143698,-1.4436977386474599
2023-04-02 11:00:00,10.700000000000001,16.7,21.5,2.8000000000000003,53.0,11.700000000000001,10.736671,0.9633285522460948
2023-04-02 12:00:00,11.700000000000001,16.7,16.0,3.2,63.0,12.700000000000001,11.475743,1.224256706237794
2023-04-02 13:00:00,12.700000000000001,18.400000000000002,13.4,2.6,74.0,13.3,12.464557,0.835443305969239
2023-04-02 14:00:00,13.3,19.1,10.100000000000001,2.6,81.0,13.4,13.398573,0.0014270782470706678
2023-04-02 15:00:00,13.4,19.1,10.600000000000001,2.7,86.0,11.9,13.719986,-1.8199859619140621
2023-04-02 16:00:00,11.9,16.5,11.5,2.9000000000000004,89.0,10.100000000000001,12.3033905,-2.203390502929686
2023-04-02 17:00:00,10.100000000000001,15.100000000000001,10.9,2.7,89.0,10.3,10.945329,-0.6453287124633782
2023-04-02 18:00:00,10.3,13.8,12.100000000000001,2.7,89.0,12.100000000000001,10.998441,1.1015592575073256
2023-04-02 19:00:00,12.100000000000001,15.600000000000001,13.4,2.9000000000000004,86.0,12.700000000000001,13.041508,-0.34150772094726456
2023-04-02 20:00:00,12.700000000000001,15.4,19.200000000000003,2.8000000000000003,80.0,12.9,14.109148,-1.209148025512695
2023-04-02 21:00:00,12.9,14.8,25.5,2.6,69.0,13.9,13.737004,0.16299571990966832
2023-04-02 22:00:00,13.9,14.4,31.6,2.9000000000000004,59.0,14.8,14.742453,0.05754737854003977
2023-04-02 23:00:00,14.8,14.600000000000001,34.5,3.0,48.0,13.4,15.70598,-2.30598030090332
2023-04-03 00:00:00,13.4,16.0,42.1,3.1,32.0,15.8,14.093678,1.7063215255737312
2023-04-03 01:00:00,15.8,17.400000000000002,44.6,3.0,26.0,16.2,15.622467,0.5775329589843743
2023-04-03 02:00:00,16.2,17.1,41.7,3.0,19.0,16.7,15.947696,0.7523042678833001
2023-04-03 03:00:00,16.7,18.400000000000002,39.1,2.7,16.0,15.3,16.65319,-1.353190612792968
2023-04-03 04:00:00,15.3,17.6,36.0,2.7,15.0,15.0,15.790559,-0.7905588150024414
2023-04-03 05:00:00,15.0,17.2,36.6,2.5,17.0,17.3,15.833233,1.4667671203613288
2023-04-03 06:00:00,17.3,18.5,30.8,2.2,11.0,19.400000000000002,18.125826,1.2741741180419943
2023-04-03 07:00:00,19.400000000000002,22.3,43.2,2.3000000000000003,10.0,19.8,21.06377,-1.2637702941894524
2023-04-03 08:00:00,19.8,23.6,46.1,2.8000000000000003,9.0,18.3,20.424904,-2.1249038696289055
2023-04-03 09:00:00,18.3,20.5,43.7,2.6,14.0,12.0,16.737839,-4.7378387451171875
2023-04-03 10:00:00,12.0,19.3,33.7,2.8000000000000003,26.0,12.5,11.781933,0.7180671691894531
2023-04-03 11:00:00,12.5,18.900000000000002,31.1,2.8000000000000003,37.0,13.100000000000001,11.874824,1.2251764297485366
2023-04-03 12:00:00,13.100000000000001,18.5,19.8,2.9000000000000004,50.0,14.200000000000001,12.583046,1.6169540405273448
2023-04-03 13:00:00,14.200000000000001,18.900000000000002,15.700000000000001,2.8000000000000003,59.0,14.3,13.926985,0.373015213012696
2023-04-03 14:00:00,14.3,19.0,13.100000000000001,2.3000000000000003,63.0,13.5,14.00776,-0.5077600479125977
2023-04-03 15:00:00,13.5,17.0,11.0,2.3000000000000003,71.0,13.5,13.147559,0.35244083404541016
2023-04-03 16:00:00,13.5,16.7,10.200000000000001,2.1,75.0,12.5,13.245084,-0.7450838088989258
2023-04-03 17:00:00,12.5,14.9,10.100000000000001,2.3000000000000003,78.0,12.700000000000001,12.07282,0.627180290222169
2023-04-03 18:00:00,12.700000000000001,15.5,10.4,2.3000000000000003,76.0,12.5,12.324885,0.17511463165283203
2023-04-03 19:00:00,12.5,14.700000000000001,11.700000000000001,2.3000000000000003,74.0,14.700000000000001,12.527855,2.1721450805664073
2023-04-03 20:00:00,14.700000000000001,16.900000000000002,13.4,2.5,71.0,13.9,15.459692,-1.559692001342773
2023-04-03 21:00:00,13.9,16.5,13.700000000000001,2.4000000000000004,71.0,13.200000000000001,14.378157,-1.1781566619873036
2023-04-03 22:00:00,13.200000000000001,16.1,15.8,2.6,64.0,11.200000000000001,13.582706,-2.3827064514160146
2023-04-03 23:00:00,11.200000000000001,14.600000000000001,13.4,2.4000000000000004,69.0,12.0,11.371008,0.6289920806884766
2023-04-04 00:00:00,12.0,15.600000000000001,11.600000000000001,2.6,69.0,11.9,12.101488,-0.20148811340331996
2023-04-04 01:00:00,11.9,15.9,11.9,2.8000000000000003,69.0,12.100000000000001,12.046039,0.0539613723754897
2023-04-04 02:00:00,12.100000000000001,16.7,9.4,2.6,65.0,10.5,12.2787485,-1.7787485122680664
2023-04-04 03:00:00,10.5,15.600000000000001,9.4,2.5,69.0,9.0,10.990169,-1.990168571472168
2023-04-04 04:00:00,9.0,14.8,10.4,2.4000000000000004,64.0,9.8,9.576218,0.2237823486328132
2023-04-04 05:00:00,9.8,14.0,10.600000000000001,2.4000000000000004,64.0,8.8,10.358995,-1.5589954376220696
2023-04-04 06:00:00,8.8,14.3,12.4,2.4000000000000004,57.0,8.3,10.333931,-2.0339309692382805
2023-04-04 07:00:00,8.3,13.9,13.9,2.7,51.0,10.4,9.719993,0.680007362365723
2023-04-04 08:00:00,10.4,14.700000000000001,18.5,2.7,46.0,7.800000000000001,10.126741,-2.326741409301757
2023-04-04 09:00:00,7.800000000000001,14.3,20.0,2.6,51.0,8.6,7.715387,0.8846131324768063
2023-04-04 10:00:00,8.6,17.3,18.400000000000002,2.8000000000000003,54.0,9.5,8.868879,0.6311206817626953
2023-04-04 11:00:00,9.5,17.2,13.9,2.5,63.0,10.4,9.7652025,0.6347974777221683
2023-04-04 12:00:00,10.4,17.7,10.5,2.3000000000000003,69.0,10.0,10.307668,-0.30766773223876953
2023-04-04 13:00:00,10.0,16.8,8.700000000000001,2.2,75.0,9.9,9.9172325,-0.01723251342773402
2023-04-04 14:00:00,9.9,16.8,9.3,2.2,76.0,9.600000000000001,9.919485,-0.3194850921630845
2023-04-04 15:00:00,9.600000000000001,17.2,9.5,2.2,78.0,9.700000000000001,9.859919,-0.1599185943603505
2023-04-04 16:00:00,9.700000000000001,16.400000000000002,10.100000000000001,2.2,79.0,9.600000000000001,9.832773,-0.23277320861816264
2023-04-04 17:00:00,9.600000000000001,16.1,10.700000000000001,2.3000000000000003,80.0,9.600000000000001,10.321989,-0.7219890594482408
2023-04-04 18:00:00,9.600000000000001,16.400000000000002,11.700000000000001,2.6,81.0,9.3,10.784302,-1.4843017578124993
2023-04-04 19:00:00,9.3,15.9,14.3,2.4000000000000004,84.0,10.8,11.144462,-0.34446163177490163
2023-04-04 20:00:00,10.8,16.6,20.1,2.4000000000000004,72.0,10.3,12.551904,-2.2519037246704094
2023-04-04 21:00:00,10.3,18.3,27.5,2.5,64.0,10.3,12.595471,-2.2954713821411126
2023-04-04 22:00:00,10.3,19.0,32.1,2.8000000000000003,66.0,11.100000000000001,12.810248,-1.7102483749389634
2023-04-04 23:00:00,11.100000000000001,20.0,36.300000000000004,3.1,60.0,11.8,13.132608,-1.3326084136962884
2023-04-05 00:00:00,11.8,19.3,33.7,2.5,57.0,9.700000000000001,13.031944,-3.3319442749023427
2023-04-05 01:00:00,9.700000000000001,18.400000000000002,27.200000000000003,2.0,58.0,9.4,10.590054,-1.190053558349609
2023-04-05 02:00:00,9.4,17.2,22.3,2.5,56.0,12.100000000000001,10.545317,1.5546833038330092
2023-04-05 03:00:00,12.100000000000001,17.400000000000002,20.900000000000002,2.2,56.0,12.4,12.5383,-0.13829956054687464
2023-04-05 04:00:00,12.4,19.200000000000003,18.8,2.3000000000000003,53.0,14.0,13.108028,0.8919715881347656
2023-04-05 05:00:00,14.0,20.3,20.400000000000002,2.9000000000000004,51.0,15.5,14.7677765,0.7322235107421875
2023-04-05 06:00:00,15.5,21.5,22.1,2.6,49.0,16.5,16.744555,-0.2445545196533203
2023-04-05 07:00:00,16.5,23.1,25.400000000000002,2.8000000000000003,45.0,17.7,18.298838,-0.5988376617431648
2023-04-05 08:00:00,17.7,24.400000000000002,32.4,3.2,40.0,15.4,17.663698,-2.2636981964111325
2023-04-05 09:00:00,15.4,23.3,33.9,2.5,46.0,14.9,14.886055,0.013945007324219105
2023-04-05 10:00:00,14.9,23.400000000000002,29.200000000000003,2.4000000000000004,44.0,15.3,14.198045,1.1019552230834968
2023-04-05 11:00:00,15.3,22.8,24.900000000000002,2.5,60.0,15.100000000000001,14.868144,0.23185596466064595
2023-04-05 12:00:00,15.100000000000001,23.3,15.700000000000001,2.2,72.0,13.600000000000001,14.8876095,-1.287609481811522
2023-04-05 13:00:00,13.600000000000001,21.900000000000002,12.200000000000001,2.1,78.0,13.0,13.320516,-0.32051563262939453
2023-04-05 14:00:00,13.0,21.5,11.200000000000001,2.0,82.0,13.0,12.532692,0.46730804443359375
2023-04-05 15:00:00,13.0,20.900000000000002,10.600000000000001,1.9000000000000001,84.0,12.4,12.612049,-0.21204910278320277
2023-04-05 16:00:00,12.4,20.5,11.0,1.8,84.0,12.3,12.558606,-0.25860614776611257
2023-04-05 17:00:00,12.3,19.5,11.5,1.8,85.0,13.0,12.627987,0.3720130920410156
2023-04-05 18:00:00,13.0,19.8,12.3,1.7000000000000002,86.0,14.0,13.51057,0.48943042755126953
2023-04-05 19:00:00,14.0,19.400000000000002,13.5,1.7000000000000002,87.0,15.9,14.614045,1.285954856872559
2023-04-05 20:00:00,15.9,20.400000000000002,20.5,2.2,78.0,14.9,17.720009,-2.820008850097656
2023-04-05 21:00:00,14.9,22.0,27.700000000000003,2.2,69.0,15.4,16.61701,-1.217010116577148
2023-04-05 22:00:00,15.4,23.3,26.200000000000003,2.1,70.0,16.5,17.449116,-0.9491157531738281
2023-04-05 23:00:00,16.5,24.1,29.8,2.4000000000000004,62.0,14.9,18.0329,-3.1328998565673825
2023-04-06 00:00:00,14.9,23.400000000000002,30.200000000000003,2.5,55.0,17.400000000000002,16.537569,0.8624309539794943
2023-04-06 01:00:00,17.400000000000002,22.400000000000002,28.6,2.3000000000000003,55.0,17.900000000000002,18.199183,-0.29918251037597443
2023-04-06 02:00:00,17.900000000000002,22.1,24.3,2.3000000000000003,55.0,18.5,18.404322,0.09567832946777344
2023-04-06 03:00:00,18.5,24.700000000000003,23.0,2.0,52.0,20.3,18.624428,1.6755722045898445
2023-04-06 04:00:00,20.3,23.8,25.8,2.1,43.0,19.700000000000003,20.173939,-0.4739387512207003
2023-04-06 05:00:00,19.700000000000003,25.6,27.0,2.5,41.0,18.8,20.578197,-1.7781974792480462
2023-04-06 06:00:00,18.8,25.700000000000003,27.700000000000003,2.4000000000000004,38.0,19.5,19.98111,-0.481109619140625
2023-04-06 07:00:00,19.5,27.0,37.7,2.4000000000000004,33.0,21.0,21.13721,-0.13721084594726562
2023-04-06 08:00:00,21.0,28.5,52.400000000000006,2.5,23.0,21.3,21.76725,-0.46725006103515554
2023-04-06 09:00:00,21.3,30.0,55.800000000000004,2.7,24.0,21.1,20.852343,0.2476573944091811
2023-04-06 10:00:00,21.1,31.5,39.900000000000006,3.5,36.0,20.0,18.992601,1.0073986053466797
2023-04-06 11:00:00,20.0,31.200000000000003,35.7,3.4000000000000004,46.0,18.3,18.657318,-0.3573181152343743
2023-04-06 12:00:00,18.3,31.3,28.8,2.3000000000000003,68.0,18.900000000000002,18.283522,0.6164783477783224
2023-04-06 13:00:00,18.900000000000002,29.900000000000002,23.3,2.4000000000000004,75.0,18.5,18.63021,-0.13021087646484375
2023-04-06 14:00:00,18.5,28.200000000000003,20.400000000000002,2.1,79.0,18.7,18.425081,0.2749187469482415
2023-04-06 15:00:00,18.7,27.200000000000003,16.7,1.9000000000000001,81.0,18.0,18.573513,-0.5735130310058594
2023-04-06 16:00:00,18.0,25.700000000000003,16.2,2.1,83.0,18.2,19.474146,-1.2741458892822273
2023-04-06 17:00:00,18.2,23.5,15.8,2.3000000000000003,87.0,18.400000000000002,19.86267,-1.4626708984374979
2023-04-06 18:00:00,18.400000000000002,24.1,15.600000000000001,2.4000000000000004,90.0,18.8,19.83374,-1.0337402343749993
2023-04-06 19:00:00,18.8,26.200000000000003,16.2,2.9000000000000004,83.0,18.5,20.738003,-2.2380027770996094
2023-04-06 20:00:00,18.5,27.900000000000002,26.5,3.3000000000000003,74.0,21.0,21.842329,-0.8423290252685547
2023-04-06 21:00:00,21.0,31.400000000000002,35.1,3.4000000000000004,62.0,22.400000000000002,23.437141,-1.0371414184570291
2023-04-06 22:00:00,22.400000000000002,34.300000000000004,37.300000000000004,3.5,50.0,22.900000000000002,24.076597,-1.176597213745115
2023-04-06 23:00:00,22.900000000000002,30.400000000000002,41.2,3.3000000000000003,45.0,20.200000000000003,24.029007,-3.8290069580078097
2023-04-07 00:00:00,20.200000000000003,29.700000000000003,35.1,2.8000000000000003,46.0,19.400000000000002,21.939295,-2.5392948150634744
2023-04-07 01:00:00,19.400000000000002,30.200000000000003,32.5,2.9000000000000004,44.0,20.8,20.121895,0.6781051635742195
2023-04-07 02:00:00,20.8,31.700000000000003,37.6,2.4000000000000004,37.0,21.1,21.970547,-0.870546722412108
2023-04-07 03:00:00,21.1,32.4,37.9,2.4000000000000004,42.0,19.5,22.492727,-2.992727279663086
2023-04-07 04:00:00,19.5,35.0,33.0,2.8000000000000003,35.0,18.400000000000002,20.596756,-2.1967559814453104
2023-04-07 05:00:00,18.400000000000002,33.5,34.5,3.2,28.0,19.200000000000003,20.002798,-0.8027980804443331
2023-04-07 06:00:00,19.200000000000003,32.0,39.300000000000004,3.0,16.0,22.3,21.270956,1.0290439605712898
2023-04-07 07:00:00,22.3,34.7,47.300000000000004,3.2,13.0,25.700000000000003,25.125093,0.574906539916995
2023-04-07 08:00:00,25.700000000000003,42.2,63.0,3.5,6.0,25.3,28.18674,-2.88674087524414
2023-04-07 09:00:00,25.3,42.2,73.60000000000001,3.4000000000000004,14.0,27.700000000000003,27.473701,0.2262985229492216
2023-04-07 10:00:00,27.700000000000003,36.2,60.0,4.2,27.0,25.5,26.924042,-1.424041748046875
2023-04-07 11:00:00,25.5,34.6,52.0,4.3,37.0,25.200000000000003,24.437618,0.7623817443847685
2023-04-07 12:00:00,25.200000000000003,36.1,50.6,4.3,49.0,25.6,24.372759,1.227241134643556
2023-04-07 13:00:00,25.6,36.300000000000004,39.5,4.0,59.0,23.5,24.951738,-1.4517383575439453
2023-04-07 14:00:00,23.5,34.1,33.0,4.0,64.0,22.5,23.538208,-1.0382080078125
2023-04-07 15:00:00,22.5,30.400000000000002,28.3,3.7,73.0,21.3,22.604103,-1.3041030883789055
2023-04-07 16:00:00,21.3,29.200000000000003,26.200000000000003,3.0,79.0,20.0,23.832153,-3.8321533203125
2023-04-07 17:00:00,20.0,27.8,18.400000000000002,2.8000000000000003,82.0,20.0,21.751272,-1.751272201538086
2023-04-07 18:00:00,20.0,28.400000000000002,17.8,2.5,83.0,20.900000000000002,21.753706,-0.8537059783935526
2023-04-07 19:00:00,20.900000000000002,28.1,21.6,2.3000000000000003,77.0,20.900000000000002,23.05338,-2.1533790588378885
2023-04-07 20:00:00,20.900000000000002,27.6,28.3,2.8000000000000003,67.0,20.900000000000002,23.679281,-2.779281234741209
2023-04-07 21:00:00,20.900000000000002,28.8,31.5,2.9000000000000004,56.0,20.400000000000002,22.601137,-2.2011371612548807
2023-04-07 22:00:00,20.400000000000002,28.3,31.700000000000003,2.5,54.0,19.6,21.849092,-2.2490924835205064
2023-04-07 23:00:00,19.6,26.6,35.0,2.3000000000000003,47.0,19.400000000000002,20.719158,-1.3191581726074197
2023-04-08 00:00:00,19.400000000000002,27.0,37.7,2.6,36.0,20.1,20.71627,-0.6162704467773423
2023-04-08 01:00:00,20.1,28.1,39.1,2.5,31.0,23.8,21.220953,2.5790470123291023
2023-04-08 02:00:00,23.8,33.2,41.5,2.3000000000000003,33.0,20.700000000000003,24.505402,-3.805401611328122
2023-04-08 03:00:00,20.700000000000003,29.0,38.300000000000004,2.4000000000000004,26.0,20.1,21.34867,-1.248669052124022
2023-04-08 04:00:00,20.1,27.700000000000003,34.9,2.3000000000000003,25.0,20.700000000000003,20.982803,-0.28280334472655966
2023-04-08 05:00:00,20.700000000000003,27.700000000000003,36.800000000000004,2.4000000000000004,20.0,21.200000000000003,21.452127,-0.2521274566650362
2023-04-08 06:00:00,21.200000000000003,27.1,34.2,2.6,16.0,21.900000000000002,22.5657,-0.6657005310058572
2023-04-08 07:00:00,21.900000000000002,29.700000000000003,39.300000000000004,2.2,9.0,24.200000000000003,23.718355,0.48164482116699503
2023-04-08 08:00:00,24.200000000000003,31.700000000000003,37.300000000000004,2.2,9.0,25.6,25.213814,0.38618621826172017
2023-04-08 09:00:00,25.6,31.6,36.7,2.4000000000000004,10.0,24.3,24.78554,-0.4855396270751946
2023-04-08 10:00:00,24.3,30.1,28.200000000000003,2.6,25.0,23.6,22.67829,0.921710586547853
2023-04-08 11:00:00,23.6,28.700000000000003,24.400000000000002,3.1,37.0,21.3,22.267408,-0.967408370971679
2023-04-08 12:00:00,21.3,28.6,23.3,2.8000000000000003,54.0,19.900000000000002,20.575872,-0.6758724212646463
2023-04-08 13:00:00,19.900000000000002,27.6,19.0,2.6,69.0,18.400000000000002,19.645958,-1.2459579467773416
2023-04-08 14:00:00,18.400000000000002,24.900000000000002,15.0,2.2,82.0,16.7,18.007513,-1.3075130462646491
2023-04-08 15:00:00,16.7,21.700000000000003,11.200000000000001,2.0,89.0,15.8,16.153101,-0.35310096740722585
2023-04-08 16:00:00,15.8,22.1,10.600000000000001,2.0,94.0,15.8,15.906141,-0.10614128112792898
2023-04-08 17:00:00,15.8,19.8,12.700000000000001,1.9000000000000001,95.0,15.100000000000001,16.416903,-1.3169025421142564
2023-04-08 18:00:00,15.100000000000001,20.5,13.200000000000001,1.8,97.0,15.200000000000001,15.925101,-0.7251012802124013
2023-04-08 19:00:00,15.200000000000001,19.0,14.100000000000001,1.9000000000000001,95.0,13.700000000000001,16.432178,-2.732178497314452
2023-04-08 20:00:00,13.700000000000001,18.900000000000002,16.7,2.4000000000000004,89.0,18.8,15.283145,3.5168550491333015
2023-04-08 21:00:00,18.8,24.6,23.1,2.0,90.0,21.0,20.318783,0.6812171936035156
2023-04-08 22:00:00,21.0,24.400000000000002,24.5,2.1,88.0,23.700000000000003,21.863533,1.8364669799804716
2023-04-08 23:00:00,23.700000000000003,25.3,20.3,2.0,86.0,22.0,22.845211,-0.8452110290527344
2023-04-09 00:00:00,22.0,26.3,14.9,2.1,81.0,19.6,22.529121,-2.92912139892578
2023-04-09 01:00:00,19.6,24.400000000000002,13.5,1.9000000000000001,77.0,16.7,19.172232,-2.4722316741943366
2023-04-09 02:00:00,16.7,21.900000000000002,12.600000000000001,1.7000000000000002,73.0,15.9,16.767372,-0.8673721313476559
2023-04-09 03:00:00,15.9,20.0,13.700000000000001,1.5,75.0,12.0,15.38965,-3.389650344848633
2023-04-09 04:00:00,12.0,18.0,14.600000000000001,1.6,66.0,13.3,12.26938,1.0306203842163093
2023-04-09 05:00:00,13.3,19.1,15.3,1.6,59.0,13.8,13.510601,0.28939895629882884
2023-04-09 06:00:00,13.8,20.1,16.6,1.7000000000000002,57.0,15.5,14.597074,0.9029264450073242
2023-04-09 07:00:00,15.5,22.400000000000002,20.1,1.7000000000000002,51.0,15.600000000000001,16.162237,-0.562237167358397
2023-04-09 08:00:00,15.600000000000001,22.8,22.200000000000003,1.7000000000000002,45.0,15.8,14.946559,0.8534410476684577
2023-04-09 09:00:00,15.8,22.5,20.200000000000003,1.5,48.0,17.7,14.26835,3.4316503524780266
2023-04-09 10:00:00,17.7,22.400000000000002,17.7,1.5,54.0,16.7,16.013693,0.6863071441650384
2023-04-09 11:00:00,16.7,21.6,12.4,1.4000000000000001,69.0,15.4,15.139965,0.2600349426269535
2023-04-09 12:00:00,15.4,19.3,9.3,1.6,82.0,14.0,14.264961,-0.26496124267578125
2023-04-09 13:00:00,14.0,19.0,9.0,1.7000000000000002,88.0,13.5,13.32678,0.1732196807861328
2023-04-09 14:00:00,13.5,18.7,9.4,1.7000000000000002,89.0,13.9,13.098579,0.8014205932617191
2023-04-09 15:00:00,13.9,18.900000000000002,10.0,1.6,92.0,13.100000000000001,13.491125,-0.391125106811522
2023-04-09 16:00:00,13.100000000000001,18.2,10.3,1.6,95.0,12.600000000000001,12.874673,-0.27467288970947124
2023-04-09 17:00:00,12.600000000000001,16.8,9.5,1.5,100.0,11.100000000000001,12.111863,-1.0118631362915025
2023-04-09 18:00:00,11.100000000000001,15.700000000000001,9.9,1.5,102.0,11.100000000000001,11.076053,0.023947334289552202
2023-04-09 19:00:00,11.100000000000001,14.3,9.600000000000001,1.4000000000000001,103.0,11.600000000000001,11.268797,0.33120307922363423
2023-04-09 20:00:00,11.600000000000001,14.3,16.5,1.7000000000000002,95.0,12.700000000000001,12.565849,0.13415069580078232
2023-04-09 21:00:00,12.700000000000001,15.100000000000001,15.9,2.0,90.0,12.9,13.072622,-0.17262229919433558
2023-04-09 22:00:00,12.9,16.1,18.3,2.0,83.0,13.600000000000001,13.090855,0.5091453552246108
2023-04-09 23:00:00,13.600000000000001,15.5,19.0,2.1,80.0,13.700000000000001,13.745469,-0.04546909332275284
2023-04-10 00:00:00,13.700000000000001,15.3,15.0,1.9000000000000001,72.0,12.8,13.075448,-0.27544803619384695
2023-04-10 01:00:00,12.8,14.700000000000001,12.0,1.7000000000000002,65.0,11.700000000000001,11.655008,0.044991683959962
2023-04-10 02:00:00,11.700000000000001,13.9,11.700000000000001,1.9000000000000001,56.0,10.200000000000001,11.230064,-1.0300643920898427
2023-04-10 03:00:00,10.200000000000001,14.100000000000001,10.9,1.8,61.0,10.4,10.28742,0.11257972717285192
2023-04-10 04:00:00,10.4,14.200000000000001,11.100000000000001,1.8,57.0,9.5,10.623752,-1.1237516403198242
2023-04-10 05:00:00,9.5,14.600000000000001,12.8,1.9000000000000001,55.0,10.200000000000001,10.3443365,-0.14433650970458878
2023-04-10 06:00:00,10.200000000000001,14.100000000000001,13.3,1.8,55.0,10.100000000000001,11.034773,-0.9347728729248033
2023-04-10 07:00:00,10.100000000000001,14.700000000000001,15.0,2.1,51.0,10.700000000000001,11.082395,-0.3823945999145497
2023-04-10 08:00:00,10.700000000000001,15.3,20.900000000000002,2.2,45.0,10.100000000000001,10.40909,-0.3090900421142564
2023-04-10 09:00:00,10.100000000000001,13.8,17.0,2.0,48.0,11.3,9.406889,1.8931110382080085
2023-04-10 10:00:00,11.3,14.200000000000001,15.100000000000001,1.8,52.0,9.9,10.23895,-0.3389497756958004
2023-04-10 11:00:00,9.9,15.0,10.0,1.8,64.0,10.200000000000001,9.362265,0.8377353668212901
2023-04-10 12:00:00,10.200000000000001,16.400000000000002,8.4,1.7000000000000002,68.0,9.5,9.784924,-0.2849235534667969
2023-04-10 13:00:00,9.5,15.200000000000001,8.1,1.5,73.0,10.0,9.48944,0.5105600357055664
2023-04-10 14:00:00,10.0,15.0,9.0,1.7000000000000002,79.0,9.3,9.816247,-0.5162469863891594
2023-04-10 15:00:00,9.3,14.9,10.5,1.6,83.0,8.4,9.416474,-1.016474342346191
2023-04-10 16:00:00,8.4,14.200000000000001,10.0,1.6,88.0,9.5,8.455576,1.044424057006836
2023-04-10 17:00:00,9.5,14.100000000000001,9.5,1.5,91.0,10.100000000000001,9.884942,0.21505794525146626
2023-04-10 18:00:00,10.100000000000001,13.600000000000001,14.200000000000001,1.4000000000000001,92.0,11.100000000000001,10.484235,0.6157651901245131
2023-04-10 19:00:00,11.100000000000001,13.600000000000001,16.900000000000002,1.8,95.0,11.700000000000001,11.867696,-0.16769580841064347
2023-04-10 20:00:00,11.700000000000001,16.6,28.200000000000003,2.2,79.0,12.0,13.543728,-1.5437278747558594
2023-04-10 21:00:00,12.0,16.900000000000002,37.0,2.3000000000000003,74.0,13.3,14.792714,-1.4927141189575188
2023-04-10 22:00:00,13.3,17.8,34.4,2.8000000000000003,62.0,11.8,14.700619,-2.9006187438964837
2023-04-10 23:00:00,11.8,16.900000000000002,42.0,2.6,45.0,12.200000000000001,13.397376,-1.1973760604858388
2023-04-11 00:00:00,12.200000000000001,18.7,43.800000000000004,2.5,40.0,12.5,13.896387,-1.3963871002197266
2023-04-11 01:00:00,12.5,19.200000000000003,39.6,2.3000000000000003,33.0,12.200000000000001,13.566188,-1.366187858581542
2023-04-11 02:00:00,12.200000000000001,24.400000000000002,41.900000000000006,2.6,24.0,13.600000000000001,14.347477,-0.7474769592285142
2023-04-11 03:00:00,13.600000000000001,21.8,39.900000000000006,2.3000000000000003,21.0,14.9,15.336773,-0.4367729187011715
2023-04-11 04:00:00,14.9,22.6,35.0,2.2,18.0,16.8,16.44688,0.35311965942382884
2023-04-11 05:00:00,16.8,24.0,35.800000000000004,2.2,14.0,17.6,18.514292,-0.9142917633056626
2023-04-11 06:00:00,17.6,22.900000000000002,37.5,2.6,13.0,21.6,19.66012,1.9398799896240249
2023-04-11 07:00:00,21.6,26.0,44.0,2.9000000000000004,7.0,21.900000000000002,23.45236,-1.55236015319824
2023-04-11 08:00:00,21.900000000000002,27.900000000000002,48.0,3.2,13.0,20.8,22.610937,-1.8109371185302727
2023-04-11 09:00:00,20.8,29.8,43.7,3.4000000000000004,14.0,16.900000000000002,19.585577,-2.6855770111083963
2023-04-11 10:00:00,16.900000000000002,24.1,34.5,2.4000000000000004,31.0,15.4,15.578912,-0.1789117813110348
2023-04-11 11:00:00,15.4,23.5,28.900000000000002,2.0,51.0,15.200000000000001,14.990003,0.20999736785888778
2023-04-11 12:00:00,15.200000000000001,23.8,25.8,2.5,66.0,13.4,15.2998495,-1.8998495101928707
2023-04-11 13:00:00,13.4,23.5,17.8,2.8000000000000003,79.0,11.8,14.484892,-2.6848918914794915
2023-04-11 14:00:00,11.8,19.900000000000002,14.3,2.7,87.0,11.700000000000001,12.168912,-0.4689119338989247
2023-04-11 15:00:00,11.700000000000001,19.6,11.4,2.5,92.0,11.700000000000001,12.046512,-0.34651165008544815
2023-04-11 16:00:00,11.700000000000001,18.8,10.0,2.0,95.0,11.4,11.616486,-0.21648559570312464
2023-04-11 17:00:00,11.4,17.7,9.8,2.1,96.0,11.200000000000001,11.723505,-0.5235050201416005
2023-04-11 18:00:00,11.200000000000001,16.3,10.5,2.3000000000000003,92.0,10.8,11.616027,-0.8160268783569329
2023-04-11 19:00:00,10.8,16.1,13.0,2.4000000000000004,93.0,11.600000000000001,12.1853695,-0.585369491577147
2023-04-11 20:00:00,11.600000000000001,15.700000000000001,14.9,2.8000000000000003,87.0,10.9,12.831275,-1.9312749862670895
2023-04-11 21:00:00,10.9,15.700000000000001,17.400000000000002,3.1,84.0,11.200000000000001,12.223407,-1.0234067916870107
2023-04-11 22:00:00,11.200000000000001,16.2,15.600000000000001,2.9000000000000004,80.0,12.4,12.1852455,0.21475448608398473
2023-04-11 23:00:00,12.4,18.5,16.0,2.7,73.0,12.100000000000001,12.877772,-0.7777723312377915
2023-04-12 00:00:00,12.100000000000001,18.0,12.5,2.5,67.0,11.100000000000001,12.454248,-1.3542484283447251
2023-04-12 01:00:00,11.100000000000001,17.5,13.5,2.4000000000000004,64.0,11.0,11.371114,-0.37111377716064453
2023-04-12 02:00:00,11.0,17.1,14.3,2.6,61.0,11.9,11.208952,0.6910480499267582
2023-04-12 03:00:00,11.9,17.400000000000002,14.8,2.6,54.0,14.700000000000001,12.453291,2.2467090606689464
2023-04-12 04:00:00,14.700000000000001,18.0,18.2,2.7,39.0,17.1,15.059515,2.040485000610353
2023-04-12 05:00:00,17.1,21.5,19.5,2.3000000000000003,34.0,20.1,17.522139,2.5778614044189467
2023-04-12 06:00:00,20.1,22.5,21.700000000000003,2.0,34.0,19.8,20.109821,-0.3098213195800774
2023-04-12 07:00:00,19.8,25.700000000000003,25.200000000000003,2.2,32.0,20.8,20.359085,0.4409149169921882
2023-04-12 08:00:00,20.8,29.200000000000003,28.0,2.4000000000000004,36.0,21.1,20.371567,0.7284332275390639
2023-04-12 09:00:00,21.1,27.200000000000003,29.700000000000003,2.5,44.0,19.1,19.442764,-0.3427642822265611
2023-04-12 10:00:00,19.1,25.900000000000002,25.700000000000003,2.4000000000000004,54.0,19.3,17.912561,1.3874385833740241
2023-04-12 11:00:00,19.3,25.8,24.200000000000003,2.3000000000000003,59.0,19.5,18.128801,1.3711986541748047
2023-04-12 12:00:00,19.5,26.0,20.700000000000003,2.2,68.0,18.5,18.276112,0.22388839721679688
2023-04-12 13:00:00,18.5,25.700000000000003,17.900000000000002,2.2,72.0,18.400000000000002,17.843094,0.5569061279296896
2023-04-12 14:00:00,18.400000000000002,25.8,14.5,2.2,75.0,16.7,17.832325,-1.1323249816894538
2023-04-12 15:00:00,16.7,24.3,13.700000000000001,2.1,78.0,16.7,17.134935,-0.434935379028321
2023-04-12 16:00:00,16.7,23.3,12.0,2.2,83.0,16.2,17.579515,-1.379515457153321
2023-04-12 17:00:00,16.2,22.700000000000003,13.4,2.2,87.0,16.6,17.364012,-0.7640117645263658
2023-04-12 18:00:00,16.6,23.5,14.700000000000001,2.2,80.0,18.2,18.544956,-0.34495620727539134
2023-04-12 19:00:00,18.2,22.6,18.5,2.1,77.0,19.400000000000002,19.90828,-0.5082794189453104
2023-04-12 20:00:00,19.400000000000002,25.1,21.200000000000003,2.0,72.0,17.5,21.167984,-3.6679840087890625
2023-04-12 21:00:00,17.5,23.5,25.200000000000003,2.1,65.0,18.3,19.357103,-1.0571033477783196
2023-04-12 22:00:00,18.3,21.5,26.0,2.1,58.0,17.8,19.15746,-1.3574592590332024
2023-04-12 23:00:00,17.8,22.400000000000002,24.1,1.9000000000000001,52.0,19.0,18.40748,0.5925197601318359
2023-04-13 00:00:00,19.0,24.0,23.8,1.8,47.0,19.0,18.91473,0.08526992797851562
2023-04-13 01:00:00,19.0,23.900000000000002,21.0,1.5,51.0,18.1,18.422722,-0.32272186279296733
2023-04-13 02:00:00,18.1,23.1,15.600000000000001,1.9000000000000001,57.0,16.7,17.862337,-1.1623371124267585
2023-04-13 03:00:00,16.7,20.400000000000002,15.600000000000001,1.8,53.0,13.4,15.982618,-2.5826183319091793
2023-04-13 04:00:00,13.4,16.400000000000002,14.4,1.9000000000000001,52.0,12.5,13.156763,-0.6567630767822266
2023-04-13 05:00:00,12.5,15.0,14.700000000000001,1.9000000000000001,51.0,12.8,12.158607,0.6413934707641609
2023-04-13 06:00:00,12.8,15.600000000000001,16.1,2.0,47.0,12.700000000000001,12.921592,-0.22159175872802628
2023-04-13 07:00:00,12.700000000000001,16.3,17.7,2.2,43.0,13.4,13.146478,0.2535223007202152
2023-04-13 08:00:00,13.4,16.8,24.0,2.3000000000000003,39.0,12.9,12.9986515,-0.09865150451660121
2023-04-13 09:00:00,12.9,16.400000000000002,22.0,2.1,43.0,12.8,11.769153,1.030847358703614
2023-04-13 10:00:00,12.8,15.100000000000001,21.5,2.2,44.0,13.600000000000001,11.449662,2.1503377914428725
2023-04-13 11:00:00,13.600000000000001,17.5,19.8,2.1,54.0,9.700000000000001,12.893541,-3.1935413360595692
2023-04-13 12:00:00,9.700000000000001,13.100000000000001,17.900000000000002,1.9000000000000001,52.0,9.4,9.164199,0.23580112457275426
2023-04-13 13:00:00,9.4,13.3,20.0,1.9000000000000001,48.0,10.700000000000001,9.349613,1.3503868103027354
2023-04-13 14:00:00,10.700000000000001,13.3,18.6,2.1,52.0,8.9,10.558849,-1.6588493347167965
2023-04-13 15:00:00,8.9,12.8,17.8,2.1,54.0,8.1,9.366247,-1.2662471771240238
2023-04-13 16:00:00,8.1,11.5,16.3,1.8,57.0,8.3,8.267241,0.03275947570800852
2023-04-13 17:00:00,8.3,12.0,17.400000000000002,2.1,61.0,8.5,9.120387,-0.620387077331543
2023-04-13 18:00:00,8.5,12.3,17.1,2.1,62.0,8.6,9.181828,-0.581827545166016
2023-04-13 19:00:00,8.6,11.100000000000001,19.6,2.5,58.0,8.0,9.796925,-1.7969245910644531
2023-04-13 20:00:00,8.0,9.700000000000001,20.700000000000003,2.5,60.0,8.6,9.3797865,-0.7797864913940433
2023-04-13 21:00:00,8.6,11.0,21.3,2.6,61.0,8.9,9.628441,-0.7284408569335934
2023-04-13 22:00:00,8.9,10.9,18.5,2.8000000000000003,55.0,8.6,9.719731,-1.1197313308715824
2023-04-13 23:00:00,8.6,10.5,18.5,2.6,58.0,7.800000000000001,8.722837,-0.9228374481201165
2023-04-14 00:00:00,7.800000000000001,9.1,14.3,2.2,61.0,7.1000000000000005,7.700004,-0.60000410079956
2023-04-14 01:00:00,7.1000000000000005,9.0,12.700000000000001,1.9000000000000001,61.0,6.5,7.135327,-0.6353268623352051
2023-04-14 02:00:00,6.5,8.8,11.600000000000001,2.2,59.0,6.5,6.583955,-0.0839548110961914
2023-04-14 03:00:00,6.5,7.800000000000001,12.9,2.3000000000000003,51.0,5.9,6.77832,-0.8783198356628414
2023-04-14 04:00:00,5.9,6.6000000000000005,12.5,2.5,53.0,5.4,6.0691094,-0.6691094398498532
2023-04-14 05:00:00,5.4,5.9,10.8,2.0,55.0,5.1000000000000005,5.3276277,-0.2276276588439936
2023-04-14 06:00:00,5.1000000000000005,5.800000000000001,11.700000000000001,1.8,58.0,5.5,5.3468122,0.15318775177001953
2023-04-14 07:00:00,5.5,6.4,14.8,1.9000000000000001,51.0,5.7,5.8063745,-0.10637454986572248
2023-04-14 08:00:00,5.7,7.0,20.5,2.1,45.0,4.5,5.4244714,-0.924471378326416
2023-04-14 09:00:00,4.5,8.3,23.8,1.8,39.0,4.9,4.5635047,0.33649530410766637
2023-04-14 10:00:00,4.9,7.2,22.900000000000002,1.6,40.0,4.7,4.48624,0.21376008987426776
2023-04-14 11:00:00,4.7,7.300000000000001,21.200000000000003,1.4000000000000001,49.0,5.5,4.5468154,0.9531846046447754
2023-04-14 12:00:00,5.5,7.4,20.400000000000002,1.3,58.0,5.0,5.3575716,-0.3575716018676758
2023-04-14 13:00:00,5.0,6.800000000000001,16.7,1.6,71.0,5.2,4.840312,0.3596879959106447
2023-04-14 14:00:00,5.2,6.300000000000001,13.0,1.5,76.0,5.5,4.8726325,0.6273674964904785
2023-04-14 15:00:00,5.5,7.300000000000001,10.4,1.6,84.0,5.4,5.3644824,0.03551759719848668
2023-04-14 16:00:00,5.4,6.800000000000001,10.4,1.8,87.0,5.4,5.5955977,-0.19559774398803675
2023-04-14 17:00:00,5.4,7.6000000000000005,9.5,2.3000000000000003,86.0,6.0,5.9226575,0.07734251022338867
2023-04-14 18:00:00,6.0,7.300000000000001,9.3,2.4000000000000004,91.0,7.6000000000000005,6.2397904,1.3602095603942876
2023-04-14 19:00:00,7.6000000000000005,7.800000000000001,12.4,2.5,86.0,7.1000000000000005,8.46014,-1.3601402282714838
2023-04-14 20:00:00,7.1000000000000005,8.4,19.8,2.7,82.0,6.4,8.473682,-2.0736824035644528
2023-04-14 21:00:00,6.4,9.1,17.400000000000002,2.3000000000000003,85.0,5.7,7.553305,-1.853305149078369
2023-04-14 22:00:00,5.7,7.2,21.3,2.8000000000000003,77.0,6.7,6.5588026,0.1411973953247072
2023-04-14 23:00:00,6.7,7.9,20.200000000000003,2.9000000000000004,68.0,7.4,6.989161,0.4108389854431156
2023-04-15 00:00:00,7.4,7.5,22.0,4.2,62.0,6.800000000000001,7.4834557,-0.6834556579589837
2023-04-15 01:00:00,6.800000000000001,7.9,21.700000000000003,3.7,55.0,8.700000000000001,6.9169927,1.7830073356628429
2023-04-15 02:00:00,8.700000000000001,9.700000000000001,23.6,3.6,49.0,10.3,8.797449,1.5025508880615241
2023-04-15 03:00:00,10.3,12.600000000000001,27.0,2.9000000000000004,47.0,11.700000000000001,10.869301,0.8306991577148448
2023-04-15 04:00:00,11.700000000000001,14.4,27.8,2.7,39.0,11.5,12.092083,-0.5920829772949219
2023-04-15 05:00:00,11.5,14.700000000000001,27.900000000000002,2.3000000000000003,29.0,12.5,11.879442,0.6205577850341797
2023-04-15 06:00:00,12.5,15.0,29.6,2.1,22.0,12.8,13.226526,-0.42652626037597585
2023-04-15 07:00:00,12.8,15.600000000000001,40.400000000000006,2.6,17.0,12.0,14.193282,-2.193282127380371
2023-04-15 08:00:00,12.0,14.8,36.9,2.7,16.0,14.0,12.281341,1.7186594009399414
2023-04-15 09:00:00,14.0,18.400000000000002,33.9,2.8000000000000003,22.0,14.5,13.432953,1.067047119140625
2023-04-15 10:00:00,14.5,19.200000000000003,30.900000000000002,2.6,30.0,14.700000000000001,13.854246,0.8457538604736339
2023-04-15 11:00:00,14.700000000000001,20.1,24.5,2.9000000000000004,48.0,14.0,14.399238,-0.39923763275146484
2023-04-15 12:00:00,14.0,20.0,20.900000000000002,2.9000000000000004,54.0,13.200000000000001,13.712449,-0.5124490737915028
2023-04-15 13:00:00,13.200000000000001,19.200000000000003,16.5,2.8000000000000003,62.0,11.3,13.243042,-1.9430419921874993
2023-04-15 14:00:00,11.3,17.6,14.4,2.7,71.0,11.100000000000001,11.570765,-0.47076454162597514
2023-04-15 15:00:00,11.100000000000001,17.3,12.3,2.8000000000000003,79.0,10.9,11.518819,-0.6188188552856442
2023-04-15 16:00:00,10.9,15.200000000000001,11.600000000000001,2.8000000000000003,84.0,9.3,11.311258,-2.0112583160400384
2023-04-15 17:00:00,9.3,14.0,11.0,2.9000000000000004,87.0,10.4,10.153271,0.24672927856445348
2023-04-15 18:00:00,10.4,13.4,12.4,2.9000000000000004,86.0,8.9,11.250278,-2.3502784729003903
2023-04-15 19:00:00,8.9,13.4,12.8,3.0,78.0,11.0,10.473631,0.5263690948486328
2023-04-15 20:00:00,11.0,15.600000000000001,22.0,3.6,72.0,10.9,12.820824,-1.9208236694335934
2023-04-15 21:00:00,10.9,14.8,21.1,3.2,72.0,10.9,12.351141,-1.451140975952148
2023-04-15 22:00:00,10.9,14.600000000000001,23.700000000000003,3.3000000000000003,68.0,14.100000000000001,12.108934,1.991065597534181
2023-04-15 23:00:00,14.100000000000001,16.3,28.0,2.9000000000000004,65.0,14.3,15.126486,-0.8264858245849602
2023-04-16 00:00:00,14.3,16.400000000000002,23.8,3.1,64.0,11.8,14.292223,-2.4922229766845696
2023-04-16 01:00:00,11.8,13.100000000000001,24.6,2.6,60.0,11.3,11.901764,-0.6017639160156243
2023-04-16 02:00:00,11.3,14.8,22.3,2.6,54.0,12.200000000000001,11.71031,0.4896900177001964
2023-04-16 03:00:00,12.200000000000001,16.400000000000002,25.5,2.5,45.0,12.8,12.792592,0.007407951354981179
2023-04-16 04:00:00,12.8,16.5,23.8,2.3000000000000003,46.0,12.8,12.761261,0.03873901367187571
2023-04-16 05:00:00,12.8,18.1,20.0,2.3000000000000003,46.0,12.8,13.0573,-0.257299613952636
2023-04-16 06:00:00,12.8,17.6,18.5,2.4000000000000004,50.0,13.5,13.308141,0.19185924530029297
2023-04-16 07:00:00,13.5,17.5,24.700000000000003,2.6,32.0,15.3,14.672516,0.6274841308593757
2023-04-16 08:00:00,15.3,18.1,28.5,2.6,30.0,12.200000000000001,14.636124,-2.4361236572265614
2023-04-16 09:00:00,12.200000000000001,16.900000000000002,26.700000000000003,2.6,28.0,11.4,11.778669,-0.37866935729980433
2023-04-16 10:00:00,11.4,15.3,22.6,2.7,40.0,11.200000000000001,11.360505,-0.16050510406494034
2023-04-16 11:00:00,11.200000000000001,15.100000000000001,20.0,2.3000000000000003,55.0,11.8,11.038507,0.7614925384521491
2023-04-16 12:00:00,11.8,15.4,14.3,2.2,69.0,11.100000000000001,11.456825,-0.35682525634765483
2023-04-16 13:00:00,11.100000000000001,14.9,11.5,2.2,76.0,10.100000000000001,10.633504,-0.5335039138793931
2023-04-16 14:00:00,10.100000000000001,12.4,10.8,2.5,80.0,8.5,9.881208,-1.3812084197998047
2023-04-16 15:00:00,8.5,12.9,10.4,2.4000000000000004,82.0,7.9,8.73397,-0.833969688415527
2023-04-16 16:00:00,7.9,11.4,9.5,2.2,86.0,7.2,8.149596,-0.9495962142944334
2023-04-16 17:00:00,7.2,11.5,9.9,2.4000000000000004,89.0,7.800000000000001,7.6680036,0.13199644088745188
2023-04-16 18:00:00,7.800000000000001,11.700000000000001,12.0,2.4000000000000004,88.0,7.9,8.544937,-0.6449371337890621
2023-04-16 19:00:00,7.9,11.4,12.4,2.5,87.0,8.9,9.320264,-0.4202638626098629
2023-04-16 20:00:00,8.9,10.700000000000001,15.600000000000001,2.5,86.0,9.5,10.259177,-0.7591772079467773
2023-04-16 21:00:00,9.5,11.9,19.5,2.4000000000000004,84.0,9.8,10.757669,-0.9576694488525384
2023-04-16 22:00:00,9.8,11.600000000000001,20.6,2.4000000000000004,77.0,10.0,10.486392,-0.4863920211791992
2023-04-16 23:00:00,10.0,11.600000000000001,22.3,2.5,72.0,12.8,10.728271,2.071729469299317
2023-04-17 00:00:00,12.8,14.200000000000001,22.5,2.5,67.0,13.4,12.361033,1.0389665603637699
2023-04-17 01:00:00,13.4,13.3,23.6,2.6,61.0,15.100000000000001,13.3804245,1.7195755004882827
2023-04-17 02:00:00,15.100000000000001,12.5,20.8,2.5,50.0,17.2,14.271145,2.92885513305664
2023-04-17 03:00:00,17.2,12.600000000000001,20.0,2.5,46.0,16.2,15.658244,0.5417558670043938
2023-04-17 04:00:00,16.2,12.200000000000001,19.700000000000003,2.1,47.0,13.8,14.850494,-1.0504943847656243
2023-04-17 05:00:00,13.8,13.0,20.8,2.5,44.0,15.5,13.392956,2.107044219970703
2023-04-17 06:00:00,15.5,15.5,24.700000000000003,2.5,41.0,16.3,15.99724,0.3027599334716804
2023-04-17 07:00:00,16.3,15.5,29.5,2.5,24.0,17.900000000000002,16.925596,0.9744037628173849
2023-04-17 08:00:00,17.900000000000002,18.5,42.5,2.4000000000000004,23.0,15.8,16.849936,-1.0499355316162102
2023-04-17 09:00:00,15.8,18.400000000000002,44.400000000000006,3.0,16.0,13.700000000000001,14.574528,-0.8745277404785146
2023-04-17 10:00:00,13.700000000000001,17.900000000000002,41.7,3.8000000000000003,30.0,13.700000000000001,12.603352,1.096648406982423
2023-04-17 11:00:00,13.700000000000001,17.0,35.800000000000004,3.3000000000000003,46.0,13.700000000000001,13.202498,0.49750156402587997
2023-04-17 12:00:00,13.700000000000001,18.400000000000002,25.5,2.6,65.0,11.700000000000001,13.431253,-1.731253433227538
2023-04-17 13:00:00,11.700000000000001,16.3,18.5,2.5,71.0,10.8,11.6728735,-0.8728734970092766
2023-04-17 14:00:00,10.8,17.1,14.4,1.8,82.0,9.9,10.743648,-0.8436475753784176
2023-04-17 15:00:00,9.9,14.8,10.700000000000001,1.6,84.0,9.3,9.826545,-0.5265447616577141
2023-04-17 16:00:00,9.3,13.100000000000001,9.4,1.9000000000000001,91.0,8.200000000000001,9.37019,-1.1701896667480458
2023-04-17 17:00:00,8.200000000000001,11.3,9.600000000000001,1.8,93.0,8.4,8.2983675,0.10163249969482457
2023-04-17 18:00:00,8.4,10.700000000000001,10.700000000000001,1.8,84.0,7.9,8.477111,-0.5771108627319332
2023-04-17 19:00:00,7.9,10.8,13.200000000000001,1.8,82.0,9.5,8.749961,0.7500391006469727
2023-04-17 20:00:00,9.5,10.3,16.8,2.1,76.0,9.3,10.539118,-1.2391178131103509
2023-04-17 21:00:00,9.3,10.200000000000001,26.0,2.0,69.0,9.600000000000001,10.673104,-1.0731042861938462
2023-04-17 22:00:00,9.600000000000001,10.3,30.8,2.3000000000000003,66.0,10.4,10.538474,-0.138474082946777
2023-04-17 23:00:00,10.4,11.5,35.5,2.4000000000000004,57.0,9.9,11.575781,-1.675780868530273
2023-04-18 00:00:00,9.9,11.3,40.6,2.9000000000000004,44.0,11.100000000000001,10.597394,0.5026060104370131
2023-04-18 01:00:00,11.100000000000001,12.200000000000001,42.1,3.3000000000000003,29.0,14.5,11.078953,3.4210472106933594
2023-04-18 02:00:00,14.5,15.700000000000001,36.5,3.1,21.0,15.200000000000001,14.830917,0.36908264160156357
2023-04-18 03:00:00,15.200000000000001,19.5,39.400000000000006,3.3000000000000003,22.0,15.5,15.918655,-0.4186553955078125
2023-04-18 04:00:00,15.5,18.7,34.5,3.6,22.0,16.1,15.875754,0.22424564361572408
2023-04-18 05:00:00,16.1,18.0,29.400000000000002,3.3000000000000003,23.0,16.2,16.69516,-0.4951599121093757
2023-04-18 06:00:00,16.2,17.8,35.0,3.1,21.0,15.700000000000001,17.767227,-2.0672271728515614
2023-04-18 07:00:00,15.700000000000001,19.3,40.2,3.3000000000000003,13.0,18.3,17.782127,0.517872619628907
2023-04-18 08:00:00,18.3,21.5,47.300000000000004,2.9000000000000004,16.0,20.0,18.36536,1.6346397399902344
2023-04-18 09:00:00,20.0,23.700000000000003,51.0,4.2,15.0,17.5,17.600153,-0.10015296936035156
2023-04-18 10:00:00,17.5,21.900000000000002,41.300000000000004,4.5,24.0,17.0,15.219181,1.7808189392089844
2023-04-18 11:00:00,17.0,22.3,36.2,4.0,30.0,15.3,15.427221,-0.12722129821777273
2023-04-18 12:00:00,15.3,21.1,31.200000000000003,3.0,53.0,13.0,14.368122,-1.3681221008300781
2023-04-18 13:00:00,13.0,19.200000000000003,22.6,3.2,66.0,13.0,12.983037,0.01696300506591797
2023-04-18 14:00:00,13.0,18.8,18.400000000000002,2.9000000000000004,78.0,12.4,13.138239,-0.7382389068603512
2023-04-18 15:00:00,12.4,17.3,14.200000000000001,2.5,88.0,12.600000000000001,12.559003,0.04099712371826314
2023-04-18 16:00:00,12.600000000000001,17.3,14.4,2.7,98.0,13.200000000000001,12.639905,0.5600950241088878
2023-04-18 17:00:00,13.200000000000001,17.0,13.5,2.6,100.0,13.700000000000001,13.3798485,0.3201515197753917
2023-04-18 18:00:00,13.700000000000001,17.1,14.0,2.1,98.0,14.600000000000001,14.141335,0.45866546630859517
2023-04-18 19:00:00,14.600000000000001,16.7,15.0,2.2,98.0,16.7,15.1053295,1.5946704864501946
2023-04-18 20:00:00,16.7,17.6,21.900000000000002,2.4000000000000004,93.0,20.200000000000003,18.07889,2.121110153198245
2023-04-18 21:00:00,20.200000000000003,19.1,27.6,2.5,79.0,18.2,19.627218,-1.4272182464599616
2023-04-18 22:00:00,18.2,19.3,36.2,2.5,69.0,19.1,19.748272,-0.6482719421386705
2023-04-18 23:00:00,19.1,20.6,37.1,3.2,57.0,20.3,19.453289,0.8467109680175788
2023-04-19 00:00:00,20.3,20.0,42.800000000000004,2.8000000000000003,51.0,19.6,20.008842,-0.40884246826171733
2023-04-19 01:00:00,19.6,23.6,41.800000000000004,2.9000000000000004,37.0,22.900000000000002,20.572212,2.327787780761721
2023-04-19 02:00:00,22.900000000000002,26.400000000000002,35.9,2.9000000000000004,38.0,26.400000000000002,23.25335,3.1466506958007834
2023-04-19 03:00:00,26.400000000000002,28.400000000000002,39.800000000000004,2.5,32.0,20.900000000000002,26.044792,-5.144792175292967
2023-04-19 04:00:00,20.900000000000002,29.200000000000003,36.7,2.4000000000000004,34.0,21.1,21.905138,-0.8051380157470689
2023-04-19 05:00:00,21.1,26.8,32.5,2.6,35.0,20.400000000000002,21.761976,-1.3619762420654276
2023-04-19 06:00:00,20.400000000000002,25.1,32.4,2.6,29.0,17.3,21.321741,-4.021741104125976
2023-04-19 07:00:00,17.3,23.8,40.5,2.2,20.0,18.900000000000002,19.799505,-0.8995052337646463
2023-04-19 08:00:00,18.900000000000002,24.700000000000003,43.900000000000006,2.9000000000000004,19.0,18.3,19.002327,-0.7023269653320305
2023-04-19 09:00:00,18.3,25.900000000000002,51.2,3.2,25.0,19.900000000000002,17.039719,2.8602813720703146
2023-04-19 10:00:00,19.900000000000002,24.700000000000003,36.0,3.5,28.0,17.1,17.706987,-0.6069873809814439
2023-04-19 11:00:00,17.1,26.3,28.6,3.2,46.0,15.700000000000001,16.95121,-1.2512100219726552
2023-04-19 12:00:00,15.700000000000001,24.5,22.400000000000002,3.2,62.0,14.9,15.183526,-0.2835260391235348
2023-04-19 13:00:00,14.9,23.0,17.2,3.0,70.0,15.3,14.694534,0.6054656982421882
2023-04-19 14:00:00,15.3,22.0,14.600000000000001,2.2,80.0,11.9,14.833364,-2.933363533020019
2023-04-19 15:00:00,11.9,20.700000000000003,12.9,2.0,89.0,10.700000000000001,12.582121,-1.8821208953857411
2023-04-19 16:00:00,10.700000000000001,20.8,11.5,2.0,98.0,9.3,11.098749,-1.7987491607666009
2023-04-19 17:00:00,9.3,17.8,11.5,2.3000000000000003,101.0,8.9,10.280578,-1.3805776596069332
2023-04-19 18:00:00,8.9,16.8,12.700000000000001,2.2,105.0,8.9,10.122519,-1.2225185394287106
2023-04-19 19:00:00,8.9,15.0,12.600000000000001,2.4000000000000004,100.0,10.9,10.439138,0.4608615875244144
2023-04-19 20:00:00,10.9,14.700000000000001,15.100000000000001,3.4000000000000004,100.0,11.8,12.069519,-0.2695190429687493
2023-04-19 21:00:00,11.8,17.900000000000002,24.3,3.4000000000000004,84.0,13.4,13.641427,-0.2414270401000973
2023-04-19 22:00:00,13.4,18.0,22.700000000000003,3.2,79.0,13.700000000000001,14.6067095,-0.9067094802856435
2023-04-19 23:00:00,13.700000000000001,19.0,26.0,2.7,76.0,14.9,15.292494,-0.39249382019042933
2023-04-20 00:00:00,14.9,18.7,17.0,2.3000000000000003,74.0,15.0,14.628364,0.37163639068603516
2023-04-20 01:00:00,15.0,17.900000000000002,13.4,2.0,77.0,13.4,14.394571,-0.9945713043212887
2023-04-20 02:00:00,13.4,16.8,11.9,2.2,73.0,12.700000000000001,12.844374,-0.14437370300292862
2023-04-20 03:00:00,12.700000000000001,15.4,10.5,1.8,72.0,10.100000000000001,12.008395,-1.9083951950073228
2023-04-20 04:00:00,10.100000000000001,11.600000000000001,9.3,1.9000000000000001,69.0,8.200000000000001,9.931167,-1.731166648864745
2023-04-20 05:00:00,8.200000000000001,10.5,9.3,1.9000000000000001,63.0,9.700000000000001,8.315491,1.384509277343751
2023-04-20 06:00:00,9.700000000000001,10.8,9.8,1.8,60.0,9.5,9.886704,-0.3867044448852539
2023-04-20 07:00:00,9.5,10.8,12.700000000000001,1.9000000000000001,57.0,9.8,10.127453,-0.32745285034179616
2023-04-20 08:00:00,9.8,10.9,16.3,2.0,56.0,9.600000000000001,9.075852,0.5241476058959975
2023-04-20 09:00:00,9.600000000000001,10.700000000000001,15.200000000000001,1.7000000000000002,54.0,10.0,8.540267,1.459733009338379
2023-04-20 10:00:00,10.0,12.5,16.0,1.6,51.0,12.100000000000001,9.1089735,2.9910264968872085
2023-04-20 11:00:00,12.100000000000001,13.4,15.700000000000001,1.5,49.0,11.0,10.747332,0.2526683807373047
2023-04-20 12:00:00,11.0,13.100000000000001,14.700000000000001,1.4000000000000001,50.0,12.3,9.655161,2.6448390960693366
2023-04-20 13:00:00,12.3,14.100000000000001,15.200000000000001,1.5,52.0,12.3,11.14262,1.1573799133300788
2023-04-20 14:00:00,12.3,14.4,16.8,1.7000000000000002,53.0,12.100000000000001,11.471106,0.628894424438478
2023-04-20 15:00:00,12.100000000000001,13.5,15.600000000000001,1.7000000000000002,56.0,9.700000000000001,11.659785,-1.959785270690917
2023-04-20 16:00:00,9.700000000000001,12.4,15.8,1.5,59.0,11.3,9.6005,1.6994998931884773
2023-04-20 17:00:00,11.3,11.8,17.8,1.5,59.0,11.200000000000001,11.3255,-0.12549953460693253
2023-04-20 18:00:00,11.200000000000001,12.0,17.1,1.5,61.0,11.3,11.106155,0.1938446044921882
2023-04-20 19:00:00,11.3,12.100000000000001,17.3,1.7000000000000002,64.0,10.8,11.487003,-0.6870033264160149
2023-04-20 20:00:00,10.8,13.4,18.2,1.8,63.0,11.200000000000001,11.664674,-0.46467380523681534
2023-04-20 21:00:00,11.200000000000001,13.600000000000001,17.3,1.8,63.0,12.0,11.71371,0.28629016876220703
2023-04-20 22:00:00,12.0,14.4,15.600000000000001,1.7000000000000002,61.0,12.4,11.636649,0.763350868225098
2023-04-20 23:00:00,12.4,13.200000000000001,14.700000000000001,1.4000000000000001,58.0,12.100000000000001,11.223132,0.8768678665161147
2023-04-21 00:00:00,12.100000000000001,13.9,12.200000000000001,1.3,57.0,12.3,11.196048,1.1039522171020515
2023-04-21 01:00:00,12.3,13.3,10.8,1.3,57.0,11.8,11.015252,0.7847478866577156
2023-04-21 02:00:00,11.8,13.4,9.3,0.8,58.0,10.5,10.871884,-0.3718843460083008
2023-04-21 03:00:00,10.5,11.3,8.5,1.1,55.0,10.200000000000001,9.906877,0.29312343597412216
2023-04-21 04:00:00,10.200000000000001,11.100000000000001,8.200000000000001,1.0,54.0,9.700000000000001,9.615821,0.08417911529541122
2023-04-21 05:00:00,9.700000000000001,10.5,8.1,1.3,55.0,9.8,9.069645,0.7303550720214851
2023-04-21 06:00:00,9.8,11.3,9.0,1.7000000000000002,51.0,12.4,9.918141,2.481858634948731
2023-04-21 07:00:00,12.4,12.100000000000001,12.700000000000001,1.7000000000000002,45.0,13.0,11.840043,1.159956932067871
2023-04-21 08:00:00,13.0,14.5,15.700000000000001,1.7000000000000002,45.0,12.9,11.501806,1.398193740844727
2023-04-21 09:00:00,12.9,13.700000000000001,19.200000000000003,1.6,45.0,10.9,11.236223,-0.33622322082519496
2023-04-21 10:00:00,10.9,13.700000000000001,23.200000000000003,1.7000000000000002,41.0,12.100000000000001,9.999701,2.100299453735353
2023-04-21 11:00:00,12.100000000000001,15.3,23.8,1.6,41.0,12.8,11.573924,1.2260759353637702
2023-04-21 12:00:00,12.8,15.0,23.5,1.4000000000000001,46.0,12.600000000000001,11.451048,1.1489521026611342
2023-04-21 13:00:00,12.600000000000001,14.8,22.400000000000002,1.7000000000000002,50.0,12.700000000000001,11.494979,1.20502109527588
2023-04-21 14:00:00,12.700000000000001,14.9,19.6,1.7000000000000002,57.0,11.8,11.88518,-0.08518047332763601
2023-04-21 15:00:00,11.8,14.100000000000001,18.0,2.1,67.0,10.200000000000001,11.832207,-1.6322067260742177
2023-04-21 16:00:00,10.200000000000001,14.100000000000001,14.600000000000001,2.0,69.0,12.3,10.413913,1.8860872268676765
2023-04-21 17:00:00,12.3,14.600000000000001,15.700000000000001,2.1,73.0,12.700000000000001,12.530686,0.16931362152099716
2023-04-21 18:00:00,12.700000000000001,14.700000000000001,17.3,2.0,72.0,13.0,12.879183,0.12081718444824219
2023-04-21 19:00:00,13.0,14.3,22.0,2.3000000000000003,69.0,12.5,13.814053,-1.3140525817871094
2023-04-21 20:00:00,12.5,13.8,26.8,2.6,58.0,12.5,13.541241,-1.0412406921386719
2023-04-21 21:00:00,12.5,13.5,34.9,2.9000000000000004,44.0,13.0,13.839085,-0.8390846252441406
2023-04-21 22:00:00,13.0,13.5,40.5,3.3000000000000003,32.0,13.5,13.704834,-0.204833984375
2023-04-21 23:00:00,13.5,14.100000000000001,41.5,3.0,29.0,13.3,14.223622,-0.9236223220825188
2023-04-22 00:00:00,13.3,14.700000000000001,42.400000000000006,3.1,23.0,12.9,13.711969,-0.8119693756103512
2023-04-22 01:00:00,12.9,13.8,40.800000000000004,2.6,20.0,16.6,13.068386,3.531613922119142
2023-04-22 02:00:00,16.6,21.6,32.800000000000004,2.7,13.0,16.8,16.94276,-0.14276046752929616
2023-04-22 03:00:00,16.8,19.700000000000003,34.2,2.4000000000000004,10.0,19.200000000000003,16.270174,2.929825973510745
2023-04-22 04:00:00,19.200000000000003,17.900000000000002,33.1,2.8000000000000003,9.0,17.5,18.183113,-0.6831130981445312
2023-04-22 05:00:00,17.5,17.900000000000002,32.1,3.1,10.0,16.0,17.353302,-1.353302001953125
2023-04-22 06:00:00,16.0,17.6,28.6,2.7,8.0,16.2,16.984133,-0.7841327667236335
2023-04-22 07:00:00,16.2,16.1,26.400000000000002,2.6,6.0,19.3,16.993198,2.30680160522461
2023-04-22 08:00:00,19.3,16.900000000000002,27.700000000000003,2.7,10.0,16.1,17.613756,-1.513756179809569
2023-04-22 09:00:00,16.1,18.7,27.0,2.7,11.0,16.0,15.11514,0.8848600387573242
2023-04-22 10:00:00,16.0,18.0,25.700000000000003,2.8000000000000003,18.0,15.200000000000001,14.82431,0.37568969726562607
2023-04-22 11:00:00,15.200000000000001,17.7,20.6,2.9000000000000004,28.0,14.600000000000001,14.124854,0.4751459121704116
2023-04-22 12:00:00,14.600000000000001,16.6,19.200000000000003,2.5,41.0,13.3,13.674081,-0.37408084869384695
2023-04-22 13:00:00,13.3,16.5,15.9,2.3000000000000003,54.0,12.700000000000001,12.838089,-0.13808898925781143
2023-04-22 14:00:00,12.700000000000001,14.4,15.700000000000001,2.2,66.0,11.100000000000001,12.079233,-0.9792331695556626
2023-04-22 15:00:00,11.100000000000001,14.4,14.4,1.9000000000000001,80.0,10.5,11.182328,-0.6823282241821289
2023-04-22 16:00:00,10.5,13.8,11.600000000000001,1.9000000000000001,91.0,9.9,10.497295,-0.5972953796386715
2023-04-22 17:00:00,9.9,13.600000000000001,9.9,1.8,99.0,10.3,10.312756,-0.012755584716796164
2023-04-22 18:00:00,10.3,13.4,10.3,1.9000000000000001,99.0,11.600000000000001,10.539657,1.0603433609008803
2023-04-22 19:00:00,11.600000000000001,14.0,11.3,2.3000000000000003,97.0,14.600000000000001,12.039263,2.560737228393556
2023-04-22 20:00:00,14.600000000000001,15.8,18.3,2.9000000000000004,85.0,14.5,15.753162,-1.2531623840332031
2023-04-22 21:00:00,14.5,17.5,30.1,3.1,78.0,15.9,16.647467,-0.7474666595458981
2023-04-22 22:00:00,15.9,18.2,39.5,3.6,71.0,16.5,17.382597,-0.8825969696044922
2023-04-22 23:00:00,16.5,18.0,48.300000000000004,3.7,51.0,17.3,17.215694,0.08430557250976634
2023-04-23 00:00:00,17.3,19.0,45.5,3.6,37.0,19.6,18.090937,1.5090633392333999
2023-04-23 01:00:00,19.6,18.7,48.300000000000004,3.5,24.0,21.0,18.42184,2.5781593322753906
2023-04-23 02:00:00,21.0,25.200000000000003,41.5,2.8000000000000003,23.0,19.1,21.192705,-2.092705154418944
2023-04-23 03:00:00,19.1,22.700000000000003,37.0,3.1,29.0,17.0,19.928442,-2.9284420013427734
2023-04-23 04:00:00,17.0,21.6,27.3,2.9000000000000004,26.0,16.6,17.730782,-1.1307815551757798
2023-04-23 05:00:00,16.6,21.8,28.6,3.2,29.0,17.2,17.806322,-0.606322097778321
2023-04-23 06:00:00,17.2,20.900000000000002,29.900000000000002,3.1,24.0,17.6,18.58599,-0.9859909057617173
2023-04-23 07:00:00,17.6,20.5,27.3,3.3000000000000003,23.0,17.6,18.605705,-1.0057052612304673
2023-04-23 08:00:00,17.6,20.400000000000002,28.200000000000003,3.6,27.0,15.5,16.719898,-1.2198982238769531
2023-04-23 09:00:00,15.5,19.700000000000003,23.400000000000002,3.6,36.0,13.700000000000001,14.450447,-0.7504470825195302
2023-04-23 10:00:00,13.700000000000001,17.8,19.400000000000002,2.8000000000000003,47.0,11.200000000000001,13.108443,-1.90844326019287
2023-04-23 11:00:00,11.200000000000001,15.700000000000001,16.2,2.4000000000000004,60.0,9.700000000000001,11.088199,-1.3881986618041982
2023-04-23 12:00:00,9.700000000000001,13.600000000000001,12.3,2.3000000000000003,75.0,9.8,9.744521,0.05547885894775462
2023-04-23 13:00:00,9.8,13.3,10.200000000000001,2.5,88.0,9.8,9.716233,0.0837667465209968
2023-04-23 14:00:00,9.8,14.3,8.4,2.5,93.0,10.3,9.82864,0.47136001586914134
2023-04-23 15:00:00,10.3,14.200000000000001,7.800000000000001,2.5,98.0,10.4,10.36993,0.03006973266601598
2023-04-23 16:00:00,10.4,13.700000000000001,6.9,1.7000000000000002,105.0,11.700000000000001,10.332591,1.3674089431762706
2023-04-23 17:00:00,11.700000000000001,13.700000000000001,7.300000000000001,2.1,108.0,12.100000000000001,11.393893,0.7061067581176772
2023-04-23 18:00:00,12.100000000000001,13.700000000000001,8.8,2.4000000000000004,101.0,12.3,11.923018,0.3769815444946296
2023-04-23 19:00:00,12.3,15.600000000000001,11.200000000000001,2.8000000000000003,99.0,11.700000000000001,12.928229,-1.2282293319702138
2023-04-23 20:00:00,11.700000000000001,14.5,12.4,3.4000000000000004,88.0,11.0,12.295333,-1.295332908630371
2023-04-23 21:00:00,11.0,15.0,17.1,3.9000000000000004,83.0,11.9,12.016986,-0.11698589324951136
2023-04-23 22:00:00,11.9,15.4,19.1,4.3,79.0,13.600000000000001,12.755806,0.8441940307617202
2023-04-23 23:00:00,13.600000000000001,15.5,19.8,4.800000000000001,72.0,13.0,14.093642,-1.093642234802246
2023-04-24 00:00:00,13.0,14.9,19.700000000000003,3.9000000000000004,72.0,12.5,12.693132,-0.1931324005126953
2023-04-24 01:00:00,12.5,13.9,16.5,3.9000000000000004,79.0,11.4,12.213975,-0.8139749526977536
2023-04-24 02:00:00,11.4,13.0,13.0,3.2,77.0,8.3,11.48151,-3.181510162353515
2023-04-24 03:00:00,8.3,10.200000000000001,10.9,2.3000000000000003,72.0,7.7,8.510833,-0.8108327865600584
2023-04-24 04:00:00,7.7,9.1,10.4,2.5,69.0,6.6000000000000005,8.019844,-1.4198440551757807
2023-04-24 05:00:00,6.6000000000000005,8.0,8.8,2.0,65.0,6.2,6.792188,-0.5921881675720213
2023-04-24 06:00:00,6.2,7.800000000000001,11.200000000000001,2.3000000000000003,63.0,8.200000000000001,6.7920623,1.4079377174377452
2023-04-24 07:00:00,8.200000000000001,9.600000000000001,16.8,2.8000000000000003,46.0,10.3,8.948995,1.3510053634643562
2023-04-24 08:00:00,10.3,9.200000000000001,22.900000000000002,3.1,39.0,7.2,9.043033,-1.843032646179199
2023-04-24 09:00:00,7.2,9.3,22.700000000000003,3.3000000000000003,43.0,8.8,6.3787246,2.421275424957276
2023-04-24 10:00:00,8.8,10.100000000000001,16.6,2.9000000000000004,50.0,8.0,8.258521,-0.25852108001708984
2023-04-24 11:00:00,8.0,9.600000000000001,17.6,3.9000000000000004,61.0,6.4,7.742114,-1.3421140670776364
2023-04-24 12:00:00,6.4,8.8,13.8,4.0,69.0,6.6000000000000005,6.3450856,0.2549143791198736
2023-04-24 13:00:00,6.6000000000000005,7.6000000000000005,12.200000000000001,3.4000000000000004,81.0,5.5,6.623975,-1.1239748001098633
2023-04-24 14:00:00,5.5,6.6000000000000005,10.4,2.4000000000000004,83.0,5.0,5.27827,-0.27826976776123047
2023-04-24 15:00:00,5.0,5.9,9.1,2.0,87.0,5.4,4.6995573,0.7004426956176761
2023-04-24 16:00:00,5.4,5.9,8.6,2.2,90.0,5.5,5.347109,0.1528911590576172
2023-04-24 17:00:00,5.5,6.4,9.600000000000001,2.6,93.0,6.0,5.7346373,0.2653627395629883
2023-04-24 18:00:00,6.0,6.7,9.8,2.8000000000000003,89.0,6.300000000000001,6.3568335,-0.05683345794677663
2023-04-24 19:00:00,6.300000000000001,6.5,17.400000000000002,2.8000000000000003,85.0,6.300000000000001,7.304203,-1.004203033447265
2023-04-24 20:00:00,6.300000000000001,6.9,21.5,3.3000000000000003,82.0,7.2,7.6740017,-0.47400169372558576
2023-04-24 21:00:00,7.2,7.2,27.5,3.1,77.0,9.0,8.513517,0.4864826202392578
2023-04-24 22:00:00,9.0,7.9,24.0,3.5,71.0,9.0,9.477799,-0.4777994155883789
2023-04-24 23:00:00,9.0,8.1,22.0,2.8000000000000003,68.0,10.600000000000001,9.003517,1.5964828491210952
2023-04-25 00:00:00,10.600000000000001,8.1,25.6,2.6,58.0,7.800000000000001,10.1293125,-2.3293125152587884
2023-04-25 01:00:00,7.800000000000001,7.6000000000000005,24.0,2.6,60.0,10.600000000000001,7.938778,2.661222076416017
2023-04-25 02:00:00,10.600000000000001,8.6,17.1,2.6,52.0,13.4,9.904015,3.4959854125976566
2023-04-25 03:00:00,13.4,9.4,14.3,2.2,57.0,7.800000000000001,12.022918,-4.222917747497558
2023-04-25 04:00:00,7.800000000000001,8.8,10.8,2.5,65.0,7.7,7.879288,-0.17928819656372053
2023-04-25 05:00:00,7.7,7.7,10.100000000000001,2.1,66.0,6.800000000000001,7.591635,-0.7916352272033684
2023-04-25 06:00:00,6.800000000000001,7.300000000000001,10.5,2.1,67.0,7.2,7.0110946,0.18890542984008807
2023-04-25 07:00:00,7.2,8.200000000000001,14.0,2.1,60.0,8.0,7.711127,0.28887319564819336
2023-04-25 08:00:00,8.0,8.5,16.0,2.0,55.0,6.9,7.364108,-0.46410808563232386
2023-04-25 09:00:00,6.9,8.8,14.9,2.2,49.0,6.9,6.369223,0.5307768821716312
2023-04-25 10:00:00,6.9,8.6,14.8,1.6,54.0,7.6000000000000005,6.3320704,1.2679296493530279
2023-04-25 11:00:00,7.6000000000000005,9.9,12.0,1.9000000000000001,64.0,8.9,7.272942,1.6270579338073734
2023-04-25 12:00:00,8.9,10.700000000000001,10.4,2.1,70.0,8.4,8.174897,0.22510280609130895
2023-04-25 13:00:00,8.4,9.600000000000001,9.700000000000001,2.1,80.0,7.7,7.7631307,-0.06313066482543928
2023-04-25 14:00:00,7.7,9.5,9.3,2.1,81.0,8.200000000000001,7.4486814,0.751318645477296
2023-04-25 15:00:00,8.200000000000001,8.9,9.1,2.4000000000000004,85.0,6.4,7.765605,-1.3656049728393551
2023-04-25 16:00:00,6.4,7.800000000000001,8.1,2.4000000000000004,92.0,5.6000000000000005,6.6019373,-1.0019372940063471
2023-04-25 17:00:00,5.6000000000000005,6.4,8.4,2.5,92.0,4.800000000000001,5.5389566,-0.7389566421508782
2023-04-25 18:00:00,4.800000000000001,7.1000000000000005,9.8,2.2,86.0,5.9,5.319202,0.5807980537414554
2023-04-25 19:00:00,5.9,7.6000000000000005,12.8,2.5,87.0,7.0,6.9626384,0.03736162185668945
2023-04-25 20:00:00,7.0,6.800000000000001,15.700000000000001,2.8000000000000003,82.0,7.2,7.836131,-0.6361310958862303
2023-04-25 21:00:00,7.2,7.6000000000000005,24.0,3.1,74.0,7.800000000000001,8.007892,-0.207891654968261
2023-04-25 22:00:00,7.800000000000001,7.800000000000001,19.700000000000003,2.6,72.0,7.2,8.16586,-0.9658601760864256
2023-04-25 23:00:00,7.2,7.2,18.2,2.6,68.0,7.1000000000000005,6.9288077,0.1711922645568853
2023-04-26 00:00:00,7.1000000000000005,7.7,20.200000000000003,2.3000000000000003,63.0,7.5,7.1179514,0.3820486068725586
2023-04-26 01:00:00,7.5,7.9,18.5,2.5,56.0,8.0,7.4398303,0.5601696968078613
2023-04-26 02:00:00,8.0,8.0,19.1,2.8000000000000003,52.0,9.200000000000001,8.171478,1.028521728515626
2023-04-26 03:00:00,9.200000000000001,9.0,20.5,2.2,42.0,10.100000000000001,9.227307,0.8726926803588881
2023-04-26 04:00:00,10.100000000000001,11.200000000000001,18.7,2.3000000000000003,35.0,10.0,10.256769,-0.25676918029785156
2023-04-26 05:00:00,10.0,10.0,17.2,2.5,33.0,9.0,10.107582,-1.1075820922851562
2023-04-26 06:00:00,9.0,10.0,20.900000000000002,2.5,22.0,10.100000000000001,9.836658,0.2633424758911147
2023-04-26 07:00:00,10.100000000000001,11.600000000000001,27.5,2.6,14.0,11.200000000000001,11.331612,-0.13161163330078018
2023-04-26 08:00:00,11.200000000000001,16.1,30.1,3.0,14.0,14.100000000000001,11.463961,2.6360393524169936
2023-04-26 09:00:00,14.100000000000001,17.900000000000002,39.2,3.3000000000000003,20.0,14.700000000000001,13.462755,1.2372447967529308
2023-04-26 10:00:00,14.700000000000001,17.900000000000002,36.0,3.5,26.0,13.5,13.606361,-0.10636138916015625
2023-04-26 11:00:00,13.5,17.6,29.900000000000002,3.1,38.0,14.200000000000001,13.264188,0.9358121871948253
2023-04-26 12:00:00,14.200000000000001,15.8,25.700000000000003,2.7,59.0,11.8,13.640732,-1.8407318115234368
2023-04-26 13:00:00,11.8,14.200000000000001,20.6,2.6,68.0,10.4,11.63551,-1.235510444641113
2023-04-26 14:00:00,10.4,13.600000000000001,15.600000000000001,2.7,76.0,10.100000000000001,10.669301,-0.5693010330200181
2023-04-26 15:00:00,10.100000000000001,13.5,14.0,2.5,87.0,10.600000000000001,10.450652,0.14934787750244283
2023-04-26 16:00:00,10.600000000000001,13.4,13.100000000000001,2.5,95.0,8.700000000000001,10.962405,-2.262405204772948
2023-04-26 17:00:00,8.700000000000001,12.100000000000001,11.8,2.3000000000000003,97.0,9.4,9.071016,0.32898368835449254
2023-04-26 18:00:00,9.4,12.0,12.0,2.2,100.0,10.100000000000001,9.851644,0.2483564376831069
2023-04-26 19:00:00,10.100000000000001,11.8,13.3,2.1,99.0,10.100000000000001,10.783409,-0.6834091186523423
2023-04-26 20:00:00,10.100000000000001,11.200000000000001,21.400000000000002,2.7,86.0,11.9,11.538454,0.36154594421386754
2023-04-26 21:00:00,11.9,14.0,35.2,3.2,74.0,13.4,13.833275,-0.4332748413085934
2023-04-26 22:00:00,13.4,14.700000000000001,38.6,3.8000000000000003,62.0,13.200000000000001,14.452697,-1.2526968002319325
2023-04-26 23:00:00,13.200000000000001,15.700000000000001,32.4,3.7,64.0,11.0,13.993243,-2.9932432174682617
2023-04-27 00:00:00,11.0,15.3,26.700000000000003,3.1,65.0,10.4,11.782231,-1.3822313308715817
2023-04-27 01:00:00,10.4,15.100000000000001,27.5,3.2,56.0,10.700000000000001,11.412042,-0.7120416641235341
2023-04-27 02:00:00,10.700000000000001,15.9,31.1,2.8000000000000003,42.0,13.3,11.433344,1.8666561126708991
2023-04-27 03:00:00,13.3,19.200000000000003,34.6,3.0,35.0,12.100000000000001,14.815445,-2.715444946289061
2023-04-27 04:00:00,12.100000000000001,20.900000000000002,36.2,2.6,34.0,19.1,13.591865,5.508135414123537
2023-04-27 05:00:00,19.1,22.8,32.2,2.3000000000000003,31.0,18.6,19.567461,-0.9674610137939439
2023-04-27 06:00:00,18.6,24.0,31.3,1.9000000000000001,30.0,19.1,19.703644,-0.6036437988281236
2023-04-27 07:00:00,19.1,26.1,31.8,1.7000000000000002,30.0,18.7,20.352089,-1.652088928222657
2023-04-27 08:00:00,18.7,26.900000000000002,34.9,1.9000000000000001,26.0,15.9,18.596933,-2.6969333648681637
2023-04-27 09:00:00,15.9,26.0,34.4,2.3000000000000003,25.0,17.900000000000002,14.833869,3.0661310195922873
2023-04-27 10:00:00,17.900000000000002,26.1,28.400000000000002,2.5,43.0,16.3,17.06823,-0.768229675292968
2023-04-27 11:00:00,16.3,26.1,21.700000000000003,2.6,63.0,16.8,16.437891,0.36210899353027415
2023-04-27 12:00:00,16.8,24.0,15.200000000000001,2.8000000000000003,75.0,13.5,16.179308,-2.6793079376220703
2023-04-27 13:00:00,13.5,21.1,12.700000000000001,2.4000000000000004,82.0,13.9,13.543973,0.3560270309448246
2023-04-27 14:00:00,13.9,20.8,12.700000000000001,2.4000000000000004,90.0,15.200000000000001,13.851208,1.3487922668457042
2023-04-27 15:00:00,15.200000000000001,21.3,12.0,2.4000000000000004,97.0,15.3,14.770129,0.529870796203614
2023-04-27 16:00:00,15.3,20.6,11.3,2.4000000000000004,101.0,14.3,15.312395,-1.0123950958251946
2023-04-27 17:00:00,14.3,19.3,12.0,2.5,104.0,15.100000000000001,14.7104435,0.38955650329589986
2023-04-27 18:00:00,15.100000000000001,19.700000000000003,15.0,2.7,105.0,14.4,16.284273,-1.8842731475830075
2023-04-27 19:00:00,14.4,19.900000000000002,15.5,2.7,106.0,15.600000000000001,15.899818,-0.29981842041015483
2023-04-27 20:00:00,15.600000000000001,20.200000000000003,18.5,2.7,100.0,17.400000000000002,17.087473,0.31252708435058807
2023-04-27 21:00:00,17.400000000000002,22.1,27.700000000000003,2.6,88.0,16.8,19.098341,-2.298340988159179
2023-04-27 22:00:00,16.8,21.5,31.200000000000003,2.6,83.0,18.400000000000002,18.414927,-0.014926528930661931
2023-04-27 23:00:00,18.400000000000002,24.200000000000003,33.6,2.5,75.0,18.7,19.674656,-0.9746559143066413
2023-04-28 00:00:00,18.7,25.700000000000003,29.700000000000003,2.4000000000000004,72.0,16.7,20.015162,-3.3151615142822273
2023-04-28 01:00:00,16.7,24.1,25.700000000000003,2.3000000000000003,64.0,16.1,17.751335,-1.6513351440429673
2023-04-28 02:00:00,16.1,23.700000000000003,23.900000000000002,2.3000000000000003,57.0,17.2,17.212282,-0.012282180786133523
2023-04-28 03:00:00,17.2,23.1,22.3,2.0,53.0,16.900000000000002,17.588436,-0.6884361267089822
2023-04-28 04:00:00,16.900000000000002,22.1,19.1,2.3000000000000003,49.0,17.7,17.010626,0.6893741607666009
2023-04-28 05:00:00,17.7,23.0,17.900000000000002,2.3000000000000003,49.0,15.600000000000001,17.993256,-2.3932556152343736
2023-04-28 06:00:00,15.600000000000001,21.200000000000003,20.200000000000003,2.6,44.0,17.8,16.613234,1.186766433715821
2023-04-28 07:00:00,17.8,22.8,26.8,2.4000000000000004,34.0,17.900000000000002,18.988531,-1.0885311126708963
2023-04-28 08:00:00,17.900000000000002,24.400000000000002,31.400000000000002,2.2,33.0,18.5,17.299799,1.2002010345458984
2023-04-28 09:00:00,18.5,22.6,33.800000000000004,2.3000000000000003,37.0,18.1,16.244102,1.8558975219726577
2023-04-28 10:00:00,18.1,21.0,31.1,2.4000000000000004,44.0,17.5,15.542443,1.9575567245483398
2023-04-28 11:00:00,17.5,23.8,26.0,2.4000000000000004,58.0,15.8,16.54489,-0.7448894500732415
2023-04-28 12:00:00,15.8,23.1,19.6,2.5,78.0,15.9,15.477182,0.4228176116943363
2023-04-28 13:00:00,15.9,22.400000000000002,17.0,2.8000000000000003,83.0,13.4,15.691747,-2.2917467117309567
2023-04-28 14:00:00,13.4,19.5,10.700000000000001,2.4000000000000004,88.0,10.3,13.277448,-2.9774477005004876
2023-04-28 15:00:00,10.3,16.400000000000002,10.100000000000001,2.3000000000000003,99.0,9.600000000000001,10.457016,-0.8570159912109361
2023-04-28 16:00:00,9.600000000000001,15.200000000000001,10.4,2.3000000000000003,102.0,13.100000000000001,9.869485,3.2305150985717788
2023-04-28 17:00:00,13.100000000000001,14.700000000000001,10.8,2.4000000000000004,104.0,14.0,12.659922,1.340078353881836
2023-04-28 18:00:00,14.0,18.2,13.4,2.4000000000000004,109.0,11.8,14.475034,-2.6750337600708
2023-04-28 19:00:00,11.8,16.3,14.100000000000001,3.0,106.0,13.600000000000001,12.884743,0.7152572631835952
2023-04-28 20:00:00,13.600000000000001,18.2,16.400000000000002,3.3000000000000003,100.0,14.5,15.017887,-0.5178871154785156
2023-04-28 21:00:00,14.5,18.900000000000002,15.600000000000001,3.4000000000000004,89.0,12.0,15.282924,-3.282923698425293
2023-04-28 22:00:00,12.0,17.8,15.3,3.2,84.0,12.100000000000001,12.818764,-0.7187637329101548
2023-04-28 23:00:00,12.100000000000001,16.400000000000002,14.200000000000001,3.2,73.0,10.600000000000001,12.252224,-1.652223968505858
2023-04-29 00:00:00,10.600000000000001,15.600000000000001,12.200000000000001,2.5,68.0,10.5,10.735056,-0.23505592346191406
2023-04-29 01:00:00,10.5,14.9,11.4,2.3000000000000003,69.0,10.8,10.468561,0.33143882751464915
2023-04-29 02:00:00,10.8,16.7,12.5,2.6,64.0,10.700000000000001,11.042141,-0.3421409606933583
2023-04-29 03:00:00,10.700000000000001,17.2,13.100000000000001,3.0,60.0,12.5,11.321221,1.1787786483764648
2023-04-29 04:00:00,12.5,18.0,11.4,3.1,60.0,12.100000000000001,12.738735,-0.638735198974608
2023-04-29 05:00:00,12.100000000000001,17.6,11.0,3.1,58.0,11.3,12.54782,-1.2478200912475579
2023-04-29 06:00:00,11.3,17.400000000000002,12.600000000000001,2.9000000000000004,59.0,11.100000000000001,12.2170515,-1.117051506042479
2023-04-29 07:00:00,11.100000000000001,17.1,15.9,2.7,51.0,11.200000000000001,11.965736,-0.7657363891601552
2023-04-29 08:00:00,11.200000000000001,19.6,20.6,3.0,46.0,11.9,11.584764,0.31523647308349645
2023-04-29 09:00:00,11.9,19.700000000000003,19.700000000000003,2.6,55.0,11.0,12.137701,-1.1377010345458984
2023-04-29 10:00:00,11.0,17.900000000000002,19.0,2.2,49.0,9.5,10.7525835,-1.2525835037231445
2023-04-29 11:00:00,9.5,16.6,19.3,2.6,45.0,8.8,9.701287,-0.9012872695922844
2023-04-29 12:00:00,8.8,16.1,15.5,2.4000000000000004,56.0,10.0,9.233074,0.7669258117675781
2023-04-29 13:00:00,10.0,16.400000000000002,12.8,2.5,67.0,12.200000000000001,10.471952,1.7280475616455089
2023-04-29 14:00:00,12.200000000000001,16.6,10.200000000000001,2.4000000000000004,74.0,9.9,12.078095,-2.178095436096191
2023-04-29 15:00:00,9.9,16.3,8.700000000000001,2.5,82.0,10.3,10.399123,-0.09912319183349538
2023-04-29 16:00:00,10.3,16.0,9.0,2.7,87.0,10.200000000000001,10.6101055,-0.4101055145263661
2023-04-29 17:00:00,10.200000000000001,14.600000000000001,8.1,2.7,94.0,10.0,10.712342,-0.7123422622680664
2023-04-29 18:00:00,10.0,15.3,11.8,2.6,93.0,9.5,11.072842,-1.5728416442871094
2023-04-29 19:00:00,9.5,16.0,13.700000000000001,2.7,91.0,13.100000000000001,11.136756,1.9632440567016616
2023-04-29 20:00:00,13.100000000000001,19.400000000000002,15.3,3.2,80.0,13.3,14.681215,-1.381215286254882
2023-04-29 21:00:00,13.3,19.900000000000002,23.5,2.9000000000000004,74.0,15.200000000000001,15.303736,-0.1037357330322255
2023-04-29 22:00:00,15.200000000000001,22.0,21.6,2.7,70.0,15.700000000000001,16.739902,-1.0399024963378896
2023-04-29 23:00:00,15.700000000000001,21.1,25.5,2.7,61.0,16.400000000000002,16.814194,-0.41419372558593537
2023-04-30 00:00:00,16.400000000000002,22.8,24.5,2.3000000000000003,53.0,16.1,16.892813,-0.7928127288818345
2023-04-30 01:00:00,16.1,22.3,21.5,2.1,52.0,16.8,16.443483,0.3565166473388679
2023-04-30 02:00:00,16.8,21.0,17.6,2.1,50.0,19.0,16.303627,2.6963729858398438
2023-04-30 03:00:00,19.0,19.8,14.100000000000001,2.1,53.0,22.0,17.657763,4.34223747253418
2023-04-30 04:00:00,22.0,24.3,12.9,2.1,53.0,21.6,21.324863,0.2751365661621108
2023-04-30 05:00:00,21.6,27.0,13.0,2.4000000000000004,55.0,23.0,21.572304,1.4276962280273438
2023-04-30 06:00:00,23.0,28.700000000000003,13.3,2.3000000000000003,55.0,22.8,22.27367,0.5263298034667976
2023-04-30 07:00:00,22.8,28.6,15.100000000000001,2.4000000000000004,55.0,21.700000000000003,22.601345,-0.9013450622558565
2023-04-30 08:00:00,21.700000000000003,27.400000000000002,15.8,2.4000000000000004,55.0,22.1,21.135796,0.9642044067382827
2023-04-30 09:00:00,22.1,27.1,12.700000000000001,2.4000000000000004,53.0,20.1,20.645472,-0.5454715728759751
2023-04-30 10:00:00,20.1,26.400000000000002,11.5,2.2,60.0,18.5,18.448935,0.05106544494628906
2023-04-30 11:00:00,18.5,23.1,9.200000000000001,2.3000000000000003,73.0,17.5,17.008396,0.4916038513183594
2023-04-30 12:00:00,17.5,24.1,8.200000000000001,2.0,85.0,16.900000000000002,16.595419,0.3045810699462912
2023-04-30 13:00:00,16.900000000000002,22.5,7.4,2.0,93.0,13.9,16.10619,-2.2061897277832028
2023-04-30 14:00:00,13.9,20.6,7.4,2.0,96.0,15.700000000000001,13.467144,2.232855987548829
2023-04-30 15:00:00,15.700000000000001,19.5,7.6000000000000005,1.9000000000000001,98.0,16.6,14.983633,1.6163669586181655
2023-04-30 16:00:00,16.6,20.0,7.2,2.0,100.0,17.900000000000002,16.468819,1.4311813354492209
2023-04-30 17:00:00,17.900000000000002,21.1,8.3,2.2,100.0,19.0,17.968468,1.0315322875976562
2023-04-30 18:00:00,19.0,23.200000000000003,11.8,2.1,96.0,16.7,19.71488,-3.014879989624024
2023-04-30 19:00:00,16.7,20.1,10.600000000000001,2.0,91.0,17.5,17.212492,0.2875080108642578
2023-04-30 20:00:00,17.5,19.5,15.200000000000001,2.2,87.0,18.3,18.43157,-0.13157005310058523
2023-04-30 21:00:00,18.3,19.8,17.400000000000002,2.2,78.0,17.8,18.762466,-0.9624664306640618
2023-04-30 22:00:00,17.8,18.6,16.3,2.1,76.0,17.5,17.604235,-0.10423469543457031
2023-04-30 23:00:00,17.5,18.0,16.900000000000002,2.3000000000000003,67.0,16.6,16.868221,-0.26822128295898295
2023-05-01 00:00:00,16.6,17.0,15.9,2.1,62.0,14.700000000000001,15.374649,-0.6746490478515614
2023-05-01 01:00:00,14.700000000000001,16.2,16.2,1.9000000000000001,57.0,14.5,13.79592,0.7040796279907227
2023-05-01 02:00:00,14.5,15.200000000000001,16.0,2.3000000000000003,52.0,15.600000000000001,13.68452,1.915480232238771
2023-05-01 03:00:00,15.600000000000001,12.5,16.2,2.3000000000000003,48.0,11.700000000000001,14.088424,-2.38842372894287
2023-05-01 04:00:00,11.700000000000001,12.100000000000001,16.1,2.2,45.0,12.0,11.014987,0.9850130081176758
2023-05-01 05:00:00,12.0,12.5,15.9,2.1,45.0,11.100000000000001,11.674054,-0.5740541458129869
2023-05-01 06:00:00,11.100000000000001,11.700000000000001,14.9,1.9000000000000001,47.0,10.9,11.178136,-0.2781358718872067
2023-05-01 07:00:00,10.9,12.5,14.8,2.1,46.0,10.100000000000001,11.328082,-1.2280820846557603
2023-05-01 08:00:00,10.100000000000001,11.600000000000001,14.3,1.9000000000000001,46.0,10.0,9.400845,0.5991554260253906
2023-05-01 09:00:00,10.0,12.3,11.200000000000001,2.3000000000000003,52.0,9.600000000000001,9.168434,0.43156585693359517
2023-05-01 10:00:00,9.600000000000001,12.700000000000001,9.8,1.9000000000000001,54.0,10.4,8.973542,1.426457786560059
2023-05-01 11:00:00,10.4,13.200000000000001,7.9,1.9000000000000001,59.0,9.700000000000001,9.761624,-0.061624336242674715
2023-05-01 12:00:00,9.700000000000001,13.200000000000001,8.1,2.1,65.0,9.4,9.208489,0.1915105819702152
2023-05-01 13:00:00,9.4,12.700000000000001,8.0,2.2,72.0,9.1,9.227335,-0.12733497619628942
2023-05-01 14:00:00,9.1,12.200000000000001,7.800000000000001,1.8,76.0,9.5,8.699243,0.8007574081420898
2023-05-01 15:00:00,9.5,12.700000000000001,7.9,1.7000000000000002,79.0,9.3,9.431788,-0.13178844451904226
2023-05-01 16:00:00,9.3,13.600000000000001,8.4,1.8,80.0,9.4,9.469589,-0.06958923339843714
2023-05-01 17:00:00,9.4,11.4,9.1,2.3000000000000003,80.0,9.4,9.742326,-0.34232578277587855
2023-05-01 18:00:00,9.4,11.4,11.8,2.1,79.0,9.700000000000001,9.866282,-0.1662824630737294
2023-05-01 19:00:00,9.700000000000001,11.4,13.200000000000001,1.8,77.0,9.600000000000001,10.291457,-0.6914571762084947
2023-05-01 20:00:00,9.600000000000001,10.9,16.400000000000002,2.3000000000000003,72.0,10.0,10.492859,-0.49285888671875
2023-05-01 21:00:00,10.0,10.8,22.0,2.6,63.0,11.0,10.730032,0.26996803283691406
2023-05-01 22:00:00,11.0,12.600000000000001,23.3,2.8000000000000003,51.0,11.9,11.227322,0.672678375244141
2023-05-01 23:00:00,11.9,13.200000000000001,23.0,2.7,48.0,12.4,11.952702,0.44729843139648473
2023-05-02 00:00:00,12.4,12.700000000000001,17.400000000000002,2.4000000000000004,44.0,12.200000000000001,11.591173,0.6088268280029308
2023-05-02 01:00:00,12.200000000000001,14.5,14.3,2.8000000000000003,44.0,11.700000000000001,11.618314,0.08168621063232528
2023-05-02 02:00:00,11.700000000000001,14.700000000000001,11.700000000000001,2.0,47.0,11.3,11.022844,0.2771556854248054
2023-05-02 03:00:00,11.3,13.100000000000001,12.9,1.8,46.0,8.3,10.859959,-2.55995864868164
2023-05-02 04:00:00,8.3,11.700000000000001,11.600000000000001,1.9000000000000001,44.0,7.6000000000000005,8.524563,-0.9245628356933588
2023-05-02 05:00:00,7.6000000000000005,10.3,9.1,2.0,45.0,6.800000000000001,7.759361,-0.9593607902526848
2023-05-02 06:00:00,6.800000000000001,8.8,10.200000000000001,1.7000000000000002,46.0,6.1000000000000005,7.085,-0.9850000381469721
2023-05-02 07:00:00,6.1000000000000005,9.3,14.3,1.8,45.0,7.2,6.6326346,0.5673653602600099
2023-05-02 08:00:00,7.2,9.4,18.900000000000002,2.0,36.0,6.5,6.704711,-0.2047109603881836
2023-05-02 09:00:00,6.5,10.3,23.6,2.5,37.0,6.6000000000000005,6.3378887,0.26211128234863335
2023-05-02 10:00:00,6.6000000000000005,9.3,22.200000000000003,2.1,33.0,5.6000000000000005,6.091787,-0.4917868614196772
2023-05-02 11:00:00,5.6000000000000005,9.200000000000001,19.6,2.1,44.0,5.2,5.2968874,-0.0968873977661131
2023-05-02 12:00:00,5.2,8.3,17.8,1.8,49.0,5.1000000000000005,4.796026,0.3039737701416021
2023-05-02 13:00:00,5.1000000000000005,7.800000000000001,15.8,1.8,49.0,5.2,4.8172774,0.38272256851196307
2023-05-02 14:00:00,5.2,7.5,14.4,1.8,56.0,5.2,5.131474,0.06852598190307635
2023-05-02 15:00:00,5.2,7.0,12.5,1.7000000000000002,68.0,5.1000000000000005,5.1528683,-0.052868270874022905
2023-05-02 16:00:00,5.1000000000000005,7.4,11.3,1.7000000000000002,76.0,5.9,5.3981743,0.5018257141113285
2023-05-02 17:00:00,5.9,7.300000000000001,11.0,2.0,82.0,7.5,5.918098,1.581902027130127
2023-05-02 18:00:00,7.5,8.9,12.5,2.1,81.0,7.2,7.6258836,-0.4258835792541502
2023-05-02 19:00:00,7.2,8.3,12.100000000000001,2.1,81.0,7.1000000000000005,7.4146833,-0.31468334197997994
2023-05-02 20:00:00,7.1000000000000005,8.3,14.600000000000001,2.1,80.0,8.1,7.7307363,0.3692637443542477
2023-05-02 21:00:00,8.1,8.6,18.6,2.5,74.0,7.6000000000000005,8.489193,-0.8891929626464838
2023-05-02 22:00:00,7.6000000000000005,8.700000000000001,21.5,2.4000000000000004,68.0,8.4,7.885276,0.514724159240723
2023-05-02 23:00:00,8.4,8.4,22.3,2.5,65.0,7.9,8.192123,-0.29212341308593714
2023-05-03 00:00:00,7.9,9.200000000000001,23.3,2.4000000000000004,57.0,7.1000000000000005,7.7029953,-0.6029953002929682
2023-05-03 01:00:00,7.1000000000000005,9.200000000000001,16.900000000000002,2.1,53.0,7.1000000000000005,6.855069,0.24493083953857475
2023-05-03 02:00:00,7.1000000000000005,9.0,16.2,2.0,49.0,8.0,6.90341,1.0965900421142578
2023-05-03 03:00:00,8.0,10.0,17.0,2.0,44.0,8.200000000000001,8.086582,0.11341781616211044
2023-05-03 04:00:00,8.200000000000001,9.8,18.0,2.1,42.0,9.0,8.37268,0.6273202896118164
2023-05-03 05:00:00,9.0,10.5,17.7,2.4000000000000004,41.0,8.8,9.030651,-0.23065109252929616
2023-05-03 06:00:00,8.8,10.9,19.1,2.1,32.0,9.200000000000001,9.654106,-0.4541061401367177
2023-05-03 07:00:00,9.200000000000001,12.200000000000001,20.900000000000002,2.4000000000000004,26.0,11.200000000000001,10.260943,0.9390565872192393
2023-05-03 08:00:00,11.200000000000001,13.5,24.3,2.5,23.0,10.200000000000001,10.810763,-0.6107633590698232
2023-05-03 09:00:00,10.200000000000001,14.5,27.1,2.6,37.0,9.8,9.5025425,0.29745750427246165
2023-05-03 10:00:00,9.8,13.200000000000001,21.400000000000002,2.6,48.0,10.600000000000001,9.033738,1.5662618637084975
2023-05-03 11:00:00,10.600000000000001,12.3,19.400000000000002,2.3000000000000003,60.0,8.5,9.862644,-1.3626441955566406
2023-05-03 12:00:00,8.5,9.9,15.9,2.0,65.0,7.9,7.843117,0.0568827629089359
2023-05-03 13:00:00,7.9,9.600000000000001,12.200000000000001,2.0,70.0,7.6000000000000005,7.405837,0.19416294097900444
2023-05-03 14:00:00,7.6000000000000005,9.5,10.200000000000001,1.9000000000000001,77.0,7.5,7.3999357,0.10006427764892578
2023-05-03 15:00:00,7.5,9.4,9.5,1.8,86.0,7.800000000000001,7.1293507,0.6706493377685554
2023-05-03 16:00:00,7.800000000000001,9.3,10.3,1.6,93.0,7.4,7.515331,-0.11533079147338832
2023-05-03 17:00:00,7.4,9.200000000000001,9.9,1.6,98.0,7.0,7.260869,-0.26086902618408203
2023-05-03 18:00:00,7.0,9.4,11.100000000000001,1.9000000000000001,97.0,7.5,7.2795,0.22049999237060547
2023-05-03 19:00:00,7.5,9.9,10.5,1.8,100.0,9.5,7.981496,1.5185041427612305
2023-05-03 20:00:00,9.5,10.3,15.0,2.0,92.0,11.3,10.270735,1.029265213012696
2023-05-03 21:00:00,11.3,10.0,18.2,2.0,80.0,10.600000000000001,11.303282,-0.7032817840576158
2023-05-03 22:00:00,10.600000000000001,11.8,25.0,2.0,79.0,9.4,11.090032,-1.6900316238403317
2023-05-03 23:00:00,9.4,10.4,24.0,1.9000000000000001,68.0,8.9,9.6756935,-0.7756935119628903
2023-05-04 00:00:00,8.9,9.700000000000001,24.900000000000002,2.0,63.0,8.9,8.414364,0.485636138916016
2023-05-04 01:00:00,8.9,11.0,24.6,2.1,60.0,11.100000000000001,8.8463,2.253699874877931
2023-05-04 02:00:00,11.100000000000001,13.9,24.1,2.0,55.0,12.5,11.050854,1.4491462707519531
2023-05-04 03:00:00,12.5,14.3,21.8,1.7000000000000002,52.0,14.700000000000001,11.795087,2.904913139343263
2023-05-04 04:00:00,14.700000000000001,15.5,21.0,1.8,46.0,14.9,13.984337,0.9156631469726566
2023-05-04 05:00:00,14.9,16.3,21.8,2.1,46.0,14.600000000000001,14.361505,0.23849544525146626
2023-05-04 06:00:00,14.600000000000001,16.900000000000002,23.3,2.4000000000000004,41.0,14.5,15.044938,-0.5449380874633789
2023-05-04 07:00:00,14.5,17.400000000000002,30.900000000000002,2.5,31.0,14.3,15.531265,-1.2312652587890618
2023-05-04 08:00:00,14.3,19.1,36.9,2.6,23.0,13.8,14.21932,-0.4193202972412102
2023-05-04 09:00:00,13.8,20.900000000000002,43.2,2.7,31.0,13.5,13.537664,-0.03766441345214844
2023-05-04 10:00:00,13.5,19.8,30.900000000000002,2.8000000000000003,41.0,13.200000000000001,13.01748,0.1825201034545909
2023-05-04 11:00:00,13.200000000000001,19.5,23.1,2.8000000000000003,53.0,12.0,12.544427,-0.5444269180297852
2023-05-04 12:00:00,12.0,17.7,15.0,2.5,69.0,11.100000000000001,11.605734,-0.5057338714599595
2023-05-04 13:00:00,11.100000000000001,16.400000000000002,11.8,2.1,80.0,11.0,10.7732935,0.22670650482177734
2023-05-04 14:00:00,11.0,15.3,10.600000000000001,1.9000000000000001,85.0,11.3,10.674756,0.6252439498901374
2023-05-04 15:00:00,11.3,15.700000000000001,10.700000000000001,1.7000000000000002,94.0,10.4,11.070654,-0.6706539154052731
2023-05-04 16:00:00,10.4,15.100000000000001,10.8,1.8,101.0,11.4,10.496684,0.9033159255981449
2023-05-04 17:00:00,11.4,15.3,11.100000000000001,1.9000000000000001,106.0,11.4,11.478794,-0.07879409790039027
2023-05-04 18:00:00,11.4,14.8,12.700000000000001,1.9000000000000001,112.0,12.4,11.689134,0.7108663558959964
2023-05-04 19:00:00,12.4,14.5,13.100000000000001,2.0,113.0,14.100000000000001,12.594864,1.505136108398439
2023-05-04 20:00:00,14.100000000000001,14.5,21.3,2.3000000000000003,99.0,16.1,14.709382,1.39061794281006
2023-05-04 21:00:00,16.1,17.0,32.1,2.5,80.0,15.8,17.484,-1.6839992523193352
2023-05-04 22:00:00,15.8,18.5,42.400000000000006,2.5,75.0,16.6,17.753572,-1.1535724639892564
2023-05-04 23:00:00,16.6,19.200000000000003,45.900000000000006,3.0,69.0,18.0,18.16822,-0.16822052001953125
2023-05-05 00:00:00,18.0,21.0,39.900000000000006,2.6,57.0,15.4,17.765738,-2.3657375335693356
2023-05-05 01:00:00,15.4,19.700000000000003,43.0,2.6,53.0,13.100000000000001,16.207764,-3.1077636718749986
2023-05-05 02:00:00,13.100000000000001,19.700000000000003,44.5,2.5,35.0,20.5,14.079272,6.420727729797363
2023-05-05 03:00:00,20.5,28.1,36.9,2.3000000000000003,36.0,24.0,20.342995,3.6570053100585938
2023-05-05 04:00:00,24.0,29.700000000000003,31.5,2.2,34.0,21.900000000000002,23.64689,-1.746890640258787
2023-05-05 05:00:00,21.900000000000002,29.0,30.900000000000002,2.0,35.0,23.3,22.319412,0.9805877685546882
2023-05-05 06:00:00,23.3,30.3,24.900000000000002,2.0,32.0,25.8,22.495375,3.304625320434571
2023-05-05 07:00:00,25.8,32.4,32.300000000000004,2.1,32.0,26.0,25.45554,0.5444602966308594
2023-05-05 08:00:00,26.0,33.1,36.4,2.3000000000000003,28.0,27.5,25.162724,2.3372764587402344
2023-05-05 09:00:00,27.5,37.7,40.800000000000004,2.6,33.0,25.0,25.92915,-0.9291496276855469
2023-05-05 10:00:00,25.0,33.9,31.8,2.9000000000000004,52.0,25.400000000000002,23.167809,2.2321914672851584
2023-05-05 11:00:00,25.400000000000002,32.800000000000004,25.700000000000003,2.8000000000000003,64.0,22.3,23.8242,-1.5241996765136712
2023-05-05 12:00:00,22.3,28.400000000000002,19.8,2.9000000000000004,89.0,20.5,20.974134,-0.4741344451904297
2023-05-05 13:00:00,20.5,26.6,15.8,2.4000000000000004,105.0,18.1,18.661509,-0.5615085601806626
2023-05-05 14:00:00,18.1,25.6,13.5,2.4000000000000004,114.0,17.900000000000002,17.37692,0.5230792999267599
2023-05-05 15:00:00,17.900000000000002,24.0,12.5,2.2,116.0,16.400000000000002,17.319225,-0.9192253112792947
2023-05-05 16:00:00,16.400000000000002,22.1,11.700000000000001,2.1,124.0,14.9,16.448019,-1.5480190277099606
2023-05-05 17:00:00,14.9,19.3,10.8,2.2,127.0,13.0,14.91129,-1.911290168762207
2023-05-05 18:00:00,13.0,19.400000000000002,13.5,2.0,120.0,12.9,13.639065,-0.739064788818359
2023-05-05 19:00:00,12.9,19.400000000000002,13.600000000000001,2.0,121.0,14.200000000000001,13.622865,0.5771352767944347
2023-05-05 20:00:00,14.200000000000001,19.6,21.6,2.7,112.0,18.3,15.825254,2.4747455596923835
2023-05-05 21:00:00,18.3,22.700000000000003,28.900000000000002,3.2,98.0,19.900000000000002,19.946571,-0.04657135009765412
2023-05-05 22:00:00,19.900000000000002,23.0,32.0,3.5,97.0,18.400000000000002,20.483585,-2.0835853576660135
2023-05-05 23:00:00,18.400000000000002,24.0,28.200000000000003,3.5,96.0,14.8,18.949114,-4.149113845825195
2023-05-06 00:00:00,14.8,18.5,21.200000000000003,3.4000000000000004,89.0,13.5,14.299584,-0.7995843887329102
2023-05-06 01:00:00,13.5,17.7,19.5,3.8000000000000003,80.0,12.3,13.264385,-0.9643852233886712
2023-05-06 02:00:00,12.3,16.6,19.0,4.6000000000000005,77.0,11.600000000000001,12.012738,-0.41273822784423686
2023-05-06 03:00:00,11.600000000000001,16.400000000000002,19.200000000000003,3.7,69.0,11.4,11.903167,-0.5031667709350582
2023-05-06 04:00:00,11.4,17.0,19.700000000000003,3.0,66.0,12.200000000000001,11.916852,0.2831480026245128
2023-05-06 05:00:00,12.200000000000001,17.5,20.0,3.4000000000000004,64.0,14.200000000000001,12.626311,1.5736886978149425
2023-05-06 06:00:00,14.200000000000001,17.7,22.6,3.4000000000000004,54.0,14.200000000000001,14.825785,-0.625784683227538
2023-05-06 07:00:00,14.200000000000001,18.5,27.6,3.5,48.0,14.100000000000001,15.095425,-0.995424652099608
2023-05-06 08:00:00,14.100000000000001,18.2,29.1,3.7,41.0,12.8,13.710219,-0.9102193832397454
2023-05-06 09:00:00,12.8,15.700000000000001,29.6,4.0,41.0,12.8,11.569236,1.2307641983032234
2023-05-06 10:00:00,12.8,16.5,27.200000000000003,4.0,56.0,10.700000000000001,11.500827,-0.8008268356323232
2023-05-06 11:00:00,10.700000000000001,12.4,22.3,3.5,71.0,10.700000000000001,9.964846,0.7351543426513683
2023-05-06 12:00:00,10.700000000000001,17.3,17.0,3.1,91.0,13.5,10.594864,2.9051361083984375
2023-05-06 13:00:00,13.5,16.900000000000002,13.4,2.7,102.0,14.5,13.046666,1.453333854675293
2023-05-06 14:00:00,14.5,18.8,11.8,3.2,111.0,15.100000000000001,13.751418,1.3485818862915053
2023-05-06 15:00:00,15.100000000000001,19.3,11.3,3.1,120.0,15.5,14.702827,0.7971725463867188
2023-05-06 16:00:00,15.5,20.1,10.5,3.0,128.0,16.6,15.4434805,1.1565195083618178
2023-05-06 17:00:00,16.6,20.3,9.700000000000001,3.0,131.0,15.8,16.429798,-0.6297981262207024
2023-05-06 18:00:00,15.8,20.6,9.600000000000001,3.0,132.0,16.3,15.67778,0.6222198486328132
2023-05-06 19:00:00,16.3,20.1,11.3,3.4000000000000004,131.0,17.3,16.83163,0.46836929321289134
2023-05-06 20:00:00,17.3,20.8,18.8,3.4000000000000004,127.0,18.2,18.304495,-0.10449485778808665
2023-05-06 21:00:00,18.2,23.6,26.0,3.8000000000000003,106.0,20.700000000000003,19.825727,0.8742725372314482
2023-05-06 22:00:00,20.700000000000003,24.900000000000002,35.9,4.3,106.0,18.3,22.560247,-4.260247421264648
2023-05-06 23:00:00,18.3,25.400000000000002,33.300000000000004,4.7,101.0,18.1,19.350763,-1.2507633209228501
2023-05-07 00:00:00,18.1,25.5,35.1,4.7,92.0,21.5,19.219995,2.2800045013427734
2023-05-07 01:00:00,21.5,24.900000000000002,27.1,3.4000000000000004,81.0,19.0,21.762562,-2.762561798095703
2023-05-07 02:00:00,19.0,21.900000000000002,27.200000000000003,3.0,70.0,16.900000000000002,19.008568,-2.1085678100585916
2023-05-07 03:00:00,16.900000000000002,19.700000000000003,26.1,2.5,62.0,12.200000000000001,16.720041,-4.520041275024413
2023-05-07 04:00:00,12.200000000000001,15.8,21.6,2.1,51.0,10.100000000000001,12.118749,-2.0187486648559556
2023-05-07 05:00:00,10.100000000000001,15.5,18.2,2.5,72.0,9.200000000000001,10.738209,-1.538208770751952
2023-05-07 06:00:00,9.200000000000001,13.9,16.2,2.4000000000000004,79.0,11.100000000000001,10.318236,0.7817636489868178
2023-05-07 07:00:00,11.100000000000001,14.0,16.3,2.4000000000000004,75.0,10.100000000000001,11.546071,-1.446071052551268
2023-05-07 08:00:00,10.100000000000001,12.8,17.3,2.4000000000000004,72.0,11.8,9.738074,2.061925697326661
2023-05-07 09:00:00,11.8,13.700000000000001,15.4,2.6,75.0,10.5,10.945845,-0.4458446502685547
2023-05-07 10:00:00,10.5,12.0,15.4,2.7,76.0,8.9,9.830834,-0.9308343887329098
2023-05-07 11:00:00,8.9,11.8,13.0,2.8000000000000003,73.0,8.0,8.631042,-0.6310415267944336
2023-05-07 12:00:00,8.0,11.100000000000001,11.0,2.4000000000000004,82.0,8.200000000000001,7.906199,0.2938010215759288
2023-05-07 13:00:00,8.200000000000001,11.100000000000001,10.700000000000001,2.4000000000000004,83.0,7.9,8.055289,-0.155289268493652
2023-05-07 14:00:00,7.9,10.9,9.5,2.3000000000000003,91.0,7.5,7.9526877,-0.45268774032592773
2023-05-07 15:00:00,7.5,11.4,8.9,2.1,99.0,6.800000000000001,7.5452065,-0.7452065467834466
2023-05-07 16:00:00,6.800000000000001,9.200000000000001,8.700000000000001,2.5,106.0,6.5,6.9352,-0.43520021438598633
2023-05-07 17:00:00,6.5,8.700000000000001,10.5,2.6,102.0,6.4,6.7673335,-0.36733350753784144
2023-05-07 18:00:00,6.4,8.1,12.9,1.5,101.0,6.0,7.032881,-1.0328807830810547
2023-05-07 19:00:00,6.0,8.0,16.1,2.1,101.0,7.5,7.063955,0.43604516983032227
2023-05-07 20:00:00,7.5,8.9,20.0,2.0,100.0,8.0,8.363034,-0.3630342483520508
2023-05-07 21:00:00,8.0,8.5,21.1,2.3000000000000003,93.0,9.9,8.552201,1.3477987289428714
2023-05-07 22:00:00,9.9,10.3,24.6,2.8000000000000003,87.0,11.600000000000001,10.3358,1.264199829101564
2023-05-07 23:00:00,11.600000000000001,12.3,26.900000000000002,3.4000000000000004,80.0,9.1,11.566614,-2.466614151000977
2023-05-08 00:00:00,9.1,10.3,24.900000000000002,2.7,73.0,7.300000000000001,8.652035,-1.3520347595214837
2023-05-08 01:00:00,7.300000000000001,9.4,21.200000000000003,2.5,67.0,7.4,7.214359,0.18564119338989293
2023-05-08 02:00:00,7.4,9.600000000000001,20.8,2.4000000000000004,63.0,9.600000000000001,7.45731,2.1426898002624526
2023-05-08 03:00:00,9.600000000000001,11.200000000000001,19.0,2.1,57.0,8.200000000000001,9.776986,-1.5769861221313466
2023-05-08 04:00:00,8.200000000000001,9.0,12.8,1.7000000000000002,62.0,8.3,8.155118,0.14488201141357493
2023-05-08 05:00:00,8.3,8.6,12.600000000000001,1.5,62.0,7.4,8.200425,-0.8004251480102536
2023-05-08 06:00:00,7.4,9.9,12.5,1.4000000000000001,67.0,9.3,7.899965,1.400035190582276
2023-05-08 07:00:00,9.3,11.3,15.200000000000001,1.6,67.0,8.200000000000001,10.003833,-1.8038328170776357
2023-05-08 08:00:00,8.200000000000001,11.4,20.200000000000003,1.9000000000000001,66.0,10.4,8.0441265,2.355873489379883
2023-05-08 09:00:00,10.4,13.3,22.400000000000002,2.2,58.0,10.8,9.8991785,0.900821495056153
2023-05-08 10:00:00,10.8,14.4,21.3,2.0,57.0,12.700000000000001,10.071095,2.6289045333862315
2023-05-08 11:00:00,12.700000000000001,16.2,19.400000000000002,1.8,65.0,11.200000000000001,11.621052,-0.42105178833007706
2023-05-08 12:00:00,11.200000000000001,14.700000000000001,16.6,2.2,72.0,10.200000000000001,10.63727,-0.43726997375488175
2023-05-08 13:00:00,10.200000000000001,13.700000000000001,12.100000000000001,2.6,76.0,10.700000000000001,9.919653,0.7803470611572276
2023-05-08 14:00:00,10.700000000000001,13.5,11.8,2.4000000000000004,84.0,10.700000000000001,10.431594,0.26840610504150497
2023-05-08 15:00:00,10.700000000000001,12.4,10.600000000000001,1.7000000000000002,94.0,9.4,10.192477,-0.7924772262573239
2023-05-08 16:00:00,9.4,11.100000000000001,8.200000000000001,2.6,102.0,9.3,9.318979,-0.018979263305663352
2023-05-08 17:00:00,9.3,11.200000000000001,9.9,2.4000000000000004,103.0,9.700000000000001,9.626801,0.07319946289062607
2023-05-08 18:00:00,9.700000000000001,11.700000000000001,11.5,2.3000000000000003,101.0,10.200000000000001,9.946474,0.25352592468261825
2023-05-08 19:00:00,10.200000000000001,12.3,11.5,2.6,101.0,11.3,10.637828,0.6621721267700202
2023-05-08 20:00:00,11.3,12.5,16.6,3.2,93.0,10.0,11.963213,-1.9632129669189453
2023-05-08 21:00:00,10.0,13.200000000000001,21.0,3.2,84.0,12.600000000000001,11.096977,1.5030227661132827
2023-05-08 22:00:00,12.600000000000001,14.5,20.8,3.4000000000000004,83.0,12.5,12.346474,0.15352630615234375
2023-05-08 23:00:00,12.5,14.600000000000001,20.3,3.0,80.0,11.3,12.2279415,-0.9279415130615227
2023-05-09 00:00:00,11.3,14.3,18.400000000000002,3.4000000000000004,76.0,10.5,10.986205,-0.4862051010131836
2023-05-09 01:00:00,10.5,13.4,16.0,3.2,75.0,11.700000000000001,10.397373,1.3026268005371104
2023-05-09 02:00:00,11.700000000000001,15.4,15.3,2.7,69.0,14.3,11.493727,2.806273269653321
2023-05-09 03:00:00,14.3,18.1,14.100000000000001,2.7,68.0,14.700000000000001,13.956231,0.7437688827514659
2023-05-09 04:00:00,14.700000000000001,17.900000000000002,13.0,2.4000000000000004,64.0,14.4,14.483508,-0.08350811004638636
2023-05-09 05:00:00,14.4,18.6,11.700000000000001,2.5,62.0,14.3,14.361743,-0.06174297332763601
2023-05-09 06:00:00,14.3,17.5,12.200000000000001,2.2,56.0,12.4,14.323254,-1.9232536315917965
2023-05-09 07:00:00,12.4,16.5,15.3,2.4000000000000004,50.0,13.5,12.781821,0.7181787490844727
2023-05-09 08:00:00,13.5,17.3,17.1,2.4000000000000004,50.0,12.100000000000001,12.836077,-0.7360767364501939
2023-05-09 09:00:00,12.100000000000001,16.5,16.0,2.5,50.0,12.9,11.291531,1.608469390869141
2023-05-09 10:00:00,12.9,17.400000000000002,15.0,2.2,50.0,12.8,11.704269,1.0957305908203132
2023-05-09 11:00:00,12.8,17.6,13.9,2.1,55.0,10.200000000000001,11.815194,-1.6151941299438466
2023-05-09 12:00:00,10.200000000000001,15.4,10.5,2.3000000000000003,63.0,9.4,9.809368,-0.4093681335449215
2023-05-09 13:00:00,9.4,13.4,8.700000000000001,2.5,71.0,9.3,9.335575,-0.035575103759764914
2023-05-09 14:00:00,9.3,13.700000000000001,8.1,2.3000000000000003,77.0,9.8,9.400648,0.399351882934571
2023-05-09 15:00:00,9.8,14.5,8.1,2.3000000000000003,83.0,10.9,9.66362,1.2363800048828129
2023-05-09 16:00:00,10.9,13.8,7.9,2.4000000000000004,89.0,10.700000000000001,10.6378145,0.062185478210450285
2023-05-09 17:00:00,10.700000000000001,13.8,8.4,2.4000000000000004,92.0,10.600000000000001,10.821089,-0.22108879089355327
2023-05-09 18:00:00,10.600000000000001,12.700000000000001,9.4,2.0,91.0,12.0,10.694492,1.3055076599121094
2023-05-09 19:00:00,12.0,14.0,14.4,2.3000000000000003,91.0,12.0,12.596514,-0.5965137481689453
2023-05-09 20:00:00,12.0,15.200000000000001,15.100000000000001,2.7,89.0,11.9,12.843576,-0.9435764312744137
2023-05-09 21:00:00,11.9,13.700000000000001,14.9,2.8000000000000003,83.0,11.200000000000001,12.3874445,-1.187444496154784
2023-05-09 22:00:00,11.200000000000001,13.5,13.8,2.3000000000000003,74.0,11.0,11.472224,-0.47222423553466797
2023-05-09 23:00:00,11.0,13.0,12.0,1.2000000000000002,68.0,10.600000000000001,9.989074,0.6109262466430678
2023-05-10 00:00:00,10.600000000000001,13.3,8.200000000000001,1.5,69.0,10.200000000000001,10.202673,-0.0026729583740223717
2023-05-10 01:00:00,10.200000000000001,11.3,6.9,1.6,69.0,10.0,9.385621,0.6143789291381836
2023-05-10 02:00:00,10.0,12.4,6.2,1.6,70.0,8.4,9.6331415,-1.2331415176391598
2023-05-10 03:00:00,8.4,10.9,5.4,1.9000000000000001,71.0,9.200000000000001,8.383181,0.8168193817138683
2023-05-10 04:00:00,9.200000000000001,9.3,5.9,1.9000000000000001,72.0,8.3,8.906674,-0.6066743850708001
2023-05-10 05:00:00,8.3,10.700000000000001,6.300000000000001,1.5,69.0,8.700000000000001,8.366336,0.33366413116455185
2023-05-10 06:00:00,8.700000000000001,9.200000000000001,6.6000000000000005,1.3,67.0,9.1,8.574499,0.5255008697509762
2023-05-10 07:00:00,9.1,10.200000000000001,8.200000000000001,1.4000000000000001,67.0,9.5,8.911487,0.5885133743286133
2023-05-10 08:00:00,9.5,10.0,14.5,1.5,62.0,10.4,8.723414,1.6765855789184574
2023-05-10 09:00:00,10.4,11.3,15.4,1.5,62.0,10.0,9.552287,0.44771289825439453
2023-05-10 10:00:00,10.0,11.8,15.4,1.5,57.0,10.4,9.208199,1.191801452636719
2023-05-10 11:00:00,10.4,11.700000000000001,15.600000000000001,2.1,54.0,9.600000000000001,9.670386,-0.07038631439208842
2023-05-10 12:00:00,9.600000000000001,11.5,13.700000000000001,2.2,59.0,9.4,9.12131,0.27868976593017614
2023-05-10 13:00:00,9.4,10.5,12.3,2.1,62.0,7.7,8.982865,-1.2828653335571287
2023-05-10 14:00:00,7.7,10.8,11.100000000000001,2.0,65.0,8.8,7.598321,1.2016790390014656
2023-05-10 15:00:00,8.8,9.4,10.600000000000001,2.3000000000000003,64.0,8.700000000000001,8.31035,0.38964958190918075
2023-05-10 16:00:00,8.700000000000001,9.200000000000001,11.5,2.3000000000000003,67.0,8.8,8.313669,0.48633079528808665
2023-05-10 17:00:00,8.8,9.700000000000001,11.600000000000001,2.0,68.0,8.0,8.702686,-0.7026863098144531
2023-05-10 18:00:00,8.0,9.3,13.600000000000001,1.9000000000000001,68.0,10.0,8.298813,1.7011871337890625
2023-05-10 19:00:00,10.0,10.5,14.600000000000001,2.0,66.0,10.100000000000001,10.47583,-0.3758300781249986
2023-05-10 20:00:00,10.100000000000001,10.600000000000001,16.0,2.0,65.0,10.8,10.577277,0.22272281646728587
2023-05-10 21:00:00,10.8,11.3,19.6,2.2,63.0,9.700000000000001,11.151272,-1.4512718200683583
2023-05-10 22:00:00,9.700000000000001,10.0,22.400000000000002,2.4000000000000004,54.0,9.4,9.94143,-0.5414300918579098
2023-05-10 23:00:00,9.4,10.200000000000001,19.900000000000002,2.3000000000000003,52.0,9.5,9.418484,0.08151626586914062
2023-05-11 00:00:00,9.5,10.3,20.200000000000003,2.3000000000000003,43.0,10.100000000000001,8.976167,1.12383327484131
2023-05-11 01:00:00,10.100000000000001,11.5,20.1,2.2,36.0,9.1,9.653065,-0.5530647277832035
2023-05-11 02:00:00,9.1,12.3,14.100000000000001,2.4000000000000004,33.0,9.1,8.93475,0.16525039672851527
2023-05-11 03:00:00,9.1,13.600000000000001,13.5,2.4000000000000004,30.0,7.0,9.424112,-2.424112319946289
2023-05-11 04:00:00,7.0,9.3,16.8,2.5,25.0,6.9,7.070068,-0.17006788253784144
2023-05-11 05:00:00,6.9,10.600000000000001,16.3,2.6,24.0,9.8,7.287726,2.512274074554444
2023-05-11 06:00:00,9.8,12.5,15.3,2.7,29.0,8.3,10.531205,-2.231205177307128
2023-05-11 07:00:00,8.3,13.3,17.2,3.0,30.0,9.4,9.6131315,-0.21313152313232386
2023-05-11 08:00:00,9.4,14.200000000000001,16.8,3.7,30.0,8.6,8.98179,-0.381789588928223
2023-05-11 09:00:00,8.6,14.600000000000001,19.8,3.4000000000000004,41.0,7.4,7.80908,-0.40908012390136683
2023-05-11 10:00:00,7.4,12.3,20.0,3.1,41.0,5.300000000000001,6.9288316,-1.6288315773010247
2023-05-11 11:00:00,5.300000000000001,10.200000000000001,16.8,2.9000000000000004,52.0,5.300000000000001,5.3966947,-0.09669466018676687
2023-05-11 12:00:00,5.300000000000001,9.4,12.600000000000001,2.9000000000000004,56.0,5.7,5.5359735,0.16402645111084002
2023-05-11 13:00:00,5.7,9.4,12.600000000000001,2.1,61.0,5.4,5.9857583,-0.5857583045959469
2023-05-11 14:00:00,5.4,8.3,10.9,2.1,65.0,5.6000000000000005,5.42743,0.17256984710693413
2023-05-11 15:00:00,5.6000000000000005,8.4,11.3,2.4000000000000004,68.0,7.800000000000001,5.577156,2.2228439331054695
2023-05-11 16:00:00,7.800000000000001,9.3,11.4,2.1,73.0,7.1000000000000005,7.5389633,-0.4389633178710932
2023-05-11 17:00:00,7.1000000000000005,8.8,13.0,2.2,74.0,8.3,7.164692,1.1353080749511726
2023-05-11 18:00:00,8.3,9.600000000000001,14.200000000000001,2.4000000000000004,72.0,7.300000000000001,8.547724,-1.2477237701416009
2023-05-11 19:00:00,7.300000000000001,8.4,14.600000000000001,2.3000000000000003,69.0,5.800000000000001,7.8043613,-2.0043613433837884
2023-05-11 20:00:00,5.800000000000001,8.4,17.7,2.1,62.0,8.1,6.7203326,1.3796673774719235
2023-05-11 21:00:00,8.1,10.0,19.5,2.3000000000000003,53.0,7.4,8.725402,-1.3254018783569332
2023-05-11 22:00:00,7.4,10.9,22.0,2.5,51.0,8.200000000000001,7.73558,0.46442003250122177
2023-05-11 23:00:00,8.200000000000001,11.9,24.5,2.3000000000000003,46.0,8.700000000000001,8.622466,0.07753391265869247
2023-05-12 00:00:00,8.700000000000001,11.700000000000001,22.400000000000002,2.0,42.0,8.0,8.685907,-0.6859073638916016
2023-05-12 01:00:00,8.0,11.100000000000001,21.6,2.1,42.0,7.5,8.055124,-0.5551242828369141
2023-05-12 02:00:00,7.5,9.600000000000001,17.7,2.0,43.0,7.6000000000000005,7.2590623,0.34093770980835014
2023-05-12 03:00:00,7.6000000000000005,9.600000000000001,15.4,1.9000000000000001,42.0,6.2,7.756817,-1.5568168640136717
2023-05-12 04:00:00,6.2,8.0,12.9,2.2,42.0,6.0,6.3885875,-0.38858747482299805
2023-05-12 05:00:00,6.0,7.9,12.3,2.1,42.0,5.6000000000000005,6.277577,-0.6775769233703608
2023-05-12 06:00:00,5.6000000000000005,9.0,13.600000000000001,2.0,40.0,6.300000000000001,6.3894725,-0.08947248458862234
2023-05-12 07:00:00,6.300000000000001,10.0,16.5,2.0,39.0,6.9,7.1862783,-0.28627834320068324
2023-05-12 08:00:00,6.9,10.4,19.5,1.8,35.0,5.5,6.708351,-1.2083511352539062
2023-05-12 09:00:00,5.5,8.5,17.3,2.0,33.0,5.6000000000000005,5.110594,0.48940620422363335
2023-05-12 10:00:00,5.6000000000000005,9.4,16.400000000000002,1.8,36.0,6.0,5.194386,0.8056139945983887
2023-05-12 11:00:00,6.0,10.5,15.700000000000001,2.0,38.0,5.2,5.7351627,-0.5351627349853514
2023-05-12 12:00:00,5.2,8.5,13.200000000000001,2.1,45.0,5.0,4.9710283,0.02897167205810547
2023-05-12 13:00:00,5.0,8.200000000000001,12.4,2.1,49.0,5.1000000000000005,4.8956037,0.2043963432312017
2023-05-12 14:00:00,5.1000000000000005,8.3,11.700000000000001,1.8,57.0,5.800000000000001,5.143566,0.6564338684082038
2023-05-12 15:00:00,5.800000000000001,7.7,9.9,1.8,62.0,4.7,5.6604424,-0.9604423522949217
2023-05-12 16:00:00,4.7,7.4,11.700000000000001,2.1,63.0,4.4,5.261882,-0.8618818283081051
2023-05-12 17:00:00,4.4,6.1000000000000005,13.600000000000001,1.7000000000000002,62.0,4.4,4.680007,-0.28000698089599574
2023-05-12 18:00:00,4.4,5.9,16.0,1.8,63.0,5.2,4.789375,0.41062517166137713
2023-05-12 19:00:00,5.2,5.5,20.6,1.7000000000000002,60.0,5.2,5.4815893,-0.28158931732177717
2023-05-12 20:00:00,5.2,6.6000000000000005,23.6,1.8,54.0,4.6000000000000005,5.696385,-1.0963849067687983
2023-05-12 21:00:00,4.6000000000000005,6.6000000000000005,28.3,1.9000000000000001,45.0,5.0,4.9271407,0.07285928726196289
2023-05-12 22:00:00,5.0,7.1000000000000005,25.0,1.9000000000000001,45.0,5.0,5.248567,-0.2485671043395996
2023-05-12 23:00:00,5.0,6.9,21.200000000000003,1.9000000000000001,45.0,5.1000000000000005,4.965688,0.1343117713928228
2023-05-13 00:00:00,5.1000000000000005,7.800000000000001,19.900000000000002,1.6,48.0,5.300000000000001,5.1286645,0.1713355064392097
2023-05-13 01:00:00,5.300000000000001,7.9,13.600000000000001,1.5,52.0,6.1000000000000005,5.467783,0.6322170257568365
2023-05-13 02:00:00,6.1000000000000005,8.9,10.8,1.4000000000000001,53.0,7.2,5.598244,1.6017558097839357
2023-05-13 03:00:00,7.2,8.200000000000001,11.4,1.4000000000000001,52.0,8.4,6.48361,1.9163898468017582
2023-05-13 04:00:00,8.4,8.6,11.3,1.6,52.0,9.8,7.900751,1.8992488861083991
2023-05-13 05:00:00,9.8,9.200000000000001,12.3,1.6,43.0,9.8,9.158905,0.6410949707031257
2023-05-13 06:00:00,9.8,10.100000000000001,12.0,1.7000000000000002,38.0,9.4,9.480036,-0.08003578186035121
2023-05-13 07:00:00,9.4,12.600000000000001,16.7,1.7000000000000002,36.0,9.3,10.138499,-0.8384992599487298
2023-05-13 08:00:00,9.3,12.100000000000001,18.0,1.5,29.0,8.4,8.899084,-0.4990840911865231
2023-05-13 09:00:00,8.4,10.700000000000001,16.400000000000002,1.4000000000000001,39.0,8.8,7.4365406,1.3634593963623054
2023-05-13 10:00:00,8.8,11.0,14.100000000000001,1.5,51.0,8.6,8.2475395,0.35246047973632777
2023-05-13 11:00:00,8.6,12.8,12.9,1.6,59.0,9.4,8.360511,1.0394891738891605
2023-05-13 12:00:00,9.4,11.9,10.600000000000001,1.5,64.0,8.9,8.985834,-0.08583412170410121
2023-05-13 13:00:00,8.9,11.3,8.0,1.5,72.0,8.6,8.6082325,-0.008232498168945668
2023-05-13 14:00:00,8.6,11.4,7.7,1.5,77.0,8.8,8.336096,0.4639041900634773
2023-05-13 15:00:00,8.8,11.100000000000001,7.0,1.5,80.0,8.0,8.663382,-0.6633815765380859
2023-05-13 16:00:00,8.0,10.100000000000001,7.4,1.7000000000000002,83.0,7.9,7.957283,-0.057283020019530895
2023-05-13 17:00:00,7.9,9.600000000000001,7.7,1.9000000000000001,83.0,7.9,7.819818,0.080181980133057
2023-05-13 18:00:00,7.9,8.6,8.200000000000001,1.6,84.0,6.9,7.6027164,-0.7027164459228512
2023-05-13 19:00:00,6.9,7.2,8.8,1.4000000000000001,85.0,6.9,6.760192,0.13980808258056676
2023-05-13 20:00:00,6.9,7.5,13.0,1.7000000000000002,81.0,9.4,7.4456925,1.9543074607849125
2023-05-13 21:00:00,9.4,9.4,14.200000000000001,1.7000000000000002,73.0,10.0,9.604134,0.39586639404296875
2023-05-13 22:00:00,10.0,10.5,15.9,1.8,71.0,9.4,9.978649,-0.5786491394042965
2023-05-13 23:00:00,9.4,9.700000000000001,16.1,1.8,68.0,9.1,9.141988,-0.041987800598144887
2023-05-14 00:00:00,9.1,9.4,16.5,1.5,68.0,9.3,8.199984,1.100016403198243
2023-05-14 01:00:00,9.3,9.3,17.1,1.4000000000000001,64.0,8.700000000000001,8.466759,0.23324127197265732
2023-05-14 02:00:00,8.700000000000001,8.6,14.100000000000001,1.5,59.0,8.200000000000001,8.287369,-0.08736877441406143
2023-05-14 03:00:00,8.200000000000001,8.3,15.100000000000001,2.2,52.0,7.4,7.8776965,-0.4776965141296383
2023-05-14 04:00:00,7.4,8.1,13.100000000000001,1.9000000000000001,52.0,8.3,7.274936,1.0250638008117683
2023-05-14 05:00:00,8.3,8.4,10.8,1.6,51.0,8.1,7.934813,0.16518697738647425
2023-05-14 06:00:00,8.1,8.700000000000001,13.200000000000001,1.7000000000000002,47.0,7.9,8.24653,-0.3465295791625973
2023-05-14 07:00:00,7.9,8.4,12.5,1.8,46.0,6.5,8.026101,-1.5261011123657227
2023-05-14 08:00:00,6.5,8.6,16.900000000000002,1.9000000000000001,43.0,5.300000000000001,6.1356497,-0.8356496810913079
2023-05-14 09:00:00,5.300000000000001,6.7,12.700000000000001,1.9000000000000001,56.0,5.300000000000001,5.3529162,-0.05291624069213796
2023-05-14 10:00:00,5.300000000000001,6.9,11.5,1.7000000000000002,53.0,5.5,5.0783734,0.42162656784057617
2023-05-14 11:00:00,5.5,6.4,10.100000000000001,1.6,66.0,5.2,5.004496,0.1955039024353029
2023-05-14 12:00:00,5.2,6.0,7.800000000000001,1.6,72.0,5.0,4.7305264,0.2694735527038574
2023-05-14 13:00:00,5.0,5.4,8.3,1.7000000000000002,79.0,4.5,4.6119213,-0.11192131042480469
2023-05-14 14:00:00,4.5,5.4,6.9,1.7000000000000002,85.0,4.9,4.251909,0.6480912208557132
2023-05-14 15:00:00,4.9,5.1000000000000005,6.2,1.4000000000000001,88.0,4.5,4.314746,0.18525409698486328
2023-05-14 16:00:00,4.5,5.4,6.300000000000001,2.1,89.0,4.2,4.4784822,-0.2784822463989256
2023-05-14 17:00:00,4.2,5.1000000000000005,5.800000000000001,2.1,90.0,4.4,4.434674,-0.03467378616332972
2023-05-14 18:00:00,4.4,5.2,6.6000000000000005,1.9000000000000001,90.0,5.2,4.479085,0.7209150314331056
2023-05-14 19:00:00,5.2,5.5,9.4,2.1,89.0,6.1000000000000005,5.3710146,0.7289854049682623
2023-05-14 20:00:00,6.1000000000000005,6.1000000000000005,14.8,2.1,81.0,7.4,6.533318,0.8666819572448734
2023-05-14 21:00:00,7.4,7.800000000000001,15.200000000000001,2.1,62.0,7.800000000000001,7.6332364,0.16676359176635813
2023-05-14 22:00:00,7.800000000000001,7.800000000000001,17.3,1.9000000000000001,53.0,7.7,7.774654,-0.074653911590576
2023-05-14 23:00:00,7.7,7.300000000000001,18.7,2.3000000000000003,51.0,6.6000000000000005,7.482251,-0.8822511672973627
2023-05-15 00:00:00,6.6000000000000005,6.9,16.400000000000002,2.4000000000000004,51.0,7.9,6.2196307,1.6803692817687992
2023-05-15 01:00:00,7.9,9.200000000000001,14.200000000000001,2.5,52.0,7.5,7.594996,-0.09499597549438477
2023-05-15 02:00:00,7.5,10.600000000000001,14.3,2.7,55.0,8.1,7.476088,0.6239119529724118
2023-05-15 03:00:00,8.1,10.9,13.4,1.9000000000000001,51.0,9.0,8.4354,0.5645999908447266
2023-05-15 04:00:00,9.0,11.100000000000001,14.700000000000001,2.2,46.0,9.200000000000001,9.022323,0.17767734527587997
2023-05-15 05:00:00,9.200000000000001,11.100000000000001,14.200000000000001,2.1,39.0,9.0,9.45188,-0.45188045501708984
2023-05-15 06:00:00,9.0,10.3,15.9,2.2,35.0,9.700000000000001,9.417493,0.2825071334838878
2023-05-15 07:00:00,9.700000000000001,10.9,20.400000000000002,2.4000000000000004,27.0,11.100000000000001,10.308253,0.7917467117309585
2023-05-15 08:00:00,11.100000000000001,11.600000000000001,27.1,2.5,17.0,11.600000000000001,10.406359,1.193641281127931
2023-05-15 09:00:00,11.600000000000001,12.8,28.700000000000003,2.8000000000000003,30.0,10.9,10.597438,0.3025621414184574
2023-05-15 10:00:00,10.9,12.8,24.900000000000002,2.7,43.0,9.9,9.852015,0.04798545837402379
2023-05-15 11:00:00,9.9,11.9,23.900000000000002,2.7,52.0,7.6000000000000005,9.204406,-1.604405784606933
2023-05-15 12:00:00,7.6000000000000005,10.200000000000001,17.900000000000002,2.7,58.0,9.1,7.4881716,1.6118284225463864
2023-05-15 13:00:00,9.1,9.9,15.0,2.6,66.0,7.9,8.454495,-0.5544954299926754
2023-05-15 14:00:00,7.9,9.700000000000001,12.3,2.4000000000000004,72.0,6.6000000000000005,7.7426753,-1.1426753044128413
2023-05-15 15:00:00,6.6000000000000005,9.200000000000001,10.5,2.4000000000000004,80.0,6.0,6.7071443,-0.7071442604064941
2023-05-15 16:00:00,6.0,7.800000000000001,11.3,2.4000000000000004,88.0,6.4,6.0962415,0.303758525848389
2023-05-15 17:00:00,6.4,6.9,12.0,2.4000000000000004,90.0,7.1000000000000005,6.412197,0.6878028869628912
2023-05-15 18:00:00,7.1000000000000005,7.4,12.9,2.3000000000000003,92.0,7.0,7.249616,-0.24961614608764648
2023-05-15 19:00:00,7.0,8.200000000000001,11.600000000000001,2.8000000000000003,91.0,7.800000000000001,7.5165396,0.2834604263305671
2023-05-15 20:00:00,7.800000000000001,8.8,17.900000000000002,3.1,83.0,11.0,8.569188,2.430811882019043
2023-05-15 21:00:00,11.0,11.100000000000001,27.6,3.2,69.0,12.5,11.570091,0.9299087524414062
2023-05-15 22:00:00,12.5,13.0,26.6,3.2,71.0,11.5,12.485703,-0.9857034683227539
2023-05-15 23:00:00,11.5,14.8,28.900000000000002,2.7,61.0,11.100000000000001,12.1866255,-1.086625480651854
2023-05-16 00:00:00,11.100000000000001,14.0,27.8,2.5,51.0,10.600000000000001,11.06145,-0.4614500045776353
2023-05-16 01:00:00,10.600000000000001,12.8,30.5,2.8000000000000003,48.0,10.100000000000001,10.678705,-0.5787052154541001
2023-05-16 02:00:00,10.100000000000001,14.3,31.700000000000003,2.8000000000000003,39.0,12.8,10.259967,2.540033149719239
2023-05-16 03:00:00,12.8,14.9,27.200000000000003,2.8000000000000003,38.0,13.700000000000001,12.147967,1.5520326614379893
2023-05-16 04:00:00,13.700000000000001,14.9,24.900000000000002,3.6,37.0,13.700000000000001,13.060024,0.6399757385253917
2023-05-16 05:00:00,13.700000000000001,15.9,23.6,3.7,31.0,12.9,13.5417595,-0.6417594909667965
2023-05-16 06:00:00,12.9,15.200000000000001,24.700000000000003,3.5,24.0,10.5,13.359645,-2.859644889831543
2023-05-16 07:00:00,10.5,12.5,23.400000000000002,2.5,18.0,11.100000000000001,11.79091,-0.6909097671508775
2023-05-16 08:00:00,11.100000000000001,15.4,26.8,2.6,17.0,9.200000000000001,10.907951,-1.7079513549804677
2023-05-16 09:00:00,9.200000000000001,13.9,29.5,2.4000000000000004,21.0,8.700000000000001,9.029893,-0.32989292144775284
2023-05-16 10:00:00,8.700000000000001,13.4,26.3,3.0,27.0,11.100000000000001,8.3674,2.732599830627443
2023-05-16 11:00:00,11.100000000000001,14.9,22.6,3.4000000000000004,40.0,10.8,10.057326,0.7426736831665046
2023-05-16 12:00:00,10.8,14.100000000000001,19.1,2.7,51.0,9.8,10.085504,-0.28550357818603445
2023-05-16 13:00:00,9.8,13.600000000000001,17.6,2.6,56.0,8.9,9.562083,-0.6620832443237301
2023-05-16 14:00:00,8.9,11.9,15.700000000000001,2.5,58.0,9.0,8.752835,0.24716472625732422
2023-05-16 15:00:00,9.0,12.4,15.100000000000001,2.2,62.0,8.6,8.98469,-0.3846897125244144
2023-05-16 16:00:00,8.6,12.3,15.5,1.7000000000000002,61.0,8.9,8.509834,0.3901657104492191
2023-05-16 17:00:00,8.9,12.5,17.5,1.4000000000000001,62.0,8.4,9.653343,-1.2533432006835934
2023-05-16 18:00:00,8.4,12.0,20.5,1.5,62.0,9.3,9.007136,0.29286365509033274
2023-05-16 19:00:00,9.3,12.0,22.8,1.6,59.0,8.5,10.160641,-1.6606407165527344
2023-05-16 20:00:00,8.5,10.8,20.900000000000002,2.0,60.0,8.3,9.241678,-0.9416782379150384
2023-05-16 21:00:00,8.3,10.3,23.200000000000003,1.9000000000000001,52.0,8.3,8.771549,-0.4715492248535149
2023-05-16 22:00:00,8.3,11.600000000000001,28.700000000000003,2.1,48.0,9.700000000000001,9.315702,0.3842975616455089
2023-05-16 23:00:00,9.700000000000001,13.100000000000001,31.700000000000003,1.9000000000000001,46.0,10.200000000000001,10.334053,-0.13405303955078018
2023-05-17 00:00:00,10.200000000000001,13.9,23.900000000000002,1.6,44.0,11.4,10.029437,1.3705629348754886
2023-05-17 01:00:00,11.4,13.700000000000001,26.700000000000003,1.6,41.0,11.3,11.192407,0.10759334564209055
2023-05-17 02:00:00,11.3,13.5,24.3,1.9000000000000001,32.0,9.5,11.129268,-1.629267692565918
2023-05-17 03:00:00,9.5,12.4,20.5,1.5,37.0,8.5,9.664976,-1.1649761199951172
2023-05-17 04:00:00,8.5,12.4,17.8,1.8,36.0,9.700000000000001,8.779685,0.9203149795532237
2023-05-17 05:00:00,9.700000000000001,14.0,20.400000000000002,1.7000000000000002,32.0,8.8,9.999992,-1.199992370605468
2023-05-17 06:00:00,8.8,14.200000000000001,15.4,1.4000000000000001,24.0,6.5,9.8935175,-3.39351749420166
2023-05-17 07:00:00,6.5,10.0,19.3,1.4000000000000001,22.0,7.5,7.5619025,-0.061902523040771484
2023-05-17 08:00:00,7.5,12.0,21.8,1.4000000000000001,25.0,7.1000000000000005,7.067238,0.03276214599609428
2023-05-17 09:00:00,7.1000000000000005,10.700000000000001,24.6,1.1,27.0,7.1000000000000005,6.6643033,0.43569669723510795
2023-05-17 10:00:00,7.1000000000000005,10.9,24.900000000000002,1.1,27.0,7.4,6.7178206,0.6821793556213382
2023-05-17 11:00:00,7.4,11.100000000000001,27.900000000000002,1.1,42.0,7.800000000000001,6.9964585,0.8035414695739753
2023-05-17 12:00:00,7.800000000000001,11.8,22.700000000000003,1.3,50.0,8.200000000000001,7.398595,0.801405143737794
2023-05-17 13:00:00,8.200000000000001,11.700000000000001,17.5,1.5,56.0,7.2,8.037118,-0.8371179580688475
2023-05-17 14:00:00,7.2,11.200000000000001,13.9,1.5,64.0,7.4,7.2530413,0.14695873260498082
2023-05-17 15:00:00,7.4,10.4,13.8,1.4000000000000001,67.0,7.7,7.184398,0.5156018257141115
2023-05-17 16:00:00,7.7,11.4,13.200000000000001,1.5,65.0,7.800000000000001,7.9407673,-0.1407672882080071
2023-05-17 17:00:00,7.800000000000001,11.3,15.8,1.8,63.0,6.9,8.206175,-1.3061748504638668
2023-05-17 18:00:00,6.9,10.0,18.400000000000002,2.4000000000000004,60.0,7.0,7.8687506,-0.8687505722045898
2023-05-17 19:00:00,7.0,8.5,22.700000000000003,2.5,57.0,7.1000000000000005,7.6863594,-0.5863594055175776
2023-05-17 20:00:00,7.1000000000000005,8.1,24.200000000000003,2.5,55.0,7.6000000000000005,7.8127427,-0.21274271011352486
2023-05-17 21:00:00,7.6000000000000005,9.1,27.6,2.3000000000000003,50.0,7.800000000000001,8.422749,-0.6227485656738274
2023-05-17 22:00:00,7.800000000000001,10.100000000000001,24.200000000000003,2.3000000000000003,42.0,8.4,8.43514,-0.035139656066894176
2023-05-17 23:00:00,8.4,11.5,25.3,2.4000000000000004,36.0,8.4,8.757539,-0.35753879547119105
2023-05-18 00:00:00,8.4,11.4,23.3,2.6,31.0,8.0,8.457624,-0.4576244354248047
2023-05-18 01:00:00,8.0,11.100000000000001,27.200000000000003,2.2,26.0,9.4,8.11967,1.2803300857543949
2023-05-18 02:00:00,9.4,11.3,24.5,2.0,26.0,10.9,9.200317,1.6996826171875004
2023-05-18 03:00:00,10.9,13.0,24.6,1.9000000000000001,37.0,10.700000000000001,10.831704,-0.1317041397094716
2023-05-18 04:00:00,10.700000000000001,13.5,17.8,2.1,39.0,9.4,10.939258,-1.5392576217651364
2023-05-18 05:00:00,9.4,10.9,18.3,2.0,37.0,8.3,9.595768,-1.295767974853515
2023-05-18 06:00:00,8.3,10.3,18.1,1.7000000000000002,38.0,9.8,8.893726,0.9062736511230476
2023-05-18 07:00:00,9.8,11.9,21.900000000000002,1.9000000000000001,25.0,10.5,10.465913,0.034087181091308594
2023-05-18 08:00:00,10.5,13.0,24.1,2.1,19.0,8.9,10.179344,-1.2793441772460934
2023-05-18 09:00:00,8.9,13.0,24.0,2.0,28.0,9.0,8.533949,0.4660511016845703
2023-05-18 10:00:00,9.0,12.8,20.8,1.7000000000000002,34.0,8.5,8.179693,0.32030677795410156
2023-05-18 11:00:00,8.5,13.8,20.200000000000003,1.7000000000000002,40.0,8.6,7.8542967,0.7457033157348629
2023-05-18 12:00:00,8.6,13.9,16.7,1.8,50.0,8.8,8.01821,0.7817895889282234
2023-05-18 13:00:00,8.8,13.5,14.200000000000001,1.6,59.0,9.200000000000001,8.798032,0.4019681930542003
2023-05-18 14:00:00,9.200000000000001,14.200000000000001,12.8,1.9000000000000001,70.0,8.6,9.302985,-0.7029851913452152
2023-05-18 15:00:00,8.6,14.100000000000001,11.600000000000001,2.0,71.0,8.8,8.4539385,0.3460615158081062
2023-05-18 16:00:00,8.8,12.0,9.3,1.8,77.0,8.3,8.753126,-0.453126144409179
2023-05-18 17:00:00,8.3,11.100000000000001,8.5,1.6,83.0,8.700000000000001,8.304315,0.3956853866577159
2023-05-18 18:00:00,8.700000000000001,11.700000000000001,10.700000000000001,1.7000000000000002,88.0,8.6,9.006184,-0.4061836242675785
2023-05-18 19:00:00,8.6,11.0,12.4,1.5,86.0,8.5,9.060511,-0.5605106353759766
2023-05-18 20:00:00,8.5,11.0,17.400000000000002,1.9000000000000001,78.0,9.3,9.367776,-0.06777591705322195
2023-05-18 21:00:00,9.3,11.8,22.5,2.1,72.0,10.100000000000001,10.346559,-0.24655857086181499
2023-05-18 22:00:00,10.100000000000001,11.8,24.0,2.1,67.0,9.600000000000001,10.621529,-1.0215286254882798
2023-05-18 23:00:00,9.600000000000001,12.3,22.400000000000002,1.8,64.0,9.5,9.632981,-0.1329813003540039
2023-05-19 00:00:00,9.5,12.8,23.700000000000003,1.8,60.0,10.9,9.768624,1.1313756942749027
2023-05-19 01:00:00,10.9,13.3,23.1,1.8,57.0,11.5,10.599152,0.900848388671875
2023-05-19 02:00:00,11.5,14.200000000000001,22.8,1.8,51.0,13.100000000000001,11.272208,1.827791786193849
2023-05-19 03:00:00,13.100000000000001,14.3,19.900000000000002,1.9000000000000001,47.0,12.8,12.502571,0.29742889404296946
2023-05-19 04:00:00,12.8,15.200000000000001,21.400000000000002,1.8,43.0,11.4,12.249922,-0.8499217987060543
2023-05-19 05:00:00,11.4,16.3,22.5,1.9000000000000001,41.0,12.5,11.994173,0.5058269500732422
2023-05-19 06:00:00,12.5,16.5,20.3,2.2,39.0,12.3,12.96472,-0.6647197723388665
2023-05-19 07:00:00,12.3,17.3,19.8,2.0,39.0,10.100000000000001,13.1944275,-3.0944274902343736
2023-05-19 08:00:00,10.100000000000001,16.5,19.5,1.8,42.0,8.0,9.764822,-1.764822006225586
2023-05-19 09:00:00,8.0,13.8,17.7,1.8,42.0,8.200000000000001,7.79189,0.40810985565185653
2023-05-19 10:00:00,8.200000000000001,14.100000000000001,17.0,1.6,43.0,9.0,7.721879,1.278120994567871
2023-05-19 11:00:00,9.0,13.700000000000001,16.0,1.7000000000000002,50.0,8.6,8.428177,0.17182312011718714
2023-05-19 12:00:00,8.6,14.4,13.600000000000001,1.9000000000000001,55.0,8.700000000000001,8.29544,0.40456027984619247
2023-05-19 13:00:00,8.700000000000001,15.200000000000001,12.3,2.0,59.0,8.8,9.000972,-0.20097179412841726
2023-05-19 14:00:00,8.8,14.9,12.4,1.8,59.0,9.700000000000001,8.893565,0.8064348220825206
2023-05-19 15:00:00,9.700000000000001,14.700000000000001,12.4,1.6,60.0,9.4,9.639732,-0.2397323608398434
2023-05-19 16:00:00,9.4,14.600000000000001,14.4,1.6,58.0,10.4,9.672717,0.7272829055786136
2023-05-19 17:00:00,10.4,14.5,17.1,1.7000000000000002,54.0,10.3,11.024543,-0.7245428085327141
2023-05-19 18:00:00,10.3,13.9,20.3,1.6,50.0,9.600000000000001,10.752618,-1.1526178359985337
2023-05-19 19:00:00,9.600000000000001,14.100000000000001,21.0,1.7000000000000002,49.0,9.8,10.422025,-0.6220247268676751
2023-05-19 20:00:00,9.8,14.200000000000001,21.1,1.9000000000000001,47.0,10.0,10.728931,-0.7289314270019531
2023-05-19 21:00:00,10.0,12.3,21.400000000000002,1.9000000000000001,41.0,8.9,10.381284,-1.4812837600708004
2023-05-19 22:00:00,8.9,11.8,21.6,1.8,41.0,9.5,9.0626955,0.4373044967651367
2023-05-19 23:00:00,9.5,12.3,19.900000000000002,1.8,40.0,9.700000000000001,9.336179,0.3638212203979503
2023-05-20 00:00:00,9.700000000000001,11.600000000000001,20.1,1.9000000000000001,41.0,9.9,9.269927,0.6300729751586918
2023-05-20 01:00:00,9.9,12.3,18.400000000000002,1.5,38.0,9.0,9.517536,-0.5175361633300781
2023-05-20 02:00:00,9.0,13.8,17.900000000000002,1.5,37.0,10.600000000000001,8.916907,1.6830926895141616
2023-05-20 03:00:00,10.600000000000001,13.200000000000001,19.200000000000003,1.6,38.0,8.9,10.644433,-1.7444330215454098
2023-05-20 04:00:00,8.9,11.5,17.8,1.9000000000000001,35.0,8.0,9.163441,-1.1634407043457031
2023-05-20 05:00:00,8.0,12.100000000000001,15.3,2.5,37.0,7.2,8.595226,-1.3952262878417967
2023-05-20 06:00:00,7.2,11.200000000000001,13.9,2.5,37.0,7.300000000000001,7.944811,-0.6448108673095696
2023-05-20 07:00:00,7.300000000000001,10.100000000000001,18.5,2.4000000000000004,37.0,7.4,7.934854,-0.5348540306091305
2023-05-20 08:00:00,7.4,9.4,20.3,2.4000000000000004,33.0,7.300000000000001,6.941982,0.35801820755004954
2023-05-20 09:00:00,7.300000000000001,9.700000000000001,22.0,2.2,30.0,7.0,6.8639116,0.13608837127685547
2023-05-20 10:00:00,7.0,9.600000000000001,23.0,2.6,32.0,7.6000000000000005,6.6794786,0.9205213546752935
2023-05-20 11:00:00,7.6000000000000005,10.4,25.200000000000003,2.7,29.0,7.800000000000001,7.4780436,0.3219564437866218
2023-05-20 12:00:00,7.800000000000001,10.100000000000001,22.900000000000002,2.5,34.0,6.0,7.360503,-1.3605031967163086
2023-05-20 13:00:00,6.0,8.0,20.3,2.3000000000000003,32.0,6.4,5.6688786,0.7311214447021488
2023-05-20 14:00:00,6.4,8.200000000000001,20.200000000000003,2.1,37.0,7.0,6.2708473,0.7291526794433594
2023-05-20 15:00:00,7.0,8.3,17.5,2.6,38.0,6.300000000000001,6.846818,-0.5468179702758782
2023-05-20 16:00:00,6.300000000000001,8.6,17.7,2.7,45.0,6.7,6.555029,0.14497108459472674
2023-05-20 17:00:00,6.7,9.600000000000001,15.5,2.6,51.0,7.1000000000000005,7.0978513,0.0021487236022954548
2023-05-20 18:00:00,7.1000000000000005,9.1,17.2,2.6,52.0,7.4,7.675825,-0.27582511901855433
2023-05-20 19:00:00,7.4,9.600000000000001,16.5,2.2,50.0,7.7,8.110976,-0.4109762191772459
2023-05-20 20:00:00,7.7,10.8,20.400000000000002,2.5,44.0,7.1000000000000005,8.889551,-1.789551162719726
2023-05-20 21:00:00,7.1000000000000005,9.1,23.0,2.9000000000000004,35.0,6.800000000000001,7.471551,-0.6715509414672844
2023-05-20 22:00:00,6.800000000000001,8.8,25.6,2.6,30.0,6.800000000000001,6.9985523,-0.1985523223876946
2023-05-20 23:00:00,6.800000000000001,9.3,23.900000000000002,2.8000000000000003,28.0,7.6000000000000005,6.889533,0.7104669570922857
2023-05-21 00:00:00,7.6000000000000005,9.3,24.0,2.9000000000000004,32.0,6.6000000000000005,7.279528,-0.679528141021728
2023-05-21 01:00:00,6.6000000000000005,8.3,20.5,2.7,29.0,7.2,6.3590345,0.8409654617309572
2023-05-21 02:00:00,7.2,9.700000000000001,18.8,2.3000000000000003,32.0,7.0,7.056793,-0.056793212890625
2023-05-21 03:00:00,7.0,8.8,14.4,2.0,32.0,7.4,6.948412,0.45158805847168004
2023-05-21 04:00:00,7.4,9.0,12.3,2.5,34.0,7.4,7.368475,0.03152503967285192
2023-05-21 05:00:00,7.4,9.4,11.200000000000001,2.5,37.0,7.9,7.2969565,0.6030434608459476
2023-05-21 06:00:00,7.9,9.0,12.700000000000001,2.5,38.0,8.6,8.208815,0.39118537902831996
2023-05-21 07:00:00,8.6,8.6,15.9,2.5,33.0,8.700000000000001,8.420263,0.27973670959472763
2023-05-21 08:00:00,8.700000000000001,9.3,18.5,2.9000000000000004,26.0,8.4,7.907093,0.49290695190429723
2023-05-21 09:00:00,8.4,10.600000000000001,19.5,2.8000000000000003,29.0,9.1,7.734763,1.3652368545532223
2023-05-21 10:00:00,9.1,10.8,18.1,3.2,33.0,10.700000000000001,8.072762,2.62723846435547
2023-05-21 11:00:00,10.700000000000001,12.100000000000001,17.6,2.7,40.0,10.3,9.814501,0.4854991912841804
2023-05-21 12:00:00,10.3,12.4,15.100000000000001,2.7,41.0,10.3,9.4870615,0.8129384994506843
2023-05-21 13:00:00,10.3,12.0,13.0,2.7,46.0,8.9,9.584145,-0.6841445922851559
2023-05-21 14:00:00,8.9,11.9,12.0,2.5,44.0,9.0,8.538979,0.46102142333984375
2023-05-21 15:00:00,9.0,11.9,12.0,2.5,60.0,8.4,8.87214,-0.4721399307250973
2023-05-21 16:00:00,8.4,11.700000000000001,9.3,2.7,75.0,8.8,8.5145035,0.28549652099609446
2023-05-21 17:00:00,8.8,11.9,7.800000000000001,2.4000000000000004,85.0,9.200000000000001,9.167724,0.03227634429931747
2023-05-21 18:00:00,9.200000000000001,11.8,8.200000000000001,2.2,84.0,9.200000000000001,9.555218,-0.3552177429199208
2023-05-21 19:00:00,9.200000000000001,12.0,9.600000000000001,2.6,86.0,10.100000000000001,10.094959,0.005040740966798296
2023-05-21 20:00:00,10.100000000000001,13.100000000000001,11.600000000000001,2.5,79.0,10.9,10.878446,0.021554374694824574
2023-05-21 21:00:00,10.9,12.700000000000001,19.3,3.0,69.0,10.9,11.685904,-0.7859035491943356
2023-05-21 22:00:00,10.9,12.3,23.5,3.1,52.0,10.200000000000001,11.124929,-0.9249294281005849
2023-05-21 23:00:00,10.200000000000001,12.3,29.1,2.3000000000000003,47.0,10.200000000000001,10.815481,-0.6154811859130849
2023-05-22 00:00:00,10.200000000000001,12.700000000000001,30.400000000000002,2.2,42.0,9.4,10.340137,-0.9401365280151364
2023-05-22 01:00:00,9.4,11.600000000000001,30.6,2.5,29.0,11.3,9.546281,1.7537191390991218
2023-05-22 02:00:00,11.3,13.600000000000001,25.5,2.5,30.0,12.9,11.290124,1.6098760604858402
2023-05-22 03:00:00,12.9,15.700000000000001,21.8,2.4000000000000004,30.0,13.100000000000001,12.428835,0.6711650848388686
2023-05-22 04:00:00,13.100000000000001,15.3,15.700000000000001,2.5,33.0,13.5,12.750906,0.7490940093994141
2023-05-22 05:00:00,13.5,15.600000000000001,15.600000000000001,2.4000000000000004,34.0,13.8,13.326576,0.47342376708984446
2023-05-22 06:00:00,13.8,15.8,19.400000000000002,2.5,26.0,16.0,14.182553,1.8174467086791992
2023-05-22 07:00:00,16.0,15.8,24.6,2.6,34.0,15.8,15.986,-0.18600006103515554
2023-05-22 08:00:00,15.8,16.5,25.8,2.8000000000000003,37.0,16.8,14.456597,2.3434026718139656
2023-05-22 09:00:00,16.8,18.900000000000002,29.3,3.1,43.0,15.0,14.876191,0.1238088607788086
2023-05-22 10:00:00,15.0,18.3,27.6,3.0,51.0,15.0,13.476708,1.5232915878295898
2023-05-22 11:00:00,15.0,17.7,24.900000000000002,2.7,59.0,14.100000000000001,13.581699,0.5183006286621108
2023-05-22 12:00:00,14.100000000000001,18.3,21.1,2.7,71.0,14.8,13.412013,1.3879869461059577
2023-05-22 13:00:00,14.8,17.5,15.9,2.3000000000000003,77.0,14.9,13.829203,1.0707973480224613
2023-05-22 14:00:00,14.9,18.5,15.600000000000001,2.3000000000000003,79.0,15.9,14.12188,1.7781204223632816
2023-05-22 15:00:00,15.9,19.0,13.0,2.6,97.0,16.400000000000002,15.263289,1.136710548400881
2023-05-22 16:00:00,16.400000000000002,19.700000000000003,10.3,2.6,111.0,17.0,16.260426,0.7395744323730469
2023-05-22 17:00:00,17.0,19.5,11.0,2.7,110.0,17.900000000000002,17.171314,0.728685760498049
2023-05-22 18:00:00,17.900000000000002,19.200000000000003,12.4,2.5,114.0,17.0,18.380173,-1.3801727294921875
2023-05-22 19:00:00,17.0,17.8,13.100000000000001,2.6,113.0,16.7,17.365034,-0.6650341033935554
2023-05-22 20:00:00,16.7,18.5,20.400000000000002,3.2,101.0,17.900000000000002,17.616905,0.2830947875976584
2023-05-22 21:00:00,17.900000000000002,19.0,29.700000000000003,3.4000000000000004,78.0,18.8,19.089773,-0.2897731781005852
2023-05-22 22:00:00,18.8,19.5,38.1,3.9000000000000004,75.0,17.8,19.665781,-1.8657810211181634
2023-05-22 23:00:00,17.8,18.5,43.800000000000004,3.7,58.0,17.3,18.328905,-1.0289051055908196
2023-05-23 00:00:00,17.3,18.900000000000002,42.400000000000006,3.7,46.0,17.5,17.46547,0.0345306396484375
2023-05-23 01:00:00,17.5,17.7,38.6,3.5,31.0,18.1,16.464403,1.635596847534181
2023-05-23 02:00:00,18.1,17.400000000000002,38.800000000000004,3.8000000000000003,28.0,15.4,16.980816,-1.5808158874511715
2023-05-23 03:00:00,15.4,18.8,33.5,3.2,29.0,16.1,15.231907,0.8680931091308608
2023-05-23 04:00:00,16.1,20.1,29.700000000000003,3.7,29.0,16.400000000000002,16.160484,0.23951568603515838
2023-05-23 05:00:00,16.400000000000002,19.5,23.900000000000002,2.7,28.0,17.900000000000002,16.226934,1.6730655670166037
2023-05-23 06:00:00,17.900000000000002,19.8,24.700000000000003,2.4000000000000004,22.0,16.400000000000002,18.450068,-2.0500675201415994
2023-05-23 07:00:00,16.400000000000002,21.400000000000002,26.0,2.6,18.0,17.3,17.501875,-0.20187492370605398
2023-05-23 08:00:00,17.3,22.1,26.1,3.4000000000000004,21.0,17.8,16.281233,1.518767166137696
2023-05-23 09:00:00,17.8,23.8,33.7,3.2,25.0,16.5,16.051012,0.4489879608154297
2023-05-23 10:00:00,16.5,23.1,27.700000000000003,3.2,31.0,17.400000000000002,14.933934,2.466065788269045
2023-05-23 11:00:00,17.400000000000002,23.0,29.200000000000003,3.2,52.0,16.2,15.553777,0.6462232589721673
2023-05-23 12:00:00,16.2,20.200000000000003,22.3,4.2,79.0,15.3,14.586867,0.7131326675415046
2023-05-23 13:00:00,15.3,19.400000000000002,18.8,3.6,92.0,15.5,14.050357,1.4496431350708008
2023-05-23 14:00:00,15.5,18.7,17.2,3.2,97.0,15.600000000000001,14.382777,1.2172227859497085
2023-05-23 15:00:00,15.600000000000001,19.900000000000002,14.200000000000001,2.9000000000000004,109.0,15.3,15.002409,0.2975910186767585
2023-05-23 16:00:00,15.3,19.5,12.200000000000001,2.7,116.0,14.5,15.251921,-0.7519207000732422
2023-05-23 17:00:00,14.5,20.0,10.5,2.7,123.0,13.8,14.648708,-0.8487083435058587
2023-05-23 18:00:00,13.8,19.3,11.9,2.9000000000000004,123.0,14.0,14.377033,-0.3770332336425781
2023-05-23 19:00:00,14.0,19.1,10.100000000000001,2.9000000000000004,122.0,14.3,14.213793,0.0862071990966804
2023-05-23 20:00:00,14.3,19.8,19.6,3.0,110.0,18.400000000000002,15.809454,2.5905460357666037
2023-05-23 21:00:00,18.400000000000002,19.700000000000003,24.200000000000003,3.0,99.0,14.700000000000001,18.621174,-3.921173858642577
2023-05-23 22:00:00,14.700000000000001,18.3,28.1,4.1000000000000005,95.0,15.600000000000001,15.498508,0.1014915466308608
2023-05-23 23:00:00,15.600000000000001,19.1,21.6,3.8000000000000003,83.0,16.3,15.57309,0.7269104003906257
2023-05-24 00:00:00,16.3,18.6,22.3,3.2,68.0,15.9,15.85653,0.0434698104858402
2023-05-24 01:00:00,15.9,19.0,20.400000000000002,2.9000000000000004,62.0,15.5,15.631299,-0.13129901885986328
2023-05-24 02:00:00,15.5,21.0,18.6,3.2,57.0,15.3,14.9616585,0.3383415222167976
2023-05-24 03:00:00,15.3,22.200000000000003,22.0,2.7,50.0,13.600000000000001,15.683829,-2.083829307556151
2023-05-24 04:00:00,13.600000000000001,19.700000000000003,22.8,2.8000000000000003,47.0,14.200000000000001,14.02624,0.1737596511840831
2023-05-24 05:00:00,14.200000000000001,18.400000000000002,19.1,3.0,45.0,13.200000000000001,14.499743,-1.2997434616088857
2023-05-24 06:00:00,13.200000000000001,18.2,19.700000000000003,3.2,36.0,14.0,14.237169,-0.2371692657470703
2023-05-24 07:00:00,14.0,19.1,23.8,3.4000000000000004,35.0,15.8,15.24172,0.5582798004150398
2023-05-24 08:00:00,15.8,21.200000000000003,29.6,3.8000000000000003,35.0,17.0,14.792903,2.207097053527832
2023-05-24 09:00:00,17.0,23.400000000000002,31.400000000000002,3.8000000000000003,37.0,15.200000000000001,16.050583,-0.8505828857421864
2023-05-24 10:00:00,15.200000000000001,21.6,27.1,3.4000000000000004,41.0,14.700000000000001,13.686248,1.0137521743774425
2023-05-24 11:00:00,14.700000000000001,18.8,22.1,3.7,60.0,15.4,13.21457,2.185429954528809
2023-05-24 12:00:00,15.4,20.1,18.900000000000002,4.2,76.0,15.9,13.741215,2.1587852478027347
2023-05-24 13:00:00,15.9,23.5,19.0,4.0,83.0,15.700000000000001,15.550814,0.14918632507324325
2023-05-24 14:00:00,15.700000000000001,23.3,15.9,3.4000000000000004,100.0,16.1,15.258754,0.8412462234497085
2023-05-24 15:00:00,16.1,20.8,14.9,2.9000000000000004,107.0,14.100000000000001,15.345135,-1.2451347351074205
2023-05-24 16:00:00,14.100000000000001,20.200000000000003,13.3,2.7,118.0,15.200000000000001,14.344924,0.855076026916505
2023-05-24 17:00:00,15.200000000000001,18.8,13.3,2.6,122.0,14.9,15.0758095,-0.17580947875976527
2023-05-24 18:00:00,14.9,20.1,17.1,2.0,112.0,14.8,15.788589,-0.9885885238647454
2023-05-24 19:00:00,14.8,19.6,22.900000000000002,2.2,99.0,18.7,16.299437,2.400563430786132
2023-05-24 20:00:00,18.7,21.6,24.200000000000003,2.7,93.0,19.200000000000003,19.947199,-0.7471988677978487
2023-05-24 21:00:00,19.200000000000003,22.1,20.900000000000002,2.6,91.0,15.100000000000001,19.584167,-4.484167480468749
2023-05-24 22:00:00,15.100000000000001,21.1,17.5,2.5,82.0,16.6,15.811196,0.7888036727905288
2023-05-24 23:00:00,16.6,22.0,18.1,1.7000000000000002,79.0,13.9,16.762121,-2.862121200561523
2023-05-25 00:00:00,13.9,17.7,17.0,1.6,75.0,13.3,13.171672,0.12832813262939524
2023-05-25 01:00:00,13.3,16.900000000000002,14.700000000000001,1.4000000000000001,72.0,12.5,12.284147,0.2158527374267578
2023-05-25 02:00:00,12.5,17.1,11.8,1.5,66.0,12.4,11.765343,0.6346572875976566
2023-05-25 03:00:00,12.4,15.3,12.200000000000001,1.7000000000000002,58.0,8.200000000000001,11.820455,-3.6204545974731435
2023-05-25 04:00:00,8.200000000000001,11.700000000000001,10.5,1.8,58.0,7.800000000000001,8.484128,-0.6841279983520501
2023-05-25 05:00:00,7.800000000000001,13.8,10.8,2.2,56.0,8.1,8.444825,-0.34482517242431676
2023-05-25 06:00:00,8.1,12.5,12.0,2.1,55.0,8.9,9.2223425,-0.322342491149902
2023-05-25 07:00:00,8.9,13.100000000000001,16.6,1.7000000000000002,55.0,9.600000000000001,9.813235,-0.2132352828979478
2023-05-25 08:00:00,9.600000000000001,12.700000000000001,17.6,1.5,53.0,10.4,9.132275,1.2677253723144535
2023-05-25 09:00:00,10.4,14.200000000000001,16.6,1.6,51.0,9.4,9.626058,-0.22605762481689418
2023-05-25 10:00:00,9.4,14.200000000000001,17.6,1.5,52.0,9.4,8.809418,0.5905822753906254
2023-05-25 11:00:00,9.4,14.600000000000001,16.900000000000002,1.6,58.0,9.200000000000001,9.027587,0.17241306304931747
2023-05-25 12:00:00,9.200000000000001,15.100000000000001,15.100000000000001,1.6,72.0,10.600000000000001,9.110312,1.489687538146974
2023-05-25 13:00:00,10.600000000000001,15.200000000000001,11.200000000000001,1.7000000000000002,80.0,10.700000000000001,10.350984,0.34901638031005966
2023-05-25 14:00:00,10.700000000000001,14.8,9.5,1.7000000000000002,86.0,11.3,10.29179,1.0082099914550788
2023-05-25 15:00:00,11.3,14.5,8.700000000000001,1.8,92.0,12.4,10.912009,1.487990760803223
2023-05-25 16:00:00,12.4,15.4,8.6,1.7000000000000002,97.0,11.0,11.8739,-0.8739004135131836
2023-05-25 17:00:00,11.0,15.200000000000001,9.200000000000001,1.8,101.0,11.600000000000001,11.083556,0.5164438247680678
2023-05-25 18:00:00,11.600000000000001,15.3,10.5,2.0,98.0,12.200000000000001,11.561995,0.6380054473876964
2023-05-25 19:00:00,12.200000000000001,16.1,14.200000000000001,2.1,100.0,13.200000000000001,12.929848,0.2701522827148448
2023-05-25 20:00:00,13.200000000000001,16.400000000000002,21.6,2.4000000000000004,92.0,14.200000000000001,14.220657,-0.020657348632811434
2023-05-25 21:00:00,14.200000000000001,16.5,22.6,2.3000000000000003,81.0,14.5,14.924426,-0.4244260787963867
2023-05-25 22:00:00,14.5,16.400000000000002,23.200000000000003,2.3000000000000003,84.0,13.8,14.849134,-1.049134445190429
2023-05-25 23:00:00,13.8,19.1,22.3,2.8000000000000003,80.0,13.600000000000001,14.683367,-1.083366775512694
2023-05-26 00:00:00,13.600000000000001,20.400000000000002,19.8,2.6,58.0,14.5,13.766369,0.7336311340332031
2023-05-26 01:00:00,14.5,18.3,20.400000000000002,2.4000000000000004,53.0,12.100000000000001,14.172865,-2.0728649139404283
2023-05-26 02:00:00,12.100000000000001,19.1,18.900000000000002,2.4000000000000004,49.0,13.5,12.448589,1.0514106750488281
2023-05-26 03:00:00,13.5,17.8,19.1,2.4000000000000004,45.0,15.0,13.559588,1.4404115676879883
2023-05-26 04:00:00,15.0,20.700000000000003,18.400000000000002,2.6,37.0,16.400000000000002,14.749517,1.6504825592041037
2023-05-26 05:00:00,16.400000000000002,24.3,17.7,3.1,32.0,16.6,16.452145,0.14785537719726705
2023-05-26 06:00:00,16.6,20.900000000000002,18.400000000000002,3.1,26.0,14.600000000000001,16.945492,-2.345491790771483
2023-05-26 07:00:00,14.600000000000001,20.200000000000003,19.1,3.4000000000000004,19.0,16.7,15.683013,1.0169870376586907
2023-05-26 08:00:00,16.7,22.5,23.900000000000002,3.3000000000000003,19.0,13.8,16.087885,-2.287884902954101
2023-05-26 09:00:00,13.8,25.1,24.6,3.2,16.0,15.200000000000001,13.408368,1.7916318893432628
2023-05-26 10:00:00,15.200000000000001,22.6,23.900000000000002,3.5,24.0,14.600000000000001,13.753156,0.8468442916870131
2023-05-26 11:00:00,14.600000000000001,23.1,21.900000000000002,3.8000000000000003,38.0,13.4,13.572216,-0.17221603393554652
2023-05-26 12:00:00,13.4,24.1,19.6,3.6,55.0,13.200000000000001,12.96677,0.23322982788086044
2023-05-26 13:00:00,13.200000000000001,21.400000000000002,16.1,2.9000000000000004,75.0,13.100000000000001,12.700415,0.399585342407228
2023-05-26 14:00:00,13.100000000000001,19.6,13.700000000000001,2.8000000000000003,94.0,12.3,12.94283,-0.6428300857543938
2023-05-26 15:00:00,12.3,19.5,12.100000000000001,2.5,102.0,12.3,12.381214,-0.08121414184570241
2023-05-26 16:00:00,12.3,18.2,11.4,2.3000000000000003,109.0,11.9,12.117928,-0.2179275512695309
2023-05-26 17:00:00,11.9,17.2,11.3,2.3000000000000003,114.0,11.200000000000001,12.067639,-0.8676393508911122
2023-05-26 18:00:00,11.200000000000001,17.1,13.3,2.3000000000000003,116.0,11.4,11.834206,-0.4342056274414059
2023-05-26 19:00:00,11.4,17.900000000000002,15.0,2.3000000000000003,107.0,11.700000000000001,12.699058,-0.9990575790405263
2023-05-26 20:00:00,11.700000000000001,16.900000000000002,20.700000000000003,2.4000000000000004,85.0,12.5,13.0209875,-0.5209875106811523
2023-05-26 21:00:00,12.5,18.900000000000002,28.8,2.0,84.0,13.3,14.613898,-1.3138982772827141
2023-05-26 22:00:00,13.3,17.400000000000002,30.400000000000002,2.2,75.0,12.4,14.379349,-1.9793487548828121
2023-05-26 23:00:00,12.4,19.5,37.9,2.3000000000000003,47.0,13.9,14.079437,-0.17943725585937464
2023-05-27 00:00:00,13.9,18.6,53.0,2.4000000000000004,29.0,16.8,15.937403,0.8625972747802741
2023-05-27 01:00:00,16.8,22.8,47.300000000000004,2.1,38.0,18.3,17.717096,0.5829036712646491
2023-05-27 02:00:00,18.3,24.900000000000002,40.0,1.8,34.0,20.700000000000003,17.809143,2.890856933593753
2023-05-27 03:00:00,20.700000000000003,24.1,35.6,1.9000000000000001,35.0,19.400000000000002,19.796339,-0.39633903503417756
2023-05-27 04:00:00,19.400000000000002,23.3,32.9,2.0,34.0,17.6,19.297485,-1.6974853515624986
2023-05-27 05:00:00,17.6,25.8,26.3,2.0,50.0,16.6,18.03711,-1.4371093749999986
2023-05-27 06:00:00,16.6,22.1,16.8,1.8,63.0,13.9,16.921804,-3.0218044281005856
2023-05-27 07:00:00,13.9,18.3,14.700000000000001,1.7000000000000002,67.0,13.600000000000001,13.916484,-0.31648387908935405
2023-05-27 08:00:00,13.600000000000001,19.900000000000002,14.700000000000001,2.0,72.0,11.3,13.304433,-2.004432868957519
2023-05-27 09:00:00,11.3,19.400000000000002,11.4,2.0,76.0,11.3,11.071031,0.2289693832397468
2023-05-27 10:00:00,11.3,19.0,9.200000000000001,1.8,80.0,11.600000000000001,11.025104,0.5748964309692397
2023-05-27 11:00:00,11.600000000000001,19.1,8.3,2.0,85.0,12.200000000000001,11.340193,0.8598072052001964
2023-05-27 12:00:00,12.200000000000001,16.5,6.5,1.9000000000000001,92.0,12.100000000000001,11.604629,0.4953714370727553
2023-05-27 13:00:00,12.100000000000001,15.0,6.5,2.0,101.0,12.100000000000001,11.40734,0.6926599502563491
2023-05-27 14:00:00,12.100000000000001,13.700000000000001,7.4,1.8,103.0,12.100000000000001,11.508223,0.5917774200439467
2023-05-27 15:00:00,12.100000000000001,14.8,7.1000000000000005,1.9000000000000001,106.0,10.700000000000001,11.583751,-0.8837507247924794
2023-05-27 16:00:00,10.700000000000001,14.3,8.1,1.8,110.0,10.8,10.488649,0.3113506317138679
2023-05-27 17:00:00,10.8,14.5,8.9,1.7000000000000002,112.0,11.0,10.760162,0.239837646484375
2023-05-27 18:00:00,11.0,14.100000000000001,10.5,2.0,112.0,12.4,10.988289,1.411711120605469
2023-05-27 19:00:00,12.4,16.6,11.100000000000001,2.0,112.0,12.700000000000001,12.704478,-0.004478263854979403
2023-05-27 20:00:00,12.700000000000001,17.3,18.3,2.3000000000000003,109.0,12.9,13.798668,-0.8986679077148434
2023-05-27 21:00:00,12.9,16.900000000000002,17.6,2.3000000000000003,103.0,14.4,13.442262,0.957738304138184
2023-05-27 22:00:00,14.4,17.3,20.700000000000003,2.3000000000000003,94.0,16.0,14.950184,1.0498161315917969
2023-05-27 23:00:00,16.0,17.7,23.200000000000003,2.4000000000000004,89.0,14.0,16.092842,-2.0928421020507812
2023-05-28 00:00:00,14.0,17.1,19.3,2.1,82.0,13.100000000000001,13.188047,-0.08804740905761577
2023-05-28 01:00:00,13.100000000000001,17.0,17.6,2.0,71.0,15.200000000000001,12.540492,2.659507942199708
2023-05-28 02:00:00,15.200000000000001,19.5,15.600000000000001,2.0,64.0,14.9,14.857739,0.042260551452637074
2023-05-28 03:00:00,14.9,18.0,13.9,1.6,60.0,13.600000000000001,14.253429,-0.6534294128417955
2023-05-28 04:00:00,13.600000000000001,17.6,12.3,1.7000000000000002,57.0,12.200000000000001,13.325868,-1.1258676528930653
2023-05-28 05:00:00,12.200000000000001,14.0,11.5,1.6,60.0,12.3,11.675063,0.6249368667602546
2023-05-28 06:00:00,12.3,14.100000000000001,13.700000000000001,1.8,52.0,13.0,12.406377,0.593623161315918
2023-05-28 07:00:00,13.0,15.5,16.2,2.2,47.0,13.0,12.97124,0.02875995635986328
2023-05-28 08:00:00,13.0,18.1,16.400000000000002,2.4000000000000004,42.0,13.200000000000001,12.559771,0.6402294158935558
2023-05-28 09:00:00,13.200000000000001,18.0,17.8,2.4000000000000004,47.0,14.200000000000001,12.365849,1.8341514587402354
2023-05-28 10:00:00,14.200000000000001,21.900000000000002,13.8,2.5,52.0,13.3,13.507424,-0.20742435455322195
2023-05-28 11:00:00,13.3,21.0,10.700000000000001,2.5,69.0,14.5,12.557803,1.9421968460083008
2023-05-28 12:00:00,14.5,20.0,9.0,2.6,77.0,13.700000000000001,13.784951,-0.08495121002197159
2023-05-28 13:00:00,13.700000000000001,20.200000000000003,9.0,2.9000000000000004,89.0,14.600000000000001,13.394119,1.205880737304689
2023-05-28 14:00:00,14.600000000000001,18.900000000000002,7.2,2.7,101.0,13.4,13.916407,-0.5164066314697262
2023-05-28 15:00:00,13.4,18.0,7.4,2.5,111.0,14.600000000000001,13.069721,1.5302787780761733
2023-05-28 16:00:00,14.600000000000001,19.5,6.800000000000001,2.3000000000000003,116.0,14.700000000000001,14.396639,0.30336112976074325
2023-05-28 17:00:00,14.700000000000001,19.8,9.5,2.1,119.0,15.4,14.909176,0.490824127197266
2023-05-28 18:00:00,15.4,21.6,10.8,2.3000000000000003,119.0,17.2,15.8024845,1.3975154876708977
2023-05-28 19:00:00,17.2,19.400000000000002,15.5,3.0,114.0,16.1,18.088501,-1.9885009765624986
2023-05-28 20:00:00,16.1,19.0,21.700000000000003,2.9000000000000004,107.0,16.5,17.92255,-1.4225502014160156
2023-05-28 21:00:00,16.5,20.6,25.8,3.0,91.0,16.400000000000002,18.149117,-1.7491165161132791
2023-05-28 22:00:00,16.400000000000002,21.200000000000003,25.8,2.9000000000000004,76.0,17.400000000000002,17.727018,-0.32701835632324006
2023-05-28 23:00:00,17.400000000000002,21.900000000000002,28.0,3.0,64.0,15.600000000000001,18.056404,-2.45640411376953
2023-05-29 00:00:00,15.600000000000001,19.900000000000002,32.2,2.8000000000000003,54.0,15.8,15.843923,-0.04392261505126882
2023-05-29 01:00:00,15.8,19.0,26.3,2.8000000000000003,62.0,15.0,15.809856,-0.8098564147949219
2023-05-29 02:00:00,15.0,17.8,19.200000000000003,3.4000000000000004,71.0,14.600000000000001,14.489289,0.11071071624756001
2023-05-29 03:00:00,14.600000000000001,16.3,15.8,2.8000000000000003,74.0,12.700000000000001,13.847229,-1.147229003906249
2023-05-29 04:00:00,12.700000000000001,16.400000000000002,13.3,2.6,76.0,10.600000000000001,12.39688,-1.7968801498413072
2023-05-29 05:00:00,10.600000000000001,15.100000000000001,13.100000000000001,2.6,82.0,10.0,11.250299,-1.2502994537353516
2023-05-29 06:00:00,10.0,15.4,12.4,2.5,75.0,10.200000000000001,11.25407,-1.0540702819824208
2023-05-29 07:00:00,10.200000000000001,14.5,18.2,2.4000000000000004,68.0,11.200000000000001,11.213023,-0.013023185729979403
2023-05-29 08:00:00,11.200000000000001,17.0,20.3,2.1,59.0,11.700000000000001,11.01822,0.6817800521850597
2023-05-29 09:00:00,11.700000000000001,18.0,27.200000000000003,2.7,53.0,12.200000000000001,11.223741,0.9762594223022472
2023-05-29 10:00:00,12.200000000000001,20.5,23.3,2.5,56.0,13.3,11.884278,1.4157217025756843
2023-05-29 11:00:00,13.3,18.8,20.6,2.1,70.0,13.600000000000001,12.514122,1.0858779907226577
2023-05-29 12:00:00,13.600000000000001,18.1,13.8,1.6,78.0,13.100000000000001,12.812043,0.28795680999756
2023-05-29 13:00:00,13.100000000000001,17.5,12.9,1.6,93.0,12.200000000000001,12.490345,-0.29034500122070206
2023-05-29 14:00:00,12.200000000000001,17.6,10.600000000000001,1.6,99.0,12.5,11.895583,0.6044168472290039
2023-05-29 15:00:00,12.5,17.5,8.9,1.5,109.0,12.4,11.761304,0.6386960983276371
2023-05-29 16:00:00,12.4,15.8,7.7,1.8,115.0,13.100000000000001,11.860439,1.239560699462892
2023-05-29 17:00:00,13.100000000000001,17.400000000000002,9.600000000000001,1.8,115.0,13.9,12.824091,1.0759090423583988
2023-05-29 18:00:00,13.9,17.400000000000002,14.200000000000001,1.8,118.0,12.3,14.067592,-1.7675916671752923
2023-05-29 19:00:00,12.3,17.0,14.3,1.8,119.0,12.4,13.015094,-0.6150938034057614
2023-05-29 20:00:00,12.4,18.7,18.0,2.1,113.0,13.0,13.679206,-0.6792058944702148
2023-05-29 21:00:00,13.0,18.900000000000002,25.900000000000002,2.5,94.0,15.4,14.536883,0.8631166458129886
2023-05-29 22:00:00,15.4,18.900000000000002,28.8,2.4000000000000004,82.0,13.4,16.690857,-3.2908569335937496
2023-05-29 23:00:00,13.4,17.5,31.700000000000003,2.5,77.0,14.100000000000001,14.664567,-0.5645669937133775
2023-05-30 00:00:00,14.100000000000001,18.5,32.5,2.3000000000000003,64.0,13.200000000000001,14.478251,-1.2782514572143544
2023-05-30 01:00:00,13.200000000000001,18.6,30.200000000000003,2.2,53.0,13.200000000000001,13.684375,-0.48437480926513565
2023-05-30 02:00:00,13.200000000000001,18.8,25.1,2.6,45.0,13.0,13.119541,-0.11954116821289062
2023-05-30 03:00:00,13.0,19.900000000000002,21.8,2.2,59.0,12.3,13.319178,-1.0191776275634759
2023-05-30 04:00:00,12.3,18.1,20.1,2.3000000000000003,35.0,13.4,12.676614,0.7233861923217777
2023-05-30 05:00:00,13.4,17.6,19.6,2.2,36.0,12.200000000000001,13.614784,-1.4147842407226552
2023-05-30 06:00:00,12.200000000000001,17.0,20.8,2.3000000000000003,32.0,12.700000000000001,12.947847,-0.24784736633300675
2023-05-30 07:00:00,12.700000000000001,21.1,25.700000000000003,2.4000000000000004,37.0,14.100000000000001,13.911658,0.18834171295166158
2023-05-30 08:00:00,14.100000000000001,21.1,34.9,2.2,39.0,15.0,14.118974,0.8810262680053711
2023-05-30 09:00:00,15.0,23.3,31.5,2.1,40.0,13.600000000000001,14.412072,-0.8120721817016587
2023-05-30 10:00:00,13.600000000000001,23.3,27.200000000000003,2.3000000000000003,47.0,14.600000000000001,13.470039,1.1299606323242202
2023-05-30 11:00:00,14.600000000000001,22.200000000000003,22.0,2.4000000000000004,65.0,13.3,13.694936,-0.3949357986450188
2023-05-30 12:00:00,13.3,21.900000000000002,18.900000000000002,2.5,72.0,13.5,12.789051,0.7109489440917969
2023-05-30 13:00:00,13.5,22.200000000000003,13.700000000000001,2.2,87.0,13.0,13.666309,-0.6663093566894531
2023-05-30 14:00:00,13.0,22.8,10.600000000000001,2.2,104.0,13.3,12.768913,0.531086730957032
2023-05-30 15:00:00,13.3,21.700000000000003,10.3,2.2,112.0,13.700000000000001,12.939646,0.760354232788087
2023-05-30 16:00:00,13.700000000000001,20.8,10.4,2.1,116.0,12.200000000000001,13.619867,-1.4198673248291005
2023-05-30 17:00:00,12.200000000000001,20.200000000000003,9.700000000000001,2.1,123.0,12.700000000000001,12.444732,0.25526828765869247
2023-05-30 18:00:00,12.700000000000001,19.1,11.4,2.1,125.0,13.0,12.829263,0.17073726654052734
2023-05-30 19:00:00,13.0,17.7,12.0,2.1,122.0,13.200000000000001,13.353195,-0.15319519042968643
2023-05-30 20:00:00,13.200000000000001,19.0,16.400000000000002,2.2,118.0,15.100000000000001,14.463011,0.6369892120361342
2023-05-30 21:00:00,15.100000000000001,21.700000000000003,19.1,2.4000000000000004,102.0,17.900000000000002,16.198576,1.70142402648926
2023-05-30 22:00:00,17.900000000000002,24.1,22.0,2.5,91.0,15.600000000000001,19.290598,-3.6905979156494126
2023-05-30 23:00:00,15.600000000000001,22.400000000000002,21.900000000000002,2.1,92.0,13.8,16.03746,-2.237460327148437
2023-05-31 00:00:00,13.8,21.1,17.1,1.9000000000000001,92.0,14.0,13.429643,0.5703573226928711
2023-05-31 01:00:00,14.0,19.8,16.5,1.5,81.0,14.200000000000001,13.468464,0.7315361022949229
2023-05-31 02:00:00,14.200000000000001,19.0,10.9,1.7000000000000002,80.0,10.5,13.932063,-3.432063102722168
2023-05-31 03:00:00,10.5,14.5,10.600000000000001,1.4000000000000001,78.0,10.100000000000001,10.165384,-0.06538429260253764
2023-05-31 04:00:00,10.100000000000001,13.8,10.700000000000001,1.7000000000000002,77.0,10.200000000000001,10.279555,-0.07955532073974503
2023-05-31 05:00:00,10.200000000000001,14.4,11.3,1.5,74.0,10.5,10.314043,0.1859569549560547
2023-05-31 06:00:00,10.5,14.700000000000001,14.0,2.0,68.0,11.200000000000001,11.42693,-0.22693042755126847
2023-05-31 07:00:00,11.200000000000001,16.1,17.400000000000002,2.3000000000000003,61.0,11.100000000000001,12.021749,-0.9217485427856431
2023-05-31 08:00:00,11.100000000000001,17.6,20.3,1.9000000000000001,70.0,10.8,10.994946,-0.19494552612304616
2023-05-31 09:00:00,10.8,18.2,20.1,1.7000000000000002,73.0,12.5,10.331657,2.1683425903320312
2023-05-31 10:00:00,12.5,18.6,19.6,2.0,70.0,12.0,11.795701,0.2042989730834961
2023-05-31 11:00:00,12.0,18.400000000000002,17.8,2.0,75.0,13.200000000000001,11.6522255,1.5477745056152354
2023-05-31 12:00:00,13.200000000000001,18.2,15.0,1.9000000000000001,84.0,13.0,12.493617,0.506382942199707
2023-05-31 13:00:00,13.0,19.5,11.200000000000001,1.9000000000000001,92.0,12.4,12.5557375,-0.15573749542236293
2023-05-31 14:00:00,12.4,17.8,9.4,1.8,101.0,13.0,12.004847,0.9951534271240234
2023-05-31 15:00:00,13.0,18.8,9.3,1.6,112.0,14.700000000000001,12.468246,2.2317535400390636
2023-05-31 16:00:00,14.700000000000001,19.900000000000002,8.4,1.6,116.0,14.200000000000001,14.4692335,-0.2692335128784169
2023-05-31 17:00:00,14.200000000000001,18.8,10.5,1.6,118.0,14.4,13.913202,0.4867977142333988
2023-05-31 18:00:00,14.4,19.400000000000002,10.0,1.7000000000000002,117.0,14.8,14.246486,0.5535142898559577
2023-05-31 19:00:00,14.8,19.3,9.600000000000001,1.5,117.0,12.700000000000001,14.506189,-1.8061893463134755
2023-05-31 20:00:00,12.700000000000001,18.1,14.9,1.8,114.0,13.3,13.231637,0.06836299896240305
2023-05-31 21:00:00,13.3,19.0,21.6,2.1,92.0,14.700000000000001,14.48012,0.21988029479980575
2023-05-31 22:00:00,14.700000000000001,19.900000000000002,28.200000000000003,1.9000000000000001,76.0,15.0,15.963336,-0.9633359909057617
2023-05-31 23:00:00,15.0,20.1,34.1,1.9000000000000001,74.0,13.100000000000001,16.063505,-2.9635051727294908
2023-06-01 00:00:00,13.100000000000001,19.1,29.6,1.7000000000000002,65.0,12.700000000000001,13.714494,-1.0144937515258778
2023-06-01 01:00:00,12.700000000000001,19.0,25.5,1.6,67.0,12.600000000000001,12.749587,-0.14958705902099467
2023-06-01 02:00:00,12.600000000000001,21.200000000000003,22.5,1.6,59.0,14.700000000000001,12.534402,2.1655981063842784
2023-06-01 03:00:00,14.700000000000001,19.400000000000002,20.1,1.6,56.0,13.9,14.527981,-0.627980804443359
2023-06-01 04:00:00,13.9,20.6,18.900000000000002,1.7000000000000002,57.0,11.4,13.770808,-2.3708082199096676
2023-06-01 05:00:00,11.4,20.5,16.5,1.6,52.0,10.9,12.074235,-1.1742349624633786
2023-06-01 06:00:00,10.9,19.700000000000003,17.900000000000002,1.3,48.0,11.600000000000001,12.065598,-0.4655975341796861
2023-06-01 07:00:00,11.600000000000001,19.900000000000002,20.6,1.4000000000000001,39.0,12.5,13.0254135,-0.5254135131835938
2023-06-01 08:00:00,12.5,22.1,27.6,1.6,36.0,12.4,12.382613,0.01738681793212926
2023-06-01 09:00:00,12.4,24.0,31.900000000000002,2.4000000000000004,35.0,13.700000000000001,11.962255,1.737745475769044
2023-06-01 10:00:00,13.700000000000001,22.3,27.900000000000002,2.7,41.0,14.200000000000001,12.987193,1.2128068923950206
2023-06-01 11:00:00,14.200000000000001,22.700000000000003,19.6,2.5,59.0,13.0,13.607084,-0.6070842742919922
2023-06-01 12:00:00,13.0,23.0,15.3,2.2,78.0,13.3,12.533068,0.7669322967529304
2023-06-01 13:00:00,13.3,20.5,11.0,2.4000000000000004,96.0,13.4,12.808843,0.5911573410034183
2023-06-01 14:00:00,13.4,21.8,9.1,2.1,113.0,13.100000000000001,13.209561,-0.10956134796142436
2023-06-01 15:00:00,13.100000000000001,20.8,9.0,1.8,123.0,12.8,12.697636,0.10236434936523509
2023-06-01 16:00:00,12.8,20.0,9.3,1.6,132.0,13.0,12.600456,0.39954376220703125
2023-06-01 17:00:00,13.0,20.200000000000003,10.0,1.6,135.0,13.100000000000001,13.108961,-0.008961105346678266
2023-06-01 18:00:00,13.100000000000001,20.8,10.5,1.6,138.0,14.200000000000001,12.865284,1.334716033935548
2023-06-01 19:00:00,14.200000000000001,21.400000000000002,12.700000000000001,1.6,137.0,13.4,14.841706,-1.441706275939941
2023-06-01 20:00:00,13.4,21.3,13.3,1.7000000000000002,121.0,15.200000000000001,14.1604395,1.0395605087280284
2023-06-01 21:00:00,15.200000000000001,21.8,25.200000000000003,2.0,104.0,16.5,16.820192,-0.3201923370361328
2023-06-01 22:00:00,16.5,22.5,31.400000000000002,2.2,102.0,18.2,18.854446,-0.6544464111328132
2023-06-01 23:00:00,18.2,23.700000000000003,35.9,2.5,94.0,18.5,19.914392,-1.4143924713134766
2023-06-02 00:00:00,18.5,23.1,36.9,2.8000000000000003,77.0,19.700000000000003,19.42869,0.2713100433349638
2023-06-02 01:00:00,19.700000000000003,21.6,31.0,2.5,66.0,14.200000000000001,19.657215,-5.457215118408202
2023-06-02 02:00:00,14.200000000000001,22.6,30.1,2.5,62.0,17.1,15.200303,1.8996969223022475
2023-06-02 03:00:00,17.1,20.6,26.5,2.3000000000000003,63.0,15.0,17.206665,-2.2066650390625
2023-06-02 04:00:00,15.0,22.6,17.1,2.5,70.0,16.900000000000002,15.239102,1.6608976364135764
2023-06-02 05:00:00,16.900000000000002,22.3,15.0,2.4000000000000004,69.0,24.400000000000002,16.821653,7.578346633911135
2023-06-02 06:00:00,24.400000000000002,23.200000000000003,13.9,2.3000000000000003,73.0,20.400000000000002,22.529364,-2.1293636322021463
2023-06-02 07:00:00,20.400000000000002,21.8,15.3,1.8,68.0,20.3,19.67108,0.6289203643798835
2023-06-02 08:00:00,20.3,23.5,21.200000000000003,2.9000000000000004,59.0,14.9,18.748959,-3.848958587646484
2023-06-02 09:00:00,14.9,24.1,21.6,3.6,55.0,12.700000000000001,13.644949,-0.9449489593505849
2023-06-02 10:00:00,12.700000000000001,21.6,19.8,3.9000000000000004,69.0,12.200000000000001,11.537641,0.6623594284057628
2023-06-02 11:00:00,12.200000000000001,20.1,15.100000000000001,3.7,82.0,13.0,11.716667,1.2833328247070312
2023-06-02 12:00:00,13.0,18.400000000000002,10.9,3.1,105.0,11.600000000000001,12.24988,-0.6498798370361314
2023-06-02 13:00:00,11.600000000000001,18.0,8.1,2.7,122.0,11.8,11.400025,0.3999746322631843
2023-06-02 14:00:00,11.8,18.2,7.4,2.5,124.0,11.9,11.52705,0.3729499816894535
2023-06-02 15:00:00,11.9,18.0,5.2,2.1,126.0,11.600000000000001,11.928686,-0.328686141967772
2023-06-02 16:00:00,11.600000000000001,16.400000000000002,5.7,1.6,130.0,11.600000000000001,11.442976,0.15702400207519673
2023-06-02 17:00:00,11.600000000000001,16.2,9.1,1.7000000000000002,133.0,11.8,11.5385275,0.2614725112915046
2023-06-02 18:00:00,11.8,15.5,9.8,1.6,130.0,12.700000000000001,11.526961,1.17303867340088
2023-06-02 19:00:00,12.700000000000001,16.0,10.0,1.5,122.0,13.600000000000001,12.130454,1.469545936584474
2023-06-02 20:00:00,13.600000000000001,16.900000000000002,15.700000000000001,1.8,110.0,16.5,14.287701,2.212299346923828
2023-06-02 21:00:00,16.5,18.2,22.0,2.1,106.0,16.2,17.253683,-1.0536830902099616
2023-06-02 22:00:00,16.2,18.8,29.6,2.2,92.0,15.600000000000001,17.537455,-1.9374546051025376
2023-06-02 23:00:00,15.600000000000001,19.5,25.1,2.1,83.0,18.3,16.270374,2.0296257019042976
2023-06-03 00:00:00,18.3,20.0,18.6,2.0,69.0,18.0,17.30023,0.6997699737548828
2023-06-03 01:00:00,18.0,20.200000000000003,18.5,1.8,70.0,17.0,17.097715,-0.09771537780761719
2023-06-03 02:00:00,17.0,20.3,19.900000000000002,2.1,62.0,15.8,16.761442,-0.9614421844482415
2023-06-03 03:00:00,15.8,22.3,17.900000000000002,1.5,64.0,15.0,15.612283,-0.6122827529907227
2023-06-03 04:00:00,15.0,15.0,15.9,2.0,60.0,16.2,13.816032,2.3839675903320305
2023-06-03 05:00:00,16.2,16.5,16.1,2.0,55.0,15.3,15.187146,0.11285381317138743
2023-06-03 06:00:00,15.3,17.8,15.100000000000001,2.3000000000000003,68.0,14.3,15.140156,-0.8401557922363274
2023-06-03 07:00:00,14.3,18.3,14.8,2.0,79.0,17.0,14.484027,2.5159730911254883
2023-06-03 08:00:00,17.0,19.5,15.200000000000001,1.9000000000000001,78.0,14.4,16.137747,-1.7377468109130856
2023-06-03 09:00:00,14.4,20.3,14.3,2.0,77.0,12.200000000000001,13.599131,-1.399130630493163
2023-06-03 10:00:00,12.200000000000001,20.1,13.100000000000001,2.2,90.0,12.200000000000001,12.028265,0.17173500061035263
2023-06-03 11:00:00,12.200000000000001,17.400000000000002,11.8,1.9000000000000001,98.0,12.5,11.608237,0.8917627334594727
2023-06-03 12:00:00,12.5,15.600000000000001,8.6,1.7000000000000002,106.0,12.4,11.531586,0.8684143066406254
2023-06-03 13:00:00,12.4,15.100000000000001,6.9,1.6,116.0,11.0,11.630981,-0.6309814453125
2023-06-03 14:00:00,11.0,14.700000000000001,6.300000000000001,1.5,123.0,11.0,10.424534,0.5754661560058594
2023-06-03 15:00:00,11.0,14.700000000000001,7.4,1.4000000000000001,123.0,10.9,10.551954,0.34804573059082067
2023-06-03 16:00:00,10.9,14.100000000000001,8.700000000000001,1.4000000000000001,122.0,11.100000000000001,10.524806,0.5751939773559585
2023-06-03 17:00:00,11.100000000000001,12.600000000000001,9.0,1.5,122.0,10.700000000000001,10.688028,0.011971664428712003
2023-06-03 18:00:00,10.700000000000001,12.0,11.700000000000001,1.7000000000000002,121.0,10.8,10.497371,0.30262928009033274
2023-06-03 19:00:00,10.8,11.4,13.5,1.6,118.0,10.200000000000001,10.973915,-0.7739151000976552
2023-06-03 20:00:00,10.200000000000001,12.100000000000001,16.7,1.6,110.0,8.9,10.8596115,-1.9596115112304684
2023-06-03 21:00:00,8.9,11.700000000000001,21.0,1.7000000000000002,106.0,11.600000000000001,9.603152,1.9968477249145522
2023-06-03 22:00:00,11.600000000000001,11.5,17.8,1.7000000000000002,102.0,10.5,11.242095,-0.7420949935913086
2023-06-03 23:00:00,10.5,12.3,14.4,1.6,92.0,8.200000000000001,10.149886,-1.94988613128662
2023-06-04 00:00:00,8.200000000000001,12.600000000000001,15.8,1.6,81.0,8.5,8.390279,0.10972118377685547
2023-06-04 01:00:00,8.5,13.100000000000001,17.900000000000002,1.3,72.0,13.0,8.5030365,4.4969635009765625
2023-06-04 02:00:00,13.0,17.6,18.7,1.5,61.0,13.4,12.789702,0.6102975845336918
2023-06-04 03:00:00,13.4,14.3,20.1,1.4000000000000001,55.0,11.8,12.774726,-0.9747259140014641
2023-06-04 04:00:00,11.8,13.200000000000001,18.2,1.1,57.0,9.9,11.446772,-1.5467716217041012
2023-06-04 05:00:00,9.9,12.3,14.4,1.3,57.0,9.3,9.911275,-0.6112749099731438
2023-06-04 06:00:00,9.3,12.200000000000001,12.100000000000001,1.2000000000000002,60.0,11.5,9.48304,2.0169601440429688
2023-06-04 07:00:00,11.5,13.700000000000001,10.8,1.1,63.0,12.4,11.28073,1.1192697525024418
2023-06-04 08:00:00,12.4,16.0,12.4,1.2000000000000002,71.0,12.200000000000001,11.663746,0.5362541198730479
2023-06-04 09:00:00,12.200000000000001,17.2,11.8,1.2000000000000002,80.0,11.200000000000001,11.210246,-0.010246086120604403
2023-06-04 10:00:00,11.200000000000001,17.5,11.8,1.2000000000000002,80.0,10.100000000000001,10.474221,-0.37422122955322124
2023-06-04 11:00:00,10.100000000000001,15.5,10.5,1.2000000000000002,80.0,9.0,9.461727,-0.4617271423339844
2023-06-04 12:00:00,9.0,14.0,9.1,1.2000000000000002,89.0,9.9,8.428457,1.4715427398681644
2023-06-04 13:00:00,9.9,14.5,9.1,1.2000000000000002,93.0,9.8,9.368071,0.4319293975830085
2023-06-04 14:00:00,9.8,13.700000000000001,8.8,1.1,93.0,9.4,9.29934,0.1006597518920902
2023-06-04 15:00:00,9.4,12.5,7.4,1.0,95.0,9.5,9.157764,0.3422355651855469
2023-06-04 16:00:00,9.5,10.9,7.9,1.2000000000000002,100.0,8.1,9.107527,-1.007526779174805
2023-06-04 17:00:00,8.1,10.4,9.5,1.5,100.0,7.800000000000001,8.151013,-0.35101337432861257
2023-06-04 18:00:00,7.800000000000001,11.700000000000001,10.3,1.4000000000000001,102.0,6.9,8.043691,-1.1436906814575192
2023-06-04 19:00:00,6.9,11.3,12.0,1.4000000000000001,99.0,8.3,7.796853,0.503146934509278
2023-06-04 20:00:00,8.3,11.8,14.5,1.4000000000000001,96.0,8.700000000000001,9.294384,-0.5943840026855458
2023-06-04 21:00:00,8.700000000000001,11.5,14.600000000000001,1.5,87.0,9.600000000000001,9.536816,0.06318435668945455
2023-06-04 22:00:00,9.600000000000001,11.8,21.0,1.4000000000000001,79.0,9.700000000000001,10.151816,-0.4518163681030263
2023-06-04 23:00:00,9.700000000000001,12.100000000000001,19.6,1.3,76.0,10.700000000000001,9.880124,0.8198759078979503
2023-06-05 00:00:00,10.700000000000001,11.4,15.600000000000001,1.4000000000000001,74.0,10.8,9.771694,1.0283058166503913
2023-06-05 01:00:00,10.8,10.9,15.3,1.2000000000000002,70.0,10.3,9.612356,0.6876438140869148
2023-06-05 02:00:00,10.3,11.600000000000001,12.100000000000001,1.1,70.0,11.700000000000001,9.299799,2.4002010345458995
2023-06-05 03:00:00,11.700000000000001,12.9,12.200000000000001,1.1,61.0,12.200000000000001,10.593595,1.6064054489135753
2023-06-05 04:00:00,12.200000000000001,15.100000000000001,11.5,1.3,59.0,13.100000000000001,11.449506,1.6504941940307631
2023-06-05 05:00:00,13.100000000000001,15.100000000000001,11.5,1.3,54.0,12.8,12.167278,0.6327217102050788
2023-06-05 06:00:00,12.8,14.8,12.4,1.4000000000000001,49.0,10.9,12.351727,-1.4517265319824215
2023-06-05 07:00:00,10.9,13.9,13.5,1.4000000000000001,49.0,11.4,11.195415,0.2045854568481449
2023-06-05 08:00:00,11.4,16.3,21.1,1.5,43.0,10.100000000000001,11.056998,-0.9569982528686509
2023-06-05 09:00:00,10.100000000000001,13.200000000000001,22.6,1.4000000000000001,40.0,9.600000000000001,9.256797,0.3432031631469741
2023-06-05 10:00:00,9.600000000000001,13.700000000000001,21.400000000000002,1.4000000000000001,50.0,9.200000000000001,8.894789,0.3052112579345714
2023-06-05 11:00:00,9.200000000000001,13.4,16.8,1.1,62.0,9.200000000000001,8.763444,0.43655605316162216
2023-06-05 12:00:00,9.200000000000001,14.700000000000001,12.8,1.3,73.0,10.3,8.808124,1.491876411437989
2023-06-05 13:00:00,10.3,15.4,9.200000000000001,1.4000000000000001,83.0,11.200000000000001,9.692765,1.5072347640991222
2023-06-05 14:00:00,11.200000000000001,16.2,8.200000000000001,1.3,88.0,10.5,10.659076,-0.15907573699951172
2023-06-05 15:00:00,10.5,14.100000000000001,7.6000000000000005,1.2000000000000002,92.0,9.9,9.974632,-0.0746322631835934
2023-06-05 16:00:00,9.9,12.9,7.800000000000001,1.5,96.0,10.0,9.645752,0.354248046875
2023-06-05 17:00:00,10.0,12.200000000000001,8.0,1.3,97.0,9.9,9.597979,0.30202140808105504
2023-06-05 18:00:00,9.9,12.200000000000001,9.1,1.4000000000000001,99.0,9.700000000000001,9.819064,-0.11906414031982315
2023-06-05 19:00:00,9.700000000000001,11.100000000000001,9.3,1.4000000000000001,98.0,10.200000000000001,9.758783,0.4412166595458995
2023-06-05 20:00:00,10.200000000000001,11.700000000000001,11.0,1.5,90.0,10.200000000000001,10.334393,-0.1343925476074208
2023-06-05 21:00:00,10.200000000000001,11.4,13.700000000000001,1.7000000000000002,84.0,11.100000000000001,10.327599,0.7724014282226577
2023-06-05 22:00:00,11.100000000000001,12.600000000000001,18.0,1.7000000000000002,79.0,11.5,11.0578575,0.4421424865722656
2023-06-05 23:00:00,11.5,12.100000000000001,19.400000000000002,1.8,76.0,12.3,10.800381,1.4996192932128913
2023-06-06 00:00:00,12.3,13.100000000000001,20.700000000000003,1.7000000000000002,70.0,12.5,11.458688,1.0413122177124023
2023-06-06 01:00:00,12.5,13.4,22.5,1.8,60.0,12.0,11.739891,0.26010894775390625
2023-06-06 02:00:00,12.0,15.4,24.3,2.0,51.0,12.9,11.970899,0.9291013717651371
2023-06-06 03:00:00,12.9,15.4,24.200000000000003,1.8,43.0,15.700000000000001,12.425233,3.2747671127319347
2023-06-06 04:00:00,15.700000000000001,18.1,24.3,1.8,40.0,16.7,15.285846,1.4141542434692376
2023-06-06 05:00:00,16.7,18.5,24.200000000000003,1.9000000000000001,31.0,18.2,16.289452,1.9105484008789055
2023-06-06 06:00:00,18.2,19.8,27.0,1.9000000000000001,24.0,15.700000000000001,18.545433,-2.8454330444335927
2023-06-06 07:00:00,15.700000000000001,19.6,26.0,1.8,24.0,17.0,16.482588,0.5174121856689453
2023-06-06 08:00:00,17.0,21.3,26.700000000000003,1.8,18.0,17.2,16.251637,0.9483634948730462
2023-06-06 09:00:00,17.2,21.400000000000002,28.5,2.3000000000000003,25.0,17.5,15.556395,1.9436054229736328
2023-06-06 10:00:00,17.5,22.0,22.3,1.9000000000000001,45.0,17.6,15.376406,2.2235942840576186
2023-06-06 11:00:00,17.6,22.1,18.900000000000002,1.9000000000000001,60.0,13.100000000000001,15.7935505,-2.6935504913330064
2023-06-06 12:00:00,13.100000000000001,19.5,15.4,1.7000000000000002,72.0,12.3,12.443945,-0.14394493103027273
2023-06-06 13:00:00,12.3,17.3,12.4,1.5,86.0,11.200000000000001,11.882397,-0.6823966979980458
2023-06-06 14:00:00,11.200000000000001,16.3,10.600000000000001,1.3,98.0,11.0,10.852197,0.14780330657958984
2023-06-06 15:00:00,11.0,14.8,10.200000000000001,1.2000000000000002,110.0,10.5,10.415184,0.08481597900390625
2023-06-06 16:00:00,10.5,15.200000000000001,9.600000000000001,1.2000000000000002,118.0,11.700000000000001,10.396861,1.3031389236450206
2023-06-06 17:00:00,11.700000000000001,14.8,10.5,1.4000000000000001,124.0,12.0,11.179439,0.820561408996582
2023-06-06 18:00:00,12.0,15.200000000000001,10.700000000000001,1.4000000000000001,127.0,12.5,11.702843,0.7971572875976562
2023-06-06 19:00:00,12.5,15.4,12.5,1.4000000000000001,129.0,14.200000000000001,12.506546,1.6934539794921886
2023-06-06 20:00:00,14.200000000000001,16.0,14.600000000000001,2.2,119.0,15.0,14.580171,0.4198293685913086
2023-06-06 21:00:00,15.0,17.3,19.200000000000003,2.3000000000000003,100.0,16.5,15.450119,1.0498809814453125
2023-06-06 22:00:00,16.5,17.2,29.1,2.4000000000000004,100.0,16.2,17.361317,-1.1613166809082038
2023-06-06 23:00:00,16.2,17.3,24.3,2.2,102.0,14.3,16.433779,-2.133778762817382
2023-06-07 00:00:00,14.3,15.9,22.3,2.1,93.0,17.0,13.48812,3.5118799209594727
2023-06-07 01:00:00,17.0,16.0,19.1,2.0,70.0,17.400000000000002,15.690437,1.7095626831054709
2023-06-07 02:00:00,17.400000000000002,19.0,16.7,1.7000000000000002,63.0,20.5,16.429008,4.070991516113281
2023-06-07 03:00:00,20.5,17.7,16.2,1.5,58.0,12.600000000000001,16.50563,-3.905630493164061
2023-06-07 04:00:00,12.600000000000001,15.0,12.200000000000001,1.5,59.0,10.600000000000001,11.678661,-1.0786613464355455
2023-06-07 05:00:00,10.600000000000001,11.3,10.700000000000001,1.2000000000000002,69.0,9.700000000000001,9.902603,-0.20260314941406143
2023-06-07 06:00:00,9.700000000000001,10.5,12.3,1.8,77.0,10.700000000000001,9.892816,0.8071844100952159
2023-06-07 07:00:00,10.700000000000001,11.9,14.4,1.7000000000000002,76.0,14.200000000000001,10.856975,3.3430253982543956
2023-06-07 08:00:00,14.200000000000001,14.3,21.200000000000003,1.7000000000000002,77.0,15.9,12.659987,3.2400125503540043
2023-06-07 09:00:00,15.9,19.200000000000003,24.6,1.6,69.0,14.8,14.479604,0.3203962326049812
2023-06-07 10:00:00,14.8,17.8,21.700000000000003,1.6,58.0,11.600000000000001,13.138831,-1.5388311386108384
2023-06-07 11:00:00,11.600000000000001,14.3,20.900000000000002,1.4000000000000001,69.0,9.700000000000001,10.548588,-0.8485877990722646
2023-06-07 12:00:00,9.700000000000001,13.700000000000001,15.700000000000001,1.1,82.0,9.8,9.074793,0.7252071380615241
2023-06-07 13:00:00,9.8,13.700000000000001,13.200000000000001,1.1,97.0,9.1,9.349487,-0.24948730468750036
2023-06-07 14:00:00,9.1,13.600000000000001,11.8,1.0,106.0,8.5,8.83029,-0.3302898406982422
2023-06-07 15:00:00,8.5,12.3,9.1,1.0,114.0,8.0,8.117223,-0.11722278594970703
2023-06-07 16:00:00,8.0,11.0,8.9,1.0,122.0,8.6,7.8674235,0.7325764656066891
2023-06-07 17:00:00,8.6,11.600000000000001,10.4,1.3,123.0,9.700000000000001,8.37637,1.3236295700073253
2023-06-07 18:00:00,9.700000000000001,11.600000000000001,12.4,1.7000000000000002,126.0,9.3,9.805154,-0.505153846740722
2023-06-07 19:00:00,9.3,11.5,13.8,1.7000000000000002,128.0,8.4,10.104222,-1.7042222976684567
2023-06-07 20:00:00,8.4,10.200000000000001,14.5,1.8,125.0,9.5,8.996586,0.5034141540527344
2023-06-07 21:00:00,9.5,12.0,16.5,1.8,110.0,10.9,10.0544815,0.8455184936523441
2023-06-07 22:00:00,10.9,12.700000000000001,19.200000000000003,2.2,108.0,14.8,11.093309,3.7066905975341804
2023-06-07 23:00:00,14.8,14.9,21.200000000000003,2.2,94.0,16.1,14.143364,1.9566360473632827
2023-06-08 00:00:00,16.1,17.0,19.8,2.5,88.0,16.8,15.39085,1.4091499328613288
2023-06-08 01:00:00,16.8,17.7,19.0,2.6,74.0,16.1,15.865668,0.23433170318603658
2023-06-08 02:00:00,16.1,16.8,22.400000000000002,3.0,64.0,16.1,15.387256,0.7127443313598647
2023-06-08 03:00:00,16.1,21.1,22.700000000000003,2.3000000000000003,67.0,17.400000000000002,15.970129,1.4298709869384787
2023-06-08 04:00:00,17.400000000000002,19.700000000000003,21.0,2.4000000000000004,77.0,14.200000000000001,17.101711,-2.9017112731933583
2023-06-08 05:00:00,14.200000000000001,17.2,20.8,2.6,75.0,14.600000000000001,14.3265505,0.27344951629638814
2023-06-08 06:00:00,14.600000000000001,18.3,20.3,2.6,70.0,17.0,15.170777,1.8292226791381836
2023-06-08 07:00:00,17.0,20.900000000000002,23.0,2.4000000000000004,59.0,19.5,17.696003,1.8039970397949219
2023-06-08 08:00:00,19.5,21.400000000000002,28.200000000000003,2.2,51.0,17.2,17.60435,-0.4043491363525398
2023-06-08 09:00:00,17.2,21.700000000000003,31.3,3.0,56.0,14.0,15.719936,-1.7199363708496094
2023-06-08 10:00:00,14.0,20.6,27.900000000000002,2.7,64.0,12.700000000000001,13.169322,-0.4693220138549794
2023-06-08 11:00:00,12.700000000000001,18.2,20.3,2.2,72.0,11.600000000000001,11.845706,-0.2457059860229478
2023-06-08 12:00:00,11.600000000000001,15.8,15.3,2.0,98.0,11.3,11.055432,0.24456768035888743
2023-06-08 13:00:00,11.3,14.0,13.3,2.1,105.0,11.0,10.878866,0.12113380432128906
2023-06-08 14:00:00,11.0,16.3,11.600000000000001,1.9000000000000001,117.0,11.600000000000001,10.648397,0.9516025543212905
2023-06-08 15:00:00,11.600000000000001,16.6,11.600000000000001,1.8,127.0,11.3,11.440621,-0.14062137603759695
2023-06-08 16:00:00,11.3,17.3,10.600000000000001,1.8,137.0,11.700000000000001,11.395163,0.30483741760254013
2023-06-08 17:00:00,11.700000000000001,17.1,10.5,1.6,132.0,11.200000000000001,11.621832,-0.42183189392089737
2023-06-08 18:00:00,11.200000000000001,16.400000000000002,10.3,1.6,140.0,9.600000000000001,11.10317,-1.5031703948974595
2023-06-08 19:00:00,9.600000000000001,15.8,12.8,2.0,135.0,10.9,10.802341,0.09765853881835973
2023-06-08 20:00:00,10.9,15.0,12.200000000000001,2.0,129.0,12.200000000000001,11.415628,0.784371566772462
2023-06-08 21:00:00,12.200000000000001,15.4,20.200000000000003,2.3000000000000003,119.0,13.100000000000001,12.917225,0.1827751159667983
2023-06-08 22:00:00,13.100000000000001,15.8,21.700000000000003,2.7,112.0,14.9,13.204215,1.695784950256348
2023-06-08 23:00:00,14.9,16.8,23.3,2.8000000000000003,100.0,16.3,14.826671,1.4733293533325202
2023-06-09 00:00:00,16.3,17.5,23.0,3.0,90.0,15.3,15.619906,-0.3199064254760735
2023-06-09 01:00:00,15.3,18.8,22.700000000000003,2.6,76.0,16.3,14.738168,1.561832237243653
2023-06-09 02:00:00,16.3,16.6,19.900000000000002,2.8000000000000003,65.0,16.7,15.509421,1.190578651428222
2023-06-09 03:00:00,16.7,16.3,19.200000000000003,2.7,62.0,15.5,15.651334,-0.15133380889892578
2023-06-09 04:00:00,15.5,17.0,17.400000000000002,2.7,61.0,15.8,14.717676,1.0823238372802741
2023-06-09 05:00:00,15.8,18.7,15.4,2.7,72.0,14.5,15.462602,-0.9626016616821289
2023-06-09 06:00:00,14.5,17.8,17.900000000000002,2.8000000000000003,61.0,15.5,14.8000345,0.6999654769897461
2023-06-09 07:00:00,15.5,18.900000000000002,20.900000000000002,2.1,55.0,15.8,15.938724,-0.1387235641479485
2023-06-09 08:00:00,15.8,21.700000000000003,27.700000000000003,2.3000000000000003,53.0,14.4,15.186596,-0.7865959167480465
2023-06-09 09:00:00,14.4,18.1,28.0,2.4000000000000004,56.0,16.5,13.40639,3.0936098098754883
2023-06-09 10:00:00,16.5,22.0,25.6,2.6,62.0,17.0,15.406714,1.5932855606079102
2023-06-09 11:00:00,17.0,19.6,19.700000000000003,2.3000000000000003,71.0,15.700000000000001,15.666526,0.03347415924072372
2023-06-09 12:00:00,15.700000000000001,20.6,14.200000000000001,2.2,83.0,12.4,14.536708,-2.1367078781127926
2023-06-09 13:00:00,12.4,17.7,11.200000000000001,2.2,90.0,11.200000000000001,11.899121,-0.6991212844848622
2023-06-09 14:00:00,11.200000000000001,16.6,9.5,2.2,92.0,10.5,11.053686,-0.5536861419677734
2023-06-09 15:00:00,10.5,17.900000000000002,8.3,1.9000000000000001,94.0,11.200000000000001,10.72823,0.47176952362060653
2023-06-09 16:00:00,11.200000000000001,18.1,10.100000000000001,2.0,97.0,11.600000000000001,11.336424,0.26357612609863423
2023-06-09 17:00:00,11.600000000000001,18.400000000000002,10.9,1.5,99.0,13.600000000000001,11.63611,1.9638896942138686
2023-06-09 18:00:00,13.600000000000001,18.0,10.5,2.8000000000000003,98.0,12.200000000000001,13.587358,-1.3873584747314442
2023-06-09 19:00:00,12.200000000000001,17.7,11.5,2.2,93.0,10.700000000000001,12.681436,-1.9814355850219716
2023-06-09 20:00:00,10.700000000000001,15.8,15.100000000000001,2.3000000000000003,85.0,11.9,11.936042,-0.03604183197021449
2023-06-09 21:00:00,11.9,16.8,19.6,2.6,72.0,13.3,12.871231,0.4287689208984382
2023-06-09 22:00:00,13.3,17.8,20.1,3.0,72.0,13.8,13.718969,0.08103065490722727
2023-06-09 23:00:00,13.8,19.3,22.400000000000002,2.8000000000000003,70.0,14.9,14.473421,0.42657890319824254
2023-06-10 00:00:00,14.9,18.3,21.8,2.7,62.0,12.0,14.450494,-2.450493812561035
2023-06-10 01:00:00,12.0,17.7,19.3,2.5,58.0,9.9,12.061571,-2.16157112121582
2023-06-10 02:00:00,9.9,17.0,16.8,2.3000000000000003,61.0,9.600000000000001,10.177293,-0.5772928237915025
2023-06-10 03:00:00,9.600000000000001,15.4,17.2,2.3000000000000003,55.0,8.700000000000001,10.220329,-1.5203292846679677
2023-06-10 04:00:00,8.700000000000001,14.8,11.0,2.5,55.0,8.0,9.258509,-1.2585086822509766
2023-06-10 05:00:00,8.0,13.200000000000001,11.3,2.5,62.0,7.800000000000001,8.714241,-0.9142410278320305
2023-06-10 06:00:00,7.800000000000001,12.600000000000001,12.0,2.3000000000000003,57.0,7.9,8.7389965,-0.8389965057373043
2023-06-10 07:00:00,7.9,12.200000000000001,15.600000000000001,2.2,51.0,7.6000000000000005,8.717701,-1.1177009582519526
2023-06-10 08:00:00,7.6000000000000005,12.8,18.8,2.1,46.0,7.5,7.8432946,-0.343294620513916
2023-06-10 09:00:00,7.5,12.3,18.400000000000002,2.3000000000000003,44.0,8.6,7.359118,1.2408820152282711
2023-06-10 10:00:00,8.6,13.100000000000001,14.8,2.4000000000000004,54.0,8.1,8.21768,-0.11767997741699254
2023-06-10 11:00:00,8.1,14.3,13.9,2.2,57.0,8.200000000000001,8.183504,0.016495895385743253
2023-06-10 12:00:00,8.200000000000001,13.700000000000001,10.0,2.1,62.0,8.4,8.097587,0.302413368225098
2023-06-10 13:00:00,8.4,12.9,10.4,2.4000000000000004,73.0,8.9,8.393989,0.5060113906860355
2023-06-10 14:00:00,8.9,12.9,9.9,2.3000000000000003,79.0,9.5,8.967611,0.5323886871337891
2023-06-10 15:00:00,9.5,13.9,7.2,2.2,87.0,9.3,9.581629,-0.28162879943847585
2023-06-10 16:00:00,9.3,13.8,7.7,2.0,90.0,8.9,9.498161,-0.5981613159179684
2023-06-10 17:00:00,8.9,13.3,7.1000000000000005,2.2,91.0,8.9,9.191459,-0.291458702087402
2023-06-10 18:00:00,8.9,11.8,7.5,2.0,96.0,8.700000000000001,9.078981,-0.37898139953613175
2023-06-10 19:00:00,8.700000000000001,11.0,8.9,1.9000000000000001,96.0,8.9,9.300163,-0.4001632690429684
2023-06-10 20:00:00,8.9,10.4,9.1,1.9000000000000001,93.0,10.700000000000001,9.409705,1.2902948379516612
2023-06-10 21:00:00,10.700000000000001,12.0,12.5,2.0,87.0,11.5,10.900481,0.5995187759399414
2023-06-10 22:00:00,11.5,12.100000000000001,17.1,2.4000000000000004,85.0,10.4,11.426815,-1.026815032958984
2023-06-10 23:00:00,10.4,13.0,22.3,2.6,76.0,11.8,10.878499,0.9215009689331062
2023-06-11 00:00:00,11.8,13.8,25.6,2.9000000000000004,63.0,12.0,11.423319,0.5766811370849609
2023-06-11 01:00:00,12.0,16.900000000000002,27.200000000000003,2.8000000000000003,50.0,13.8,11.945541,1.8544586181640632
2023-06-11 02:00:00,13.8,18.3,27.3,2.5,37.0,13.9,13.869174,0.030825996398926137
2023-06-11 03:00:00,13.9,16.7,25.400000000000002,2.4000000000000004,42.0,13.9,13.655438,0.24456157684326207
2023-06-11 04:00:00,13.9,17.6,22.3,2.7,47.0,15.4,13.740695,1.6593050003051761
2023-06-11 05:00:00,15.4,17.3,19.0,2.2,56.0,14.600000000000001,14.912619,-0.3126186370849595
2023-06-11 06:00:00,14.600000000000001,16.0,17.5,1.7000000000000002,56.0,16.1,14.201743,1.898256874084474
2023-06-11 07:00:00,16.1,15.3,19.200000000000003,1.8,51.0,16.1,15.621146,0.4788537979125991
2023-06-11 08:00:00,16.1,19.200000000000003,21.0,2.0,48.0,15.4,14.971702,0.428298377990723
2023-06-11 09:00:00,15.4,19.200000000000003,16.8,2.1,62.0,13.4,14.157122,-0.757121658325195
2023-06-11 10:00:00,13.4,16.8,11.100000000000001,1.8,67.0,12.200000000000001,12.320233,-0.12023334503173722
2023-06-11 11:00:00,12.200000000000001,16.2,9.5,2.1,77.0,11.5,11.56686,-0.06686019897460938
2023-06-11 12:00:00,11.5,16.0,9.200000000000001,1.9000000000000001,92.0,10.100000000000001,11.024789,-0.9247888565063462
2023-06-11 13:00:00,10.100000000000001,15.8,7.800000000000001,1.8,103.0,9.600000000000001,9.966005,-0.3660053253173814
2023-06-11 14:00:00,9.600000000000001,14.600000000000001,6.9,1.7000000000000002,112.0,9.700000000000001,9.4675455,0.23245449066162216
2023-06-11 15:00:00,9.700000000000001,14.3,6.5,1.5,117.0,9.1,9.535623,-0.435622596740723
2023-06-11 16:00:00,9.1,14.100000000000001,6.6000000000000005,1.6,123.0,10.4,9.048689,1.3513111114501957
2023-06-11 17:00:00,10.4,13.8,7.7,2.0,125.0,11.200000000000001,10.594574,0.6054260253906261
2023-06-11 18:00:00,11.200000000000001,13.4,9.1,1.9000000000000001,126.0,9.9,11.1472435,-1.247243499755859
2023-06-11 19:00:00,9.9,13.100000000000001,10.100000000000001,2.0,131.0,9.8,10.590585,-0.790584754943847
2023-06-11 20:00:00,9.8,13.0,12.3,2.2,131.0,9.600000000000001,10.7583,-1.1582998275756822
2023-06-11 21:00:00,9.600000000000001,13.5,15.8,2.3000000000000003,117.0,11.5,10.630428,0.8695716857910156
2023-06-11 22:00:00,11.5,14.3,18.1,2.3000000000000003,122.0,12.5,11.958675,0.5413246154785156
2023-06-11 23:00:00,12.5,13.9,20.1,2.1,111.0,10.8,12.07828,-1.2782804489135735
2023-06-12 00:00:00,10.8,13.8,20.0,1.9000000000000001,85.0,10.600000000000001,10.569999,0.030001258850099077
2023-06-12 01:00:00,10.600000000000001,15.0,20.700000000000003,2.0,73.0,12.3,10.586992,1.7130077362060554
2023-06-12 02:00:00,12.3,15.8,14.4,2.1,73.0,10.600000000000001,11.985897,-1.385897064208983
2023-06-12 03:00:00,10.600000000000001,12.8,10.4,1.5,73.0,8.9,10.434634,-1.5346342086791989
2023-06-12 04:00:00,8.9,13.700000000000001,8.6,1.6,76.0,7.9,9.3890295,-1.489029502868652
2023-06-12 05:00:00,7.9,11.100000000000001,8.5,1.7000000000000002,73.0,7.4,8.252439,-0.8524385452270504
2023-06-12 06:00:00,7.4,10.100000000000001,9.8,1.7000000000000002,66.0,7.300000000000001,7.963579,-0.6635791778564446
2023-06-12 07:00:00,7.300000000000001,10.9,16.0,1.8,61.0,8.6,8.229305,0.37069473266601527
2023-06-12 08:00:00,8.6,12.700000000000001,19.200000000000003,1.9000000000000001,52.0,9.3,8.285002,1.0149982452392585
2023-06-12 09:00:00,9.3,14.0,21.3,2.4000000000000004,57.0,9.200000000000001,9.1599245,0.040075492858887785
2023-06-12 10:00:00,9.200000000000001,13.5,21.1,2.5,60.0,10.4,9.033723,1.366277122497559
2023-06-12 11:00:00,10.4,14.4,16.400000000000002,1.9000000000000001,68.0,10.100000000000001,9.938996,0.16100368499756001
2023-06-12 12:00:00,10.100000000000001,14.0,12.700000000000001,1.7000000000000002,87.0,9.700000000000001,9.68,0.019999694824219816
2023-06-12 13:00:00,9.700000000000001,13.100000000000001,9.9,1.6,99.0,8.8,9.264981,-0.46498126983642507
2023-06-12 14:00:00,8.8,11.8,9.4,1.5,105.0,8.0,8.608248,-0.6082477569580078
2023-06-12 15:00:00,8.0,11.4,9.3,1.5,111.0,8.4,8.008702,0.3912977218627933
2023-06-12 16:00:00,8.4,11.100000000000001,7.9,1.4000000000000001,119.0,8.3,8.097188,0.20281200408935618
2023-06-12 17:00:00,8.3,11.100000000000001,7.4,1.3,123.0,9.200000000000001,8.177477,1.0225231170654308
2023-06-12 18:00:00,9.200000000000001,11.4,8.9,1.4000000000000001,124.0,10.4,9.371215,1.0287851333618168
2023-06-12 19:00:00,10.4,11.4,11.0,1.4000000000000001,120.0,10.200000000000001,10.556785,-0.3567846298217763
2023-06-12 20:00:00,10.200000000000001,11.0,12.5,1.5,117.0,11.700000000000001,10.426543,1.2734567642211925
2023-06-12 21:00:00,11.700000000000001,11.600000000000001,16.8,1.6,109.0,9.9,11.458381,-1.5583806991577145
2023-06-12 22:00:00,9.9,10.9,21.900000000000002,1.6,102.0,9.9,10.02579,-0.12579021453857386
2023-06-12 23:00:00,9.9,11.5,27.0,1.5,91.0,8.6,10.266707,-1.6667074203491214
2023-06-13 00:00:00,8.6,12.0,26.1,1.4000000000000001,86.0,9.4,8.738908,0.6610921859741214
2023-06-13 01:00:00,9.4,13.9,21.200000000000003,1.4000000000000001,82.0,8.6,9.5615635,-0.9615634918212894
2023-06-13 02:00:00,8.6,11.100000000000001,16.8,1.2000000000000002,76.0,8.4,8.124954,0.27504577636718786
2023-06-13 03:00:00,8.4,14.0,13.200000000000001,1.3,76.0,11.200000000000001,8.667163,2.5328371047973643
2023-06-13 04:00:00,11.200000000000001,14.600000000000001,10.700000000000001,1.4000000000000001,76.0,10.700000000000001,10.690543,0.009456825256348722
2023-06-13 05:00:00,10.700000000000001,15.3,8.8,1.4000000000000001,80.0,11.8,10.625186,1.1748140335083015
2023-06-13 06:00:00,11.8,13.700000000000001,9.600000000000001,1.4000000000000001,74.0,10.700000000000001,11.620145,-0.9201448440551747
2023-06-13 07:00:00,10.700000000000001,13.8,10.100000000000001,1.3,78.0,9.3,10.854136,-1.5541364669799798
2023-06-13 08:00:00,9.3,14.5,11.3,1.2000000000000002,79.0,10.200000000000001,8.700547,1.4994527816772472
2023-06-13 09:00:00,10.200000000000001,14.600000000000001,12.5,1.2000000000000002,76.0,10.3,9.40469,0.8953102111816413
2023-06-13 10:00:00,10.3,15.5,13.0,1.2000000000000002,70.0,9.700000000000001,9.626658,0.0733415603637706
2023-06-13 11:00:00,9.700000000000001,14.8,12.8,1.4000000000000001,66.0,9.3,9.081184,0.21881561279296946
2023-06-13 12:00:00,9.3,13.700000000000001,12.200000000000001,1.5,69.0,9.5,9.017869,0.4821310043334961
2023-06-13 13:00:00,9.5,13.600000000000001,11.8,1.3,69.0,9.3,8.898106,0.4018943786621101
2023-06-13 14:00:00,9.3,13.200000000000001,10.200000000000001,1.3,74.0,9.3,8.889197,0.41080265045166087
2023-06-13 15:00:00,9.3,13.3,9.200000000000001,1.2000000000000002,82.0,9.8,8.9943,0.8057001113891609
2023-06-13 16:00:00,9.8,13.5,8.200000000000001,1.4000000000000001,87.0,10.700000000000001,9.283801,1.4161989212036143
2023-06-13 17:00:00,10.700000000000001,14.700000000000001,9.0,1.3,89.0,10.700000000000001,10.340615,0.3593847274780284
2023-06-13 18:00:00,10.700000000000001,14.700000000000001,10.5,1.6,91.0,10.4,10.727356,-0.32735595703124964
2023-06-13 19:00:00,10.4,13.9,11.200000000000001,1.4000000000000001,94.0,9.700000000000001,10.672385,-0.9723852157592763
2023-06-13 20:00:00,9.700000000000001,13.5,13.700000000000001,1.5,95.0,10.4,10.624113,-0.22411308288574183
2023-06-13 21:00:00,10.4,13.600000000000001,14.3,1.4000000000000001,89.0,10.9,10.950565,-0.05056533813476527
2023-06-13 22:00:00,10.9,13.9,16.5,1.4000000000000001,84.0,9.1,10.867383,-1.7673830032348636
2023-06-13 23:00:00,9.1,13.700000000000001,18.5,1.2000000000000002,77.0,9.8,9.146135,0.6538646697998054
2023-06-14 00:00:00,9.8,13.600000000000001,18.900000000000002,1.3,73.0,10.700000000000001,9.595028,1.1049720764160167
2023-06-14 01:00:00,10.700000000000001,15.4,16.3,1.3,65.0,10.9,10.299024,0.6009763717651371
2023-06-14 02:00:00,10.9,15.600000000000001,17.3,1.4000000000000001,62.0,10.8,10.743938,0.056061553955078836
2023-06-14 03:00:00,10.8,14.9,15.700000000000001,1.7000000000000002,65.0,8.9,10.667841,-1.7678409576416012
2023-06-14 04:00:00,8.9,15.0,13.700000000000001,1.3,65.0,10.200000000000001,9.2354,0.9645998001098643
2023-06-14 05:00:00,10.200000000000001,14.5,10.5,1.1,73.0,9.4,10.003271,-0.6032711029052731
2023-06-14 06:00:00,9.4,14.4,11.3,1.1,74.0,8.4,10.037169,-1.6371694564819332
2023-06-14 07:00:00,8.4,13.0,13.9,1.2000000000000002,74.0,8.200000000000001,9.326388,-1.1263883590698232
2023-06-14 08:00:00,8.200000000000001,14.9,20.5,1.4000000000000001,67.0,8.9,8.018685,0.8813146591186527
2023-06-14 09:00:00,8.9,14.9,25.0,1.7000000000000002,62.0,10.100000000000001,8.716464,1.3835359573364272
2023-06-14 10:00:00,10.100000000000001,15.0,21.900000000000002,1.8,57.0,9.4,9.377808,0.022192382812500355
2023-06-14 11:00:00,9.4,14.200000000000001,21.5,1.6,60.0,8.1,9.070149,-0.9701494216918949
2023-06-14 12:00:00,8.1,13.3,17.8,1.4000000000000001,64.0,8.200000000000001,7.9894433,0.21055669784546005
2023-06-14 13:00:00,8.200000000000001,13.5,14.5,1.4000000000000001,71.0,9.8,8.0087385,1.7912614822387702
2023-06-14 14:00:00,9.8,14.8,13.0,1.7000000000000002,84.0,9.700000000000001,9.605285,0.09471530914306747
2023-06-14 15:00:00,9.700000000000001,14.200000000000001,11.0,1.4000000000000001,96.0,9.600000000000001,9.180366,0.4196344375610366
2023-06-14 16:00:00,9.600000000000001,14.5,11.200000000000001,1.6,96.0,8.9,9.481801,-0.5818010330200192
2023-06-14 17:00:00,8.9,14.0,12.0,1.5,101.0,9.1,9.186777,-0.08677711486816442
2023-06-14 18:00:00,9.1,14.9,11.5,1.5,104.0,9.0,9.328845,-0.3288450241088867
2023-06-14 19:00:00,9.0,13.3,13.5,1.5,105.0,8.9,9.933132,-1.033132171630859
2023-06-14 20:00:00,8.9,13.200000000000001,17.5,1.5,107.0,10.8,10.152248,0.6477516174316413
2023-06-14 21:00:00,10.8,14.700000000000001,22.700000000000003,1.7000000000000002,99.0,11.200000000000001,11.427921,-0.22792129516601456
2023-06-14 22:00:00,11.200000000000001,14.700000000000001,25.700000000000003,1.6,92.0,11.4,11.871313,-0.4713130950927731
2023-06-14 23:00:00,11.4,15.3,29.200000000000003,1.7000000000000002,86.0,11.3,12.520183,-1.2201826095581048
2023-06-15 00:00:00,11.3,16.1,26.0,1.6,75.0,9.9,11.35067,-1.4506698608398434
2023-06-15 01:00:00,9.9,15.4,24.6,1.3,72.0,10.5,10.155087,0.3449125289916992
2023-06-15 02:00:00,10.5,18.2,20.5,1.6,71.0,12.600000000000001,10.978342,1.6216579437255874
2023-06-15 03:00:00,12.600000000000001,18.0,17.8,1.4000000000000001,68.0,12.9,12.39025,0.509749794006348
2023-06-15 04:00:00,12.9,16.7,17.1,1.5,66.0,12.9,12.235124,0.6648763656616214
2023-06-15 05:00:00,12.9,17.0,15.200000000000001,1.5,62.0,13.8,12.387749,1.412251281738282
2023-06-15 06:00:00,13.8,18.1,15.5,1.5,52.0,14.200000000000001,14.194329,0.0056707382202159096
2023-06-15 07:00:00,14.200000000000001,18.5,21.6,1.5,50.0,15.4,14.8625,0.5374998092651371
2023-06-15 08:00:00,15.4,19.700000000000003,24.5,1.5,47.0,15.700000000000001,14.390999,1.3090011596679698
2023-06-15 09:00:00,15.700000000000001,21.400000000000002,22.900000000000002,1.6,53.0,14.4,13.761152,0.6388477325439457
2023-06-15 10:00:00,14.4,20.8,18.0,1.9000000000000001,72.0,14.3,13.352838,0.9471624374389656
2023-06-15 11:00:00,14.3,19.700000000000003,15.200000000000001,1.9000000000000001,81.0,12.9,13.443079,-0.5430789947509762
2023-06-15 12:00:00,12.9,18.7,11.0,1.8,92.0,12.4,11.965026,0.43497409820556676
2023-06-15 13:00:00,12.4,19.700000000000003,9.600000000000001,1.5,105.0,12.600000000000001,11.931742,0.6682582855224624
2023-06-15 14:00:00,12.600000000000001,19.200000000000003,9.4,1.5,114.0,12.8,12.090272,0.7097280502319343
2023-06-15 15:00:00,12.8,20.0,9.8,1.4000000000000001,124.0,13.100000000000001,12.356866,0.7431341171264663
2023-06-15 16:00:00,13.100000000000001,18.400000000000002,10.8,1.4000000000000001,129.0,13.8,12.588488,1.2115123748779304
2023-06-15 17:00:00,13.8,18.2,10.3,1.3,136.0,12.9,13.434691,-0.5346914291381832
2023-06-15 18:00:00,12.9,18.6,10.600000000000001,1.6,135.0,13.0,12.501012,0.49898815155029297
2023-06-15 19:00:00,13.0,17.900000000000002,10.9,1.7000000000000002,133.0,13.600000000000001,13.21958,0.380420303344728
2023-06-15 20:00:00,13.600000000000001,17.0,15.5,1.9000000000000001,126.0,15.5,14.371321,1.1286792755126953
2023-06-15 21:00:00,15.5,17.900000000000002,18.8,1.9000000000000001,110.0,17.8,15.929232,1.870768356323243
2023-06-15 22:00:00,17.8,20.8,26.8,2.2,106.0,20.5,19.033426,1.466573715209961
2023-06-15 23:00:00,20.5,21.6,30.700000000000003,2.1,98.0,17.5,20.573164,-3.0731639862060547
2023-06-16 00:00:00,17.5,19.6,26.6,1.7000000000000002,82.0,18.400000000000002,17.483826,0.9161743164062521
2023-06-16 01:00:00,18.400000000000002,20.400000000000002,25.8,1.5,65.0,21.0,17.733086,3.2669143676757812
2023-06-16 02:00:00,21.0,21.3,27.400000000000002,1.8,59.0,21.900000000000002,19.467808,2.4321922302246115
2023-06-16 03:00:00,21.900000000000002,23.6,29.0,1.2000000000000002,51.0,20.400000000000002,21.463818,-1.0638175964355447
2023-06-16 04:00:00,20.400000000000002,22.400000000000002,26.400000000000002,1.3,46.0,18.2,19.377546,-1.1775463104248054
2023-06-16 05:00:00,18.2,22.8,26.200000000000003,1.5,49.0,18.6,18.066938,0.5330615997314467
2023-06-16 06:00:00,18.6,19.900000000000002,25.400000000000002,1.5,49.0,16.6,18.321941,-1.7219413757324205
2023-06-16 07:00:00,16.6,22.8,27.900000000000002,1.3,49.0,16.6,17.144451,-0.5444511413574205
2023-06-16 08:00:00,16.6,22.400000000000002,26.400000000000002,1.4000000000000001,47.0,15.0,15.901309,-0.9013090133666992
2023-06-16 09:00:00,15.0,24.400000000000002,29.200000000000003,1.9000000000000001,58.0,15.0,13.951994,1.0480060577392578
2023-06-16 10:00:00,15.0,25.5,24.900000000000002,2.0,77.0,14.9,14.244013,0.6559871673583988
2023-06-16 11:00:00,14.9,23.3,20.0,1.9000000000000001,87.0,14.9,14.277184,0.6228164672851566
2023-06-16 12:00:00,14.9,23.5,16.2,1.8,100.0,13.4,14.2565,-0.8565002441406246
2023-06-16 13:00:00,13.4,20.1,14.3,1.8,113.0,12.700000000000001,13.093276,-0.39327602386474503
2023-06-16 14:00:00,12.700000000000001,18.8,13.4,1.7000000000000002,122.0,11.3,12.1961,-0.8961002349853509
2023-06-16 15:00:00,11.3,18.3,10.9,1.9000000000000001,135.0,10.700000000000001,11.324226,-0.6242263793945302
2023-06-16 16:00:00,10.700000000000001,17.1,12.3,1.7000000000000002,139.0,11.5,10.652805,0.8471946716308594
2023-06-16 17:00:00,11.5,16.900000000000002,11.9,1.5,140.0,11.700000000000001,11.506026,0.19397373199462997
2023-06-16 18:00:00,11.700000000000001,17.7,11.700000000000001,1.7000000000000002,138.0,11.5,11.803742,-0.3037424087524414
2023-06-16 19:00:00,11.5,17.0,12.200000000000001,1.9000000000000001,142.0,12.0,12.065683,-0.06568336486816406
2023-06-16 20:00:00,12.0,17.5,16.400000000000002,2.0,132.0,11.8,13.265908,-1.465908241271972
2023-06-16 21:00:00,11.8,16.3,19.8,2.0,118.0,13.4,12.593581,0.8064188003540043
2023-06-16 22:00:00,13.4,17.2,20.3,2.0,114.0,14.100000000000001,13.889328,0.21067199707031392
2023-06-16 23:00:00,14.100000000000001,17.7,21.700000000000003,1.6,93.0,14.8,13.959277,0.840722846984864
2023-06-17 00:00:00,14.8,18.7,22.6,1.7000000000000002,84.0,14.0,14.08663,-0.08662986755371094
2023-06-17 01:00:00,14.0,20.0,23.1,1.7000000000000002,80.0,15.600000000000001,13.666293,1.9337068557739272
2023-06-17 02:00:00,15.600000000000001,19.0,25.0,1.6,79.0,14.4,15.438965,-1.0389648437499996
2023-06-17 03:00:00,14.4,19.700000000000003,24.0,1.6,73.0,14.700000000000001,14.556489,0.14351100921630966
2023-06-17 04:00:00,14.700000000000001,18.7,21.900000000000002,1.5,75.0,13.5,14.461428,-0.9614276885986328
2023-06-17 05:00:00,13.5,17.7,19.6,1.6,69.0,13.700000000000001,13.471121,0.22887916564941513
2023-06-17 06:00:00,13.700000000000001,17.8,19.0,1.5,69.0,13.100000000000001,13.906763,-0.8067630767822251
2023-06-17 07:00:00,13.100000000000001,19.0,20.6,1.6,70.0,14.4,13.996538,0.40346183776855504
2023-06-17 08:00:00,14.4,20.400000000000002,22.6,1.4000000000000001,70.0,14.200000000000001,13.713471,0.48652858734130966
2023-06-17 09:00:00,14.200000000000001,21.900000000000002,23.200000000000003,1.8,66.0,14.600000000000001,13.426053,1.1739469528198256
2023-06-17 10:00:00,14.600000000000001,22.3,20.0,1.9000000000000001,80.0,14.200000000000001,13.737842,0.46215839385986435
2023-06-17 11:00:00,14.200000000000001,21.3,17.6,2.4000000000000004,92.0,13.0,13.480881,-0.4808807373046875
2023-06-17 12:00:00,13.0,19.900000000000002,13.8,2.2,106.0,13.700000000000001,12.726977,0.9730226516723643
2023-06-17 13:00:00,13.700000000000001,21.1,12.8,2.3000000000000003,122.0,13.200000000000001,13.372916,-0.17291622161865128
2023-06-17 14:00:00,13.200000000000001,20.8,12.3,2.2,136.0,12.200000000000001,13.015845,-0.8158452987670888
2023-06-17 15:00:00,12.200000000000001,19.400000000000002,10.4,2.1,141.0,11.5,12.283327,-0.7833271026611328
2023-06-17 16:00:00,11.5,18.8,8.9,1.7000000000000002,146.0,11.0,11.506317,-0.506317138671875
2023-06-17 17:00:00,11.0,17.2,8.5,1.5,147.0,11.9,11.032587,0.8674129486083988
2023-06-17 18:00:00,11.9,16.400000000000002,8.8,1.6,145.0,12.100000000000001,11.583305,0.5166946411132827
2023-06-17 19:00:00,12.100000000000001,17.0,9.0,1.8,146.0,12.700000000000001,12.019417,0.6805831909179698
2023-06-17 20:00:00,12.700000000000001,17.900000000000002,12.9,2.1,133.0,13.200000000000001,13.253559,-0.05355911254882706
2023-06-17 21:00:00,13.200000000000001,17.8,17.1,2.5,115.0,16.5,13.986906,2.513093948364258
2023-06-17 22:00:00,16.5,19.900000000000002,21.8,2.5,116.0,15.9,17.376278,-1.476277923583984
2023-06-17 23:00:00,15.9,21.200000000000003,26.700000000000003,2.4000000000000004,103.0,15.100000000000001,16.93674,-1.8367408752441392
2023-06-18 00:00:00,15.100000000000001,20.8,21.8,2.2,90.0,13.9,14.842036,-0.9420362472534176
2023-06-18 01:00:00,13.9,19.400000000000002,20.200000000000003,2.5,84.0,15.3,13.803262,1.496738243103028
2023-06-18 02:00:00,15.3,19.8,21.3,2.5,79.0,14.8,15.200022,-0.40002174377441335
2023-06-18 03:00:00,14.8,19.200000000000003,20.700000000000003,2.1,81.0,12.9,14.757022,-1.8570219039916989
2023-06-18 04:00:00,12.9,19.700000000000003,20.900000000000002,2.3000000000000003,77.0,13.700000000000001,13.162812,0.5371877670288097
2023-06-18 05:00:00,13.700000000000001,19.400000000000002,21.6,2.3000000000000003,65.0,14.100000000000001,14.059794,0.04020557403564595
2023-06-18 06:00:00,14.100000000000001,19.8,23.1,2.0,54.0,15.4,15.17128,0.22872009277343786
2023-06-18 07:00:00,15.4,19.900000000000002,24.700000000000003,2.3000000000000003,49.0,15.8,16.14281,-0.3428108215332024
2023-06-18 08:00:00,15.8,19.400000000000002,30.400000000000002,2.3000000000000003,45.0,14.700000000000001,15.017244,-0.31724433898925675
2023-06-18 09:00:00,14.700000000000001,20.200000000000003,24.400000000000002,2.7,58.0,12.200000000000001,13.92214,-1.7221401214599599
2023-06-18 10:00:00,12.200000000000001,18.8,19.5,2.9000000000000004,82.0,13.100000000000001,11.928656,1.171344375610353
2023-06-18 11:00:00,13.100000000000001,16.5,15.5,3.1,92.0,13.100000000000001,12.204156,0.8958440780639663
2023-06-18 12:00:00,13.100000000000001,18.7,13.3,2.9000000000000004,106.0,13.8,12.528568,1.271431732177735
2023-06-18 13:00:00,13.8,18.5,10.100000000000001,2.5,123.0,13.8,13.168663,0.631336975097657
2023-06-18 14:00:00,13.8,19.5,7.800000000000001,2.3000000000000003,133.0,13.100000000000001,13.551284,-0.4512838363647447
2023-06-18 15:00:00,13.100000000000001,20.0,8.1,2.2,137.0,13.8,13.029123,0.7708766937255866
2023-06-18 16:00:00,13.8,20.6,7.800000000000001,2.0,143.0,13.600000000000001,13.768541,-0.1685413360595689
2023-06-18 17:00:00,13.600000000000001,20.8,8.200000000000001,2.1,144.0,13.5,13.672902,-0.17290210723876953
2023-06-18 18:00:00,13.5,19.400000000000002,8.4,2.4000000000000004,132.0,13.700000000000001,13.549295,0.150704574584962
2023-06-18 19:00:00,13.700000000000001,18.8,9.200000000000001,1.9000000000000001,134.0,13.8,13.538151,0.2618492126464851
2023-06-18 20:00:00,13.8,19.8,11.100000000000001,2.4000000000000004,118.0,14.200000000000001,14.582242,-0.3822420120239247
2023-06-18 21:00:00,14.200000000000001,18.400000000000002,13.5,2.4000000000000004,103.0,14.3,14.745673,-0.44567317962646413
2023-06-18 22:00:00,14.3,18.8,16.3,2.7,95.0,14.200000000000001,14.512344,-0.31234436035156143
2023-06-18 23:00:00,14.200000000000001,19.6,15.700000000000001,2.3000000000000003,90.0,14.600000000000001,14.510913,0.0890871047973647
2023-06-19 00:00:00,14.600000000000001,20.0,16.3,2.2,79.0,13.100000000000001,14.235713,-1.1357130050659165
2023-06-19 01:00:00,13.100000000000001,18.2,16.3,2.0,79.0,14.9,12.818871,2.0811294555664066
2023-06-19 02:00:00,14.9,19.5,17.5,1.9000000000000001,73.0,15.600000000000001,14.599035,1.000964736938478
2023-06-19 03:00:00,15.600000000000001,19.5,15.9,1.9000000000000001,77.0,15.9,15.295545,0.6044553756713871
2023-06-19 04:00:00,15.9,18.400000000000002,15.5,1.9000000000000001,72.0,16.6,15.423372,1.1766277313232436
2023-06-19 05:00:00,16.6,18.3,16.1,1.9000000000000001,64.0,13.600000000000001,16.016392,-2.416391754150389
2023-06-19 06:00:00,13.600000000000001,18.3,17.0,1.7000000000000002,56.0,16.1,14.051887,2.0481134414672866
2023-06-19 07:00:00,16.1,21.3,21.700000000000003,1.7000000000000002,60.0,13.700000000000001,16.6795,-2.9795005798339833
2023-06-19 08:00:00,13.700000000000001,19.8,19.5,1.9000000000000001,69.0,12.600000000000001,13.263863,-0.6638626098632798
2023-06-19 09:00:00,12.600000000000001,18.2,20.0,1.8,72.0,12.5,11.667514,0.8324861526489258
2023-06-19 10:00:00,12.5,18.2,18.0,1.7000000000000002,76.0,12.8,11.703623,1.0963771820068366
2023-06-19 11:00:00,12.8,18.400000000000002,14.3,1.9000000000000001,82.0,12.8,11.95372,0.8462799072265632
2023-06-19 12:00:00,12.8,18.6,12.3,1.6,94.0,13.600000000000001,11.909235,1.6907649993896499
2023-06-19 13:00:00,13.600000000000001,19.0,10.100000000000001,1.4000000000000001,103.0,13.100000000000001,12.956359,0.14364109039306783
2023-06-19 14:00:00,13.100000000000001,18.900000000000002,8.700000000000001,1.3,108.0,14.100000000000001,12.504097,1.5959030151367202
2023-06-19 15:00:00,14.100000000000001,19.900000000000002,8.6,1.3,113.0,13.8,13.572034,0.22796611785888743
2023-06-19 16:00:00,13.8,19.3,8.200000000000001,1.2000000000000002,122.0,13.5,13.535716,-0.03571605682373047
2023-06-19 17:00:00,13.5,19.1,8.4,1.3,121.0,13.3,13.466122,-0.16612167358398366
2023-06-19 18:00:00,13.3,20.3,9.4,1.4000000000000001,122.0,14.0,13.003557,0.9964427947998047
2023-06-19 19:00:00,14.0,20.0,11.9,1.6,115.0,14.9,14.41544,0.48456039428710973
2023-06-19 20:00:00,14.9,19.700000000000003,14.0,1.8,109.0,14.9,15.6006155,-0.7006155014038082
2023-06-19 21:00:00,14.9,19.900000000000002,17.900000000000002,2.1,106.0,14.8,15.728733,-0.9287330627441399
2023-06-19 22:00:00,14.8,19.1,20.6,2.2,97.0,16.5,15.506665,0.9933347702026367
2023-06-19 23:00:00,16.5,20.6,23.8,2.1,96.0,17.8,17.319656,0.4803436279296882
2023-06-20 00:00:00,17.8,21.400000000000002,25.900000000000002,2.1,90.0,18.0,18.27013,-0.2701301574707031
2023-06-20 01:00:00,18.0,19.900000000000002,20.8,2.0,86.0,15.200000000000001,17.260054,-2.0600536346435536
2023-06-20 02:00:00,15.200000000000001,18.6,17.6,2.5,81.0,16.5,15.035246,1.4647541046142578
2023-06-20 03:00:00,16.5,19.3,15.8,2.4000000000000004,84.0,15.9,16.352493,-0.45249328613281214
2023-06-20 04:00:00,15.9,20.3,14.3,2.8000000000000003,82.0,13.9,15.828387,-1.9283872604370114
2023-06-20 05:00:00,13.9,19.5,15.4,2.6,72.0,13.600000000000001,14.105533,-0.5055326461791978
2023-06-20 06:00:00,13.600000000000001,20.1,17.3,2.3000000000000003,59.0,11.700000000000001,14.756983,-3.0569828033447255
2023-06-20 07:00:00,11.700000000000001,19.8,24.700000000000003,2.0,59.0,12.700000000000001,13.279934,-0.5799339294433583
2023-06-20 08:00:00,12.700000000000001,20.200000000000003,27.200000000000003,2.5,54.0,11.3,12.519248,-1.2192480087280266
2023-06-20 09:00:00,11.3,19.5,30.6,2.3000000000000003,54.0,11.200000000000001,11.36269,-0.16268997192382706
2023-06-20 10:00:00,11.200000000000001,20.8,23.5,2.3000000000000003,65.0,10.8,10.97574,-0.1757404327392571
2023-06-20 11:00:00,10.8,20.8,19.400000000000002,2.1,83.0,11.3,10.690993,0.6090066909790046
2023-06-20 12:00:00,11.3,18.5,14.200000000000001,2.0,100.0,11.9,11.092439,0.807561302185059
2023-06-20 13:00:00,11.9,19.0,11.8,2.1,110.0,12.0,11.833031,0.16696929931640625
2023-06-20 14:00:00,12.0,18.3,10.3,1.9000000000000001,120.0,10.200000000000001,11.750217,-1.5502174377441396
2023-06-20 15:00:00,10.200000000000001,18.1,9.200000000000001,1.9000000000000001,126.0,11.3,10.412916,0.887083816528321
2023-06-20 16:00:00,11.3,18.1,9.200000000000001,2.1,122.0,12.700000000000001,11.28041,1.419590187072755
2023-06-20 17:00:00,12.700000000000001,18.3,9.4,2.0,122.0,11.600000000000001,12.25573,-0.6557296752929673
2023-06-20 18:00:00,11.600000000000001,19.900000000000002,9.8,2.4000000000000004,124.0,12.0,11.785055,0.21494483947753906
2023-06-20 19:00:00,12.0,18.900000000000002,9.700000000000001,2.2,126.0,12.4,12.32003,0.0799697875976566
2023-06-20 20:00:00,12.4,19.5,14.5,2.3000000000000003,122.0,12.3,13.50283,-1.2028295516967766
2023-06-20 21:00:00,12.3,18.900000000000002,18.6,2.7,105.0,11.8,13.265104,-1.4651042938232415
2023-06-20 22:00:00,11.8,19.900000000000002,23.6,2.4000000000000004,107.0,12.100000000000001,13.051656,-0.9516557693481431
2023-06-20 23:00:00,12.100000000000001,20.5,27.700000000000003,2.4000000000000004,100.0,11.8,13.344329,-1.5443288803100579
2023-06-21 00:00:00,11.8,19.3,23.3,2.8000000000000003,91.0,11.600000000000001,12.310175,-0.7101749420166001
2023-06-21 01:00:00,11.600000000000001,20.400000000000002,23.0,3.2,79.0,12.0,12.051396,-0.05139636993408203
2023-06-21 02:00:00,12.0,20.400000000000002,22.3,3.2,73.0,12.4,12.670693,-0.2706933975219723
2023-06-21 03:00:00,12.4,21.8,21.700000000000003,3.2,72.0,12.4,13.322503,-0.9225030899047848
2023-06-21 04:00:00,12.4,22.400000000000002,22.400000000000002,2.9000000000000004,58.0,11.100000000000001,13.438746,-2.3387464523315415
2023-06-21 05:00:00,11.100000000000001,22.1,16.900000000000002,2.6,59.0,12.3,11.995098,0.30490188598632884
2023-06-21 06:00:00,12.3,22.8,19.900000000000002,2.5,58.0,12.700000000000001,13.780326,-1.0803258895874013
2023-06-21 07:00:00,12.700000000000001,21.400000000000002,25.1,2.3000000000000003,56.0,11.8,13.940558,-2.140558433532714
2023-06-21 08:00:00,11.8,23.8,23.0,2.5,55.0,12.0,12.252277,-0.2522773742675781
2023-06-21 09:00:00,12.0,24.6,26.200000000000003,2.7,49.0,11.4,11.719909,-0.31990871429443324
2023-06-21 10:00:00,11.4,24.200000000000003,23.6,2.5,64.0,11.200000000000001,11.660586,-0.46058635711669815
2023-06-21 11:00:00,11.200000000000001,23.400000000000002,19.0,2.0,75.0,11.4,11.482102,-0.08210239410400355
2023-06-21 12:00:00,11.4,23.8,13.600000000000001,1.9000000000000001,87.0,13.200000000000001,11.717188,1.4828121185302745
2023-06-21 13:00:00,13.200000000000001,23.200000000000003,12.0,1.9000000000000001,102.0,13.700000000000001,12.825866,0.8741342544555675
2023-06-21 14:00:00,13.700000000000001,23.900000000000002,10.100000000000001,1.9000000000000001,104.0,13.5,13.512766,-0.012765884399414062
2023-06-21 15:00:00,13.5,22.700000000000003,9.0,2.0,114.0,12.3,13.641413,-1.3414127349853509
2023-06-21 16:00:00,12.3,23.3,9.4,2.0,117.0,12.600000000000001,12.507507,0.09249267578125142
2023-06-21 17:00:00,12.600000000000001,23.200000000000003,11.100000000000001,2.1,122.0,13.5,12.536108,0.9638919830322266
2023-06-21 18:00:00,13.5,24.200000000000003,11.5,2.3000000000000003,121.0,13.100000000000001,13.926997,-0.8269971847534165
2023-06-21 19:00:00,13.100000000000001,24.0,13.0,2.5,117.0,13.600000000000001,13.924413,-0.3244127273559556
2023-06-21 20:00:00,13.600000000000001,24.1,14.5,2.8000000000000003,117.0,13.600000000000001,14.834978,-1.234978103637694
2023-06-21 21:00:00,13.600000000000001,25.200000000000003,22.5,3.2,111.0,13.4,15.287594,-1.887593841552734
2023-06-21 22:00:00,13.4,26.0,24.900000000000002,3.2,101.0,13.3,15.018693,-1.7186929702758782
2023-06-21 23:00:00,13.3,25.0,34.4,3.2,85.0,13.4,14.994098,-1.5940977096557614
2023-06-22 00:00:00,13.4,26.0,34.1,2.7,70.0,12.100000000000001,14.732465,-2.632464790344237
2023-06-22 01:00:00,12.100000000000001,26.8,36.6,2.2,49.0,14.4,13.16338,1.2366203308105472
2023-06-22 02:00:00,14.4,26.5,31.200000000000003,1.7000000000000002,44.0,16.400000000000002,15.103222,1.2967781066894553
2023-06-22 03:00:00,16.400000000000002,30.8,34.300000000000004,1.7000000000000002,43.0,18.5,16.970816,1.529184341430664
2023-06-22 04:00:00,18.5,32.5,30.5,1.9000000000000001,43.0,18.3,19.405525,-1.1055252075195305
2023-06-22 05:00:00,18.3,31.5,30.8,2.1,42.0,17.0,19.435194,-2.4351940155029297
2023-06-22 06:00:00,17.0,29.8,29.1,2.0,38.0,17.0,18.500597,-1.5005970001220703
2023-06-22 07:00:00,17.0,29.5,33.5,1.9000000000000001,48.0,17.400000000000002,18.494164,-1.0941635131835916
2023-06-22 08:00:00,17.400000000000002,29.1,32.800000000000004,2.9000000000000004,41.0,18.2,17.00848,1.191519927978515
2023-06-22 09:00:00,18.2,29.400000000000002,35.2,3.7,39.0,18.2,16.727175,1.4728252410888665
2023-06-22 10:00:00,18.2,32.5,31.400000000000002,3.8000000000000003,45.0,17.3,16.765581,0.5344188690185554
2023-06-22 11:00:00,17.3,34.6,26.8,3.7,71.0,18.7,16.410269,2.2897312164306634
2023-06-22 12:00:00,18.7,34.7,22.700000000000003,3.0,87.0,19.3,18.090763,1.209236907958985
2023-06-22 13:00:00,19.3,37.5,19.700000000000003,2.9000000000000004,112.0,18.5,19.027426,-0.5274257659912109
2023-06-22 14:00:00,18.5,35.7,18.3,2.8000000000000003,131.0,19.200000000000003,17.835922,1.3640777587890653
2023-06-22 15:00:00,19.200000000000003,34.1,16.400000000000002,2.7,141.0,19.5,18.372692,1.1273078918457031
2023-06-22 16:00:00,19.5,34.4,12.5,2.6,145.0,16.7,19.646496,-2.9464958190917976
2023-06-22 17:00:00,16.7,33.1,11.600000000000001,2.5,150.0,18.0,17.952185,0.04781532287597656
2023-06-22 18:00:00,18.0,34.1,12.200000000000001,2.9000000000000004,153.0,18.900000000000002,19.616217,-0.7162166595458963
2023-06-22 19:00:00,18.900000000000002,34.800000000000004,12.8,3.1,152.0,18.900000000000002,20.003576,-1.1035762786865213
2023-06-22 20:00:00,18.900000000000002,34.1,16.3,3.0,151.0,18.900000000000002,20.23216,-1.3321605682373026
2023-06-22 21:00:00,18.900000000000002,33.6,25.1,3.1,129.0,20.8,20.699793,0.10020713806152415
2023-06-22 22:00:00,20.8,35.300000000000004,26.1,3.0,114.0,19.5,21.822231,-2.3222312927246094
2023-06-22 23:00:00,19.5,33.6,23.700000000000003,3.1,116.0,17.8,20.353294,-2.553294372558593
2023-06-23 00:00:00,17.8,32.9,23.400000000000002,3.3000000000000003,118.0,17.6,18.570688,-0.9706882476806626
2023-06-23 01:00:00,17.6,32.0,19.8,2.9000000000000004,113.0,17.7,17.719343,-0.019343185424805398
2023-06-23 02:00:00,17.7,30.200000000000003,22.0,2.6,96.0,17.6,18.360247,-0.7602466583251939
2023-06-23 03:00:00,17.6,27.700000000000003,19.900000000000002,2.2,94.0,10.9,17.922405,-7.0224052429199215
2023-06-23 04:00:00,10.9,19.900000000000002,19.3,2.2,83.0,11.700000000000001,11.873712,-0.1737115859985341
2023-06-23 05:00:00,11.700000000000001,18.7,15.9,2.0,83.0,9.8,12.148936,-2.3489362716674798
2023-06-23 06:00:00,9.8,20.1,17.400000000000002,2.0,76.0,10.5,11.714935,-1.214935302734375
2023-06-23 07:00:00,10.5,21.3,21.6,2.2,71.0,9.5,12.433989,-2.933988571166992
2023-06-23 08:00:00,9.5,18.6,23.3,2.0,73.0,6.5,10.078323,-3.5783233642578125
2023-06-23 09:00:00,6.5,16.1,20.700000000000003,1.6,64.0,5.300000000000001,6.979618,-1.679618072509765
2023-06-23 10:00:00,5.300000000000001,9.4,19.5,1.8,74.0,6.2,5.507414,0.692586135864258
2023-06-23 11:00:00,6.2,11.0,14.5,1.6,85.0,7.1000000000000005,6.3121824,0.7878175735473638
2023-06-23 12:00:00,7.1000000000000005,11.100000000000001,12.700000000000001,1.3,94.0,6.5,7.02365,-0.5236501693725586
2023-06-23 13:00:00,6.5,10.700000000000001,9.700000000000001,0.9,103.0,6.4,6.5464215,-0.14642152786254847
2023-06-23 14:00:00,6.4,10.9,8.6,0.9,103.0,8.1,6.7332788,1.3667212486267086
2023-06-23 15:00:00,8.1,14.5,7.9,0.8,107.0,7.9,8.192089,-0.2920890808105465
2023-06-23 16:00:00,7.9,12.600000000000001,8.200000000000001,0.9,110.0,9.0,8.008866,0.9911336898803711
2023-06-23 17:00:00,9.0,13.4,10.700000000000001,1.0,113.0,9.4,9.114469,0.2855314254760746
2023-06-23 18:00:00,9.4,14.200000000000001,10.200000000000001,0.9,114.0,9.9,9.69824,0.20175971984863317
2023-06-23 19:00:00,9.9,14.5,10.4,1.0,114.0,9.200000000000001,10.406679,-1.2066791534423817
2023-06-23 20:00:00,9.200000000000001,14.700000000000001,12.5,1.4000000000000001,112.0,8.8,10.296451,-1.4964506149291985
2023-06-23 21:00:00,8.8,16.0,13.3,1.9000000000000001,112.0,8.8,9.991071,-1.1910707473754876
2023-06-23 22:00:00,8.8,16.1,13.0,1.8,109.0,9.3,9.724353,-0.424352836608886
2023-06-23 23:00:00,9.3,16.8,10.0,1.6,107.0,8.6,9.365073,-0.7650732040405277
2023-06-24 00:00:00,8.6,14.5,8.700000000000001,1.3,104.0,8.5,8.084155,0.4158449172973633
2023-06-24 01:00:00,8.5,13.3,9.0,1.2000000000000002,99.0,7.800000000000001,8.127194,-0.32719440460205007
2023-06-24 02:00:00,7.800000000000001,14.0,9.0,2.3000000000000003,93.0,8.200000000000001,8.238913,-0.03891258239745987
2023-06-24 03:00:00,8.200000000000001,13.9,9.4,2.4000000000000004,86.0,8.6,8.698683,-0.09868278503418004
2023-06-24 04:00:00,8.6,11.600000000000001,11.100000000000001,1.4000000000000001,83.0,7.300000000000001,8.385073,-1.085072708129882
2023-06-24 05:00:00,7.300000000000001,12.100000000000001,13.5,1.0,80.0,8.4,7.7376146,0.6623853683471683
2023-06-24 06:00:00,8.4,12.200000000000001,14.8,1.7000000000000002,74.0,8.200000000000001,8.986134,-0.7861335754394521
2023-06-24 07:00:00,8.200000000000001,14.200000000000001,21.3,1.8,67.0,8.0,9.362674,-1.3626737594604492
2023-06-24 08:00:00,8.0,11.5,21.900000000000002,1.7000000000000002,66.0,9.200000000000001,7.932417,1.2675830841064464
2023-06-24 09:00:00,9.200000000000001,14.100000000000001,23.1,1.7000000000000002,63.0,10.4,9.007418,1.3925823211669925
2023-06-24 10:00:00,10.4,15.700000000000001,20.0,1.9000000000000001,73.0,10.0,10.187177,-0.18717670440673828
2023-06-24 11:00:00,10.0,16.5,16.3,3.1,89.0,10.0,9.863041,0.13695907592773438
2023-06-24 12:00:00,10.0,15.600000000000001,12.5,2.1,104.0,9.1,10.039061,-0.9390605926513675
2023-06-24 13:00:00,9.1,14.200000000000001,9.4,2.1,117.0,8.3,8.865459,-0.5654594421386712
2023-06-24 14:00:00,8.3,14.4,8.200000000000001,1.8,125.0,8.5,8.401695,0.09830474853515625
2023-06-24 15:00:00,8.5,13.8,8.1,1.8,132.0,8.6,8.561449,0.03855094909667933
2023-06-24 16:00:00,8.6,12.9,8.0,1.6,136.0,8.6,8.639895,-0.039895439147949574
2023-06-24 17:00:00,8.6,12.5,8.3,1.6,140.0,8.8,8.577283,0.22271709442138743
2023-06-24 18:00:00,8.8,12.700000000000001,8.9,1.8,142.0,8.700000000000001,9.145975,-0.445975112915038
2023-06-24 19:00:00,8.700000000000001,13.8,9.8,1.8,140.0,8.9,9.503633,-0.603632545471191
2023-06-24 20:00:00,8.9,13.700000000000001,11.200000000000001,1.7000000000000002,138.0,9.200000000000001,9.91639,-0.7163904190063466
2023-06-24 21:00:00,9.200000000000001,14.200000000000001,19.3,2.0,121.0,9.600000000000001,10.602745,-1.0027450561523423
2023-06-24 22:00:00,9.600000000000001,14.5,19.8,1.9000000000000001,104.0,9.600000000000001,10.389125,-0.7891248703002915
2023-06-24 23:00:00,9.600000000000001,14.700000000000001,19.0,2.0,110.0,9.3,9.891527,-0.5915271759033196
2023-06-25 00:00:00,9.3,15.3,23.3,2.0,87.0,8.8,9.881019,-1.0810186386108391
2023-06-25 01:00:00,8.8,14.0,22.8,1.9000000000000001,88.0,8.8,9.121236,-0.3212358474731438
2023-06-25 02:00:00,8.8,16.5,21.400000000000002,1.7000000000000002,81.0,10.100000000000001,9.471436,0.6285644531250014
2023-06-25 03:00:00,10.100000000000001,15.5,16.6,2.1,79.0,9.600000000000001,10.512774,-0.9127744674682603
2023-06-25 04:00:00,9.600000000000001,13.9,16.2,2.3000000000000003,69.0,8.700000000000001,10.139727,-1.4397266387939442
2023-06-25 05:00:00,8.700000000000001,13.4,15.100000000000001,2.3000000000000003,66.0,7.9,9.498824,-1.5988241195678707
2023-06-25 06:00:00,7.9,12.700000000000001,14.3,2.2,63.0,7.9,9.035191,-1.1351905822753903
2023-06-25 07:00:00,7.9,12.0,17.0,2.1,59.0,7.0,8.726181,-1.7261810302734375
2023-06-25 08:00:00,7.0,11.8,15.3,2.4000000000000004,57.0,6.9,7.2777314,-0.3777314186096188
2023-06-25 09:00:00,6.9,12.100000000000001,12.600000000000001,2.0,63.0,7.800000000000001,7.3014617,0.49853830337524485
2023-06-25 10:00:00,7.800000000000001,12.3,10.5,1.9000000000000001,73.0,7.800000000000001,7.6677275,0.1322725296020515
2023-06-25 11:00:00,7.800000000000001,12.0,8.6,1.8,80.0,7.800000000000001,7.7009625,0.09903745651245188
2023-06-25 12:00:00,7.800000000000001,12.0,7.2,1.7000000000000002,92.0,7.5,7.6946034,-0.19460344314575195
2023-06-25 13:00:00,7.5,11.9,6.7,1.5,97.0,7.6000000000000005,7.469446,0.13055381774902397
2023-06-25 14:00:00,7.6000000000000005,12.100000000000001,6.5,1.3,104.0,7.5,7.8141994,-0.31419944763183594
2023-06-25 15:00:00,7.5,12.3,6.7,1.4000000000000001,108.0,7.4,7.590502,-0.19050178527831996
2023-06-25 16:00:00,7.4,11.700000000000001,6.6000000000000005,1.5,114.0,7.9,7.5138774,0.3861226081848148
2023-06-25 17:00:00,7.9,11.3,7.1000000000000005,1.7000000000000002,120.0,8.4,8.034363,0.36563720703125036
2023-06-25 18:00:00,8.4,11.3,8.0,2.0,122.0,8.5,8.418943,0.08105659484863281
2023-06-25 19:00:00,8.5,11.200000000000001,8.700000000000001,1.9000000000000001,124.0,8.0,8.871125,-0.8711252212524414
2023-06-25 20:00:00,8.0,11.700000000000001,9.4,1.8,129.0,8.4,8.929503,-0.5295034408569332
2023-06-25 21:00:00,8.4,12.0,13.700000000000001,2.0,118.0,8.8,8.951006,-0.1510059356689446
2023-06-25 22:00:00,8.8,11.700000000000001,22.0,2.3000000000000003,104.0,9.700000000000001,9.626993,0.073006820678712
2023-06-25 23:00:00,9.700000000000001,14.3,26.900000000000002,2.4000000000000004,99.0,9.600000000000001,10.577702,-0.9777015686035142
2023-06-26 00:00:00,9.600000000000001,14.9,26.900000000000002,2.0,93.0,9.4,9.9703,-0.5702997207641598
2023-06-26 01:00:00,9.4,16.2,28.1,1.9000000000000001,87.0,11.200000000000001,10.177738,1.0222618103027354
2023-06-26 02:00:00,11.200000000000001,17.0,30.400000000000002,1.7000000000000002,75.0,14.600000000000001,11.711566,2.8884340286254897
2023-06-26 03:00:00,14.600000000000001,20.400000000000002,27.3,1.6,63.0,14.3,14.710497,-0.4104969024658196
2023-06-26 04:00:00,14.3,20.200000000000003,25.3,1.6,55.0,15.700000000000001,14.667134,1.0328657150268565
2023-06-26 05:00:00,15.700000000000001,19.900000000000002,26.3,1.8,52.0,16.1,15.834445,0.2655550003051772
2023-06-26 06:00:00,16.1,19.700000000000003,25.5,1.6,49.0,17.3,16.845766,0.4542339324951179
2023-06-26 07:00:00,17.3,21.900000000000002,27.3,1.6,51.0,16.8,18.020033,-1.220032882690429
2023-06-26 08:00:00,16.8,22.3,28.1,1.8,50.0,15.4,16.153816,-0.7538162231445309
2023-06-26 09:00:00,15.4,22.200000000000003,30.5,2.4000000000000004,53.0,14.5,14.488645,0.011355400085449219
2023-06-26 10:00:00,14.5,21.5,24.900000000000002,2.0,70.0,13.9,13.595216,0.30478420257568395
2023-06-26 11:00:00,13.9,20.400000000000002,21.1,1.7000000000000002,84.0,14.200000000000001,12.995091,1.204908561706544
2023-06-26 12:00:00,14.200000000000001,22.5,16.3,1.9000000000000001,108.0,13.700000000000001,13.706122,-0.006122398376463778
2023-06-26 13:00:00,13.700000000000001,21.700000000000003,13.8,1.6,128.0,13.5,13.192029,0.3079710006713867
2023-06-26 14:00:00,13.5,20.700000000000003,11.9,1.9000000000000001,140.0,12.700000000000001,13.21658,-0.5165803909301747
2023-06-26 15:00:00,12.700000000000001,19.3,10.3,2.0,154.0,12.600000000000001,12.372524,0.22747573852539205
2023-06-26 16:00:00,12.600000000000001,19.200000000000003,10.9,2.2,164.0,11.5,12.402386,-0.9023857116699219
2023-06-26 17:00:00,11.5,18.8,11.100000000000001,2.4000000000000004,168.0,11.8,11.478116,0.32188396453857493
2023-06-26 18:00:00,11.8,19.900000000000002,11.100000000000001,2.8000000000000003,165.0,13.8,12.130003,1.6699970245361335
2023-06-26 19:00:00,13.8,19.900000000000002,10.600000000000001,2.6,164.0,13.4,14.269613,-0.8696132659912106
2023-06-26 20:00:00,13.4,18.2,13.5,2.7,161.0,14.5,14.167219,0.3327808380126953
2023-06-26 21:00:00,14.5,20.0,16.8,3.5,141.0,14.0,14.946825,-0.9468250274658203
2023-06-26 22:00:00,14.0,21.400000000000002,23.1,2.7,133.0,14.4,14.865368,-0.4653678894042965
2023-06-26 23:00:00,14.4,21.0,26.0,2.7,112.0,15.0,15.38386,-0.38385963439941406
2023-06-27 00:00:00,15.0,21.700000000000003,30.900000000000002,2.7,100.0,14.8,15.282298,-0.48229808807372976
2023-06-27 01:00:00,14.8,19.900000000000002,27.1,2.7,92.0,15.8,14.977127,0.8228729248046882
2023-06-27 02:00:00,15.8,24.700000000000003,32.6,2.7,74.0,17.2,16.452507,0.7474929809570305
2023-06-27 03:00:00,17.2,24.6,35.9,2.8000000000000003,72.0,20.0,18.272743,1.7272567749023438
2023-06-27 04:00:00,20.0,28.8,35.6,2.6,70.0,20.700000000000003,20.530512,0.16948814392090128
2023-06-27 05:00:00,20.700000000000003,28.400000000000002,37.5,2.9000000000000004,61.0,21.900000000000002,21.045774,0.8542255401611349
2023-06-27 06:00:00,21.900000000000002,28.900000000000002,33.4,2.9000000000000004,61.0,25.700000000000003,22.974785,2.725215148925784
2023-06-27 07:00:00,25.700000000000003,31.1,37.300000000000004,2.5,58.0,21.1,25.543316,-4.4433158874511705
2023-06-27 08:00:00,21.1,28.3,36.300000000000004,2.6,57.0,20.1,20.73591,-0.6359104156494126
2023-06-27 09:00:00,20.1,25.900000000000002,35.2,3.0,66.0,22.900000000000002,18.58809,4.311909103393557
2023-06-27 10:00:00,22.900000000000002,28.400000000000002,30.200000000000003,3.1,77.0,22.900000000000002,21.554058,1.3459419250488303
2023-06-27 11:00:00,22.900000000000002,32.300000000000004,24.900000000000002,3.1,101.0,20.5,21.635124,-1.1351242065429688
2023-06-27 12:00:00,20.5,31.5,22.400000000000002,2.8000000000000003,122.0,19.3,19.772522,-0.4725219726562493
2023-06-27 13:00:00,19.3,27.3,16.8,2.7,135.0,16.5,17.94949,-1.4494895935058594
2023-06-27 14:00:00,16.5,24.700000000000003,13.8,2.9000000000000004,147.0,16.400000000000002,16.079523,0.32047691345215057
2023-06-27 15:00:00,16.400000000000002,23.400000000000002,12.600000000000001,2.9000000000000004,156.0,15.200000000000001,16.158194,-0.9581935882568349
2023-06-27 16:00:00,15.200000000000001,22.1,10.9,2.8000000000000003,160.0,14.9,15.259587,-0.3595872879028317
2023-06-27 17:00:00,14.9,21.400000000000002,9.4,1.6,152.0,13.600000000000001,14.674363,-1.0743631362915025
2023-06-27 18:00:00,13.600000000000001,20.700000000000003,8.8,1.9000000000000001,145.0,15.600000000000001,13.349953,2.250047302246095
2023-06-27 19:00:00,15.600000000000001,21.200000000000003,10.4,1.5,137.0,14.700000000000001,15.610851,-0.9108512878417958
2023-06-27 20:00:00,14.700000000000001,21.900000000000002,12.100000000000001,1.5,137.0,19.3,15.31401,3.9859903335571296
2023-06-27 21:00:00,19.3,27.8,11.600000000000001,1.6,135.0,19.400000000000002,18.447605,0.9523948669433615
2023-06-27 22:00:00,19.400000000000002,27.8,12.9,1.8,124.0,18.8,19.340178,-0.5401775360107415
2023-06-27 23:00:00,18.8,26.700000000000003,15.4,2.4000000000000004,110.0,17.3,18.279217,-0.9792167663574212
2023-06-28 00:00:00,17.3,24.0,10.700000000000001,1.9000000000000001,110.0,17.3,16.654589,0.6454113006591804
2023-06-28 01:00:00,17.3,24.200000000000003,10.100000000000001,1.7000000000000002,103.0,17.2,16.672836,0.5271636962890618
2023-06-28 02:00:00,17.2,21.0,8.1,1.8,100.0,14.8,16.12175,-1.3217498779296868
2023-06-28 03:00:00,14.8,20.6,8.1,1.7000000000000002,94.0,13.8,14.031534,-0.23153419494628835
2023-06-28 04:00:00,13.8,19.700000000000003,10.0,1.9000000000000001,91.0,13.5,13.73844,-0.23843955993652344
2023-06-28 05:00:00,13.5,19.700000000000003,9.9,2.2,92.0,14.200000000000001,13.722768,0.47723217010498153
2023-06-28 06:00:00,14.200000000000001,18.400000000000002,10.100000000000001,1.8,85.0,12.3,14.467663,-2.167662811279296
2023-06-28 07:00:00,12.3,19.400000000000002,11.4,1.8,83.0,12.600000000000001,13.385706,-0.7857059478759751
2023-06-28 08:00:00,12.600000000000001,18.8,13.5,2.1,75.0,11.700000000000001,12.088645,-0.3886449813842763
2023-06-28 09:00:00,11.700000000000001,18.400000000000002,14.600000000000001,2.4000000000000004,73.0,11.8,11.089321,0.7106788635253913
2023-06-28 10:00:00,11.8,17.7,12.600000000000001,2.2,80.0,11.3,11.293496,0.006503868103028054
2023-06-28 11:00:00,11.3,17.3,10.5,2.1,82.0,11.5,10.843425,0.6565752029418945
2023-06-28 12:00:00,11.5,16.400000000000002,9.200000000000001,1.8,85.0,10.700000000000001,11.008964,-0.3089635848999013
2023-06-28 13:00:00,10.700000000000001,18.400000000000002,8.200000000000001,1.7000000000000002,91.0,11.100000000000001,10.527867,0.5721326828002944
2023-06-28 14:00:00,11.100000000000001,16.3,7.2,1.7000000000000002,98.0,11.200000000000001,10.81399,0.3860103607177745
2023-06-28 15:00:00,11.200000000000001,17.6,6.7,1.6,107.0,10.9,11.190005,-0.29000530242919886
2023-06-28 16:00:00,10.9,18.0,6.7,1.8,112.0,11.3,10.938597,0.3614032745361335
2023-06-28 17:00:00,11.3,17.2,7.800000000000001,1.9000000000000001,117.0,11.600000000000001,11.3696165,0.2303834915161147
2023-06-28 18:00:00,11.600000000000001,16.7,8.5,1.9000000000000001,121.0,11.200000000000001,11.256072,-0.05607204437255753
2023-06-28 19:00:00,11.200000000000001,17.5,8.700000000000001,1.7000000000000002,119.0,11.0,11.369466,-0.36946582794189453
2023-06-28 20:00:00,11.0,17.900000000000002,9.700000000000001,1.9000000000000001,123.0,12.5,11.356507,1.1434926986694336
2023-06-28 21:00:00,12.5,18.6,10.600000000000001,1.8,119.0,12.4,12.448054,-0.048054313659667613
2023-06-28 22:00:00,12.4,18.900000000000002,13.200000000000001,2.1,118.0,13.100000000000001,12.700381,0.3996187210083022
2023-06-28 23:00:00,13.100000000000001,18.6,12.600000000000001,2.1,114.0,13.100000000000001,12.908985,0.1910148620605483
2023-06-29 00:00:00,13.100000000000001,18.3,12.4,2.3000000000000003,104.0,11.600000000000001,12.598252,-0.9982522964477525
2023-06-29 01:00:00,11.600000000000001,16.900000000000002,12.100000000000001,2.1,89.0,11.200000000000001,11.196647,0.003353309631348722
2023-06-29 02:00:00,11.200000000000001,19.400000000000002,11.0,1.9000000000000001,83.0,10.600000000000001,11.506376,-0.9063762664794908
2023-06-29 03:00:00,10.600000000000001,17.0,10.0,2.2,82.0,9.3,10.84237,-1.5423700332641594
2023-06-29 04:00:00,9.3,14.3,10.0,2.1,79.0,9.4,9.850716,-0.4507156372070309
2023-06-29 05:00:00,9.4,14.600000000000001,10.4,2.1,79.0,9.3,9.985536,-0.6855356216430657
2023-06-29 06:00:00,9.3,14.100000000000001,11.100000000000001,2.2,79.0,9.200000000000001,10.4349165,-1.2349164962768544
2023-06-29 07:00:00,9.200000000000001,14.200000000000001,13.5,2.2,78.0,9.0,10.47644,-1.4764404296875
2023-06-29 08:00:00,9.0,15.700000000000001,14.8,2.1,78.0,8.6,8.960912,-0.3609117507934574
2023-06-29 09:00:00,8.6,15.100000000000001,18.8,2.1,73.0,8.8,8.419994,0.38000564575195384
2023-06-29 10:00:00,8.8,15.600000000000001,17.900000000000002,2.2,76.0,8.8,8.841714,-0.041713905334471946
2023-06-29 11:00:00,8.8,15.9,14.200000000000001,2.0,81.0,8.3,8.870426,-0.5704261779785149
2023-06-29 12:00:00,8.3,16.5,10.700000000000001,1.8,92.0,8.200000000000001,8.363097,-0.16309719085693253
2023-06-29 13:00:00,8.200000000000001,15.700000000000001,8.8,1.7000000000000002,100.0,8.200000000000001,8.308339,-0.10833911895751847
2023-06-29 14:00:00,8.200000000000001,14.700000000000001,8.200000000000001,1.7000000000000002,107.0,8.3,8.208272,0.09172801971435618
2023-06-29 15:00:00,8.3,14.600000000000001,7.5,1.8,114.0,8.9,8.362715,0.5372852325439457
2023-06-29 16:00:00,8.9,14.8,8.4,1.7000000000000002,119.0,9.200000000000001,8.838182,0.36181755065918075
2023-06-29 17:00:00,9.200000000000001,14.100000000000001,9.4,1.6,120.0,9.200000000000001,9.555178,-0.35517768859863175
2023-06-29 18:00:00,9.200000000000001,14.700000000000001,10.5,1.7000000000000002,124.0,9.200000000000001,9.577372,-0.377371597290038
2023-06-29 19:00:00,9.200000000000001,14.700000000000001,12.100000000000001,1.8,122.0,9.200000000000001,10.152914,-0.9529140472412099
2023-06-29 20:00:00,9.200000000000001,15.4,15.100000000000001,2.0,121.0,10.600000000000001,10.778901,-0.17890110015868999
2023-06-29 21:00:00,10.600000000000001,16.1,15.200000000000001,1.9000000000000001,119.0,10.4,11.669078,-1.2690778732299801
2023-06-29 22:00:00,10.4,17.6,17.2,2.1,113.0,10.5,11.5190735,-1.019073486328125
2023-06-29 23:00:00,10.5,16.900000000000002,15.9,1.8,109.0,11.3,10.727947,0.5720527648925788
2023-06-30 00:00:00,11.3,17.1,17.1,1.7000000000000002,96.0,9.5,10.971251,-1.4712505340576172
2023-06-30 01:00:00,9.5,15.700000000000001,18.3,1.5,84.0,9.200000000000001,9.691673,-0.4916732788085927
2023-06-30 02:00:00,9.200000000000001,15.5,17.6,1.6,82.0,11.3,9.633385,1.666615295410157
2023-06-30 03:00:00,11.3,15.3,16.400000000000002,1.5,75.0,12.3,11.22599,1.0740097045898445
2023-06-30 04:00:00,12.3,16.400000000000002,16.7,1.5,70.0,13.600000000000001,12.050035,1.549964523315431
2023-06-30 05:00:00,13.600000000000001,16.400000000000002,18.2,1.5,61.0,14.5,13.117136,1.382863998413086
2023-06-30 06:00:00,14.5,15.9,18.900000000000002,1.7000000000000002,51.0,14.0,14.183628,-0.18362808227539062
2023-06-30 07:00:00,14.0,18.1,20.700000000000003,1.7000000000000002,46.0,13.8,14.332552,-0.5325519561767571
2023-06-30 08:00:00,13.8,18.400000000000002,24.5,1.6,51.0,14.200000000000001,13.194711,1.0052892684936534
2023-06-30 09:00:00,14.200000000000001,19.0,23.400000000000002,1.6,56.0,14.100000000000001,13.231742,0.8682580947875991
2023-06-30 10:00:00,14.100000000000001,19.8,24.1,1.4000000000000001,60.0,15.4,13.344407,2.0555929183959964
2023-06-30 11:00:00,15.4,20.1,21.700000000000003,1.4000000000000001,69.0,15.100000000000001,13.941762,1.158238029479982
2023-06-30 12:00:00,15.100000000000001,20.8,18.6,1.9000000000000001,75.0,15.3,14.051031,1.2489688873291023
2023-06-30 13:00:00,15.3,19.8,17.900000000000002,1.8,81.0,15.4,14.314883,1.0851167678833011
2023-06-30 14:00:00,15.4,19.400000000000002,18.6,1.5,79.0,13.9,14.566966,-0.6669660568237301
2023-06-30 15:00:00,13.9,18.5,18.5,1.2000000000000002,71.0,11.5,13.461475,-1.9614753723144531
2023-06-30 16:00:00,11.5,17.1,20.0,1.1,62.0,10.200000000000001,11.67827,-1.4782703399658192
2023-06-30 17:00:00,10.200000000000001,14.3,22.1,1.2000000000000002,63.0,10.100000000000001,10.803759,-0.7037586212158189
2023-06-30 18:00:00,10.100000000000001,14.700000000000001,22.8,1.3,64.0,10.100000000000001,10.665415,-0.5654148101806626
2023-06-30 19:00:00,10.100000000000001,13.5,24.6,1.2000000000000002,64.0,10.4,11.201439,-0.8014389038085934
2023-06-30 20:00:00,10.4,13.4,26.6,1.4000000000000001,68.0,11.600000000000001,11.755062,-0.15506210327148295
2023-06-30 21:00:00,11.600000000000001,14.200000000000001,28.200000000000003,1.4000000000000001,63.0,11.4,12.276615,-0.8766151428222653
2023-06-30 22:00:00,11.4,15.3,26.5,1.4000000000000001,52.0,11.9,11.880035,0.019964599609375355
2023-06-30 23:00:00,11.9,16.0,26.6,1.5,50.0,11.600000000000001,12.187513,-0.5875133514404283
2023-07-01 00:00:00,11.600000000000001,16.0,25.1,1.4000000000000001,48.0,12.0,11.236746,0.7632541656494141
2023-07-01 01:00:00,12.0,16.8,22.6,1.3,50.0,14.100000000000001,11.603164,2.4968362808227553
2023-07-01 02:00:00,14.100000000000001,17.8,19.900000000000002,1.2000000000000002,49.0,15.100000000000001,13.570983,1.5290170669555678
2023-07-01 03:00:00,15.100000000000001,18.3,16.1,1.4000000000000001,48.0,13.9,14.300137,-0.400136566162109
2023-07-01 04:00:00,13.9,19.200000000000003,13.3,1.6,50.0,15.600000000000001,13.770014,1.8299861907958999
2023-07-01 05:00:00,15.600000000000001,19.5,14.4,1.6,40.0,18.0,15.184958,2.8150415420532227
2023-07-01 06:00:00,18.0,19.400000000000002,14.4,2.0,33.0,18.2,17.800001,0.3999988555908196
2023-07-01 07:00:00,18.2,20.700000000000003,17.1,2.3000000000000003,30.0,16.6,18.0448,-1.4447998046874986
2023-07-01 08:00:00,16.6,20.700000000000003,16.6,2.5,32.0,15.600000000000001,15.325383,0.2746168136596694
2023-07-01 09:00:00,15.600000000000001,22.3,15.3,3.0,38.0,15.9,14.228289,1.671711349487305
2023-07-01 10:00:00,15.9,21.900000000000002,14.3,2.6,48.0,14.0,14.614477,-0.6144771575927734
2023-07-01 11:00:00,14.0,18.900000000000002,13.0,2.0,60.0,12.100000000000001,13.132367,-1.0323671340942369
2023-07-01 12:00:00,12.100000000000001,15.0,11.100000000000001,2.0,69.0,11.700000000000001,11.247807,0.45219345092773544
2023-07-01 13:00:00,11.700000000000001,15.5,10.4,1.7000000000000002,82.0,11.200000000000001,11.176236,0.023763847351075285
2023-07-01 14:00:00,11.200000000000001,15.200000000000001,8.9,1.5,95.0,10.3,11.001154,-0.7011539459228509
2023-07-01 15:00:00,10.3,14.0,8.1,1.2000000000000002,103.0,10.200000000000001,10.012706,0.1872941970825206
2023-07-01 16:00:00,10.200000000000001,12.8,7.5,1.7000000000000002,109.0,9.1,9.822601,-0.7226013183593754
2023-07-01 17:00:00,9.1,11.8,7.6000000000000005,1.9000000000000001,111.0,10.3,9.0765915,1.223408508300782
2023-07-01 18:00:00,10.3,12.600000000000001,8.200000000000001,1.5,112.0,9.700000000000001,10.0452175,-0.34521751403808487
2023-07-01 19:00:00,9.700000000000001,12.4,8.700000000000001,1.8,108.0,10.700000000000001,9.997642,0.7023584365844737
2023-07-01 20:00:00,10.700000000000001,13.4,13.200000000000001,2.1,102.0,10.700000000000001,11.650367,-0.9503667831420888
2023-07-01 21:00:00,10.700000000000001,13.9,16.8,2.3000000000000003,93.0,13.9,11.541079,2.3589214324951175
2023-07-01 22:00:00,13.9,15.0,21.0,2.5,94.0,16.0,13.685087,2.314912796020508
2023-07-01 23:00:00,16.0,16.6,26.8,3.0,75.0,17.3,15.619694,1.680306243896485
2023-07-02 00:00:00,17.3,17.7,32.7,2.4000000000000004,57.0,18.400000000000002,16.714252,1.685747528076174
2023-07-02 01:00:00,18.400000000000002,20.700000000000003,33.7,2.4000000000000004,46.0,18.3,17.566277,0.733723449707032
2023-07-02 02:00:00,18.3,19.900000000000002,34.0,2.4000000000000004,44.0,17.1,17.624998,-0.5249980926513658
2023-07-02 03:00:00,17.1,21.8,32.800000000000004,2.2,41.0,16.900000000000002,17.477375,-0.577375030517576
2023-07-02 04:00:00,16.900000000000002,19.900000000000002,32.2,2.4000000000000004,34.0,16.0,16.761885,-0.7618846893310547
2023-07-02 05:00:00,16.0,16.400000000000002,33.1,2.5,27.0,14.600000000000001,15.647566,-1.0475658416748033
2023-07-02 06:00:00,14.600000000000001,17.6,29.1,2.5,26.0,16.3,15.135999,1.1640012741088874
2023-07-02 07:00:00,16.3,20.3,32.0,2.3000000000000003,27.0,17.5,17.482355,0.017644882202148438
2023-07-02 08:00:00,17.5,22.1,25.8,2.3000000000000003,33.0,18.7,16.705044,1.99495620727539
2023-07-02 09:00:00,18.7,22.900000000000002,23.200000000000003,2.7,48.0,12.3,16.210974,-3.9109737396240227
2023-07-02 10:00:00,12.3,16.0,16.900000000000002,2.3000000000000003,59.0,10.9,11.469582,-0.5695816040039059
2023-07-02 11:00:00,10.9,17.2,14.5,2.7,76.0,9.8,10.628369,-0.8283693313598626
2023-07-02 12:00:00,9.8,15.100000000000001,10.8,2.6,91.0,10.100000000000001,9.726127,0.3738733291625991
2023-07-02 13:00:00,10.100000000000001,13.8,9.0,2.4000000000000004,104.0,9.5,9.854352,-0.3543519973754883
2023-07-02 14:00:00,9.5,13.100000000000001,7.4,2.3000000000000003,111.0,9.5,9.445115,0.054884910583496094
2023-07-02 15:00:00,9.5,12.700000000000001,6.5,2.3000000000000003,113.0,8.8,9.533946,-0.7339460372924798
2023-07-02 16:00:00,8.8,10.9,6.5,2.1,114.0,9.9,8.686944,1.2130559921264652
2023-07-02 17:00:00,9.9,12.0,6.7,2.4000000000000004,113.0,10.0,9.997281,0.0027189254760742188
2023-07-02 18:00:00,10.0,11.8,6.6000000000000005,2.5,113.0,10.3,9.962389,0.3376110076904304
2023-07-02 19:00:00,10.3,12.8,6.300000000000001,2.7,112.0,11.100000000000001,10.596994,0.5030055999755874
2023-07-02 20:00:00,11.100000000000001,14.100000000000001,7.7,3.2,111.0,10.200000000000001,11.39894,-1.198940086364745
2023-07-02 21:00:00,10.200000000000001,13.700000000000001,11.4,3.5,102.0,10.8,10.680676,0.11932353973388743
2023-07-02 22:00:00,10.8,13.3,12.9,2.7,89.0,9.1,10.855601,-1.7556013107299808
2023-07-02 23:00:00,9.1,12.100000000000001,14.9,2.6,73.0,9.1,8.914382,0.18561801910400355
2023-07-03 00:00:00,9.1,12.4,12.4,2.3000000000000003,64.0,9.200000000000001,8.949658,0.2503416061401378
2023-07-03 01:00:00,9.200000000000001,12.700000000000001,11.0,2.1,59.0,8.8,9.096159,-0.2961589813232415
2023-07-03 02:00:00,8.8,13.0,12.100000000000001,2.0,57.0,8.8,8.957137,-0.15713710784912038
2023-07-03 03:00:00,8.8,13.700000000000001,13.3,2.4000000000000004,52.0,8.6,9.4099865,-0.80998649597168
2023-07-03 04:00:00,8.6,13.4,13.0,2.6,49.0,8.9,9.024303,-0.12430343627929652
2023-07-03 05:00:00,8.9,13.100000000000001,13.700000000000001,2.6,42.0,8.3,9.390476,-1.09047622680664
2023-07-03 06:00:00,8.3,13.200000000000001,14.9,2.4000000000000004,45.0,8.6,9.502427,-0.9024271011352543
2023-07-03 07:00:00,8.6,13.700000000000001,17.5,2.7,46.0,9.200000000000001,9.625318,-0.4253175735473622
2023-07-03 08:00:00,9.200000000000001,13.8,21.0,2.2,47.0,10.200000000000001,8.953335,1.2466651916503917
2023-07-03 09:00:00,10.200000000000001,17.2,21.5,2.4000000000000004,45.0,10.700000000000001,9.926503,0.7734968185424815
2023-07-03 10:00:00,10.700000000000001,16.8,20.6,2.2,49.0,10.700000000000001,10.059823,0.6401769638061534
2023-07-03 11:00:00,10.700000000000001,17.3,18.2,2.4000000000000004,62.0,11.100000000000001,10.519955,0.580045318603517
2023-07-03 12:00:00,11.100000000000001,16.6,12.0,2.4000000000000004,80.0,11.5,10.609358,0.8906421661376953
2023-07-03 13:00:00,11.5,17.0,10.8,2.4000000000000004,93.0,11.4,11.282276,0.11772384643554723
2023-07-03 14:00:00,11.4,17.0,11.0,2.3000000000000003,96.0,11.0,11.410662,-0.4106616973876953
2023-07-03 15:00:00,11.0,17.0,8.9,2.2,100.0,11.4,10.816029,0.5839714050292972
2023-07-03 16:00:00,11.4,15.8,8.5,2.4000000000000004,108.0,11.3,11.331239,-0.031238746643065696
2023-07-03 17:00:00,11.3,16.0,8.5,2.4000000000000004,115.0,11.200000000000001,11.226133,-0.02613334655761612
2023-07-03 18:00:00,11.200000000000001,15.100000000000001,8.700000000000001,2.3000000000000003,115.0,11.700000000000001,11.246039,0.4539606094360362
2023-07-03 19:00:00,11.700000000000001,15.9,10.0,2.0,115.0,12.100000000000001,11.714511,0.3854890823364272
2023-07-03 20:00:00,12.100000000000001,16.2,11.600000000000001,2.1,110.0,11.8,12.518959,-0.7189590454101555
2023-07-03 21:00:00,11.8,16.400000000000002,14.600000000000001,2.3000000000000003,97.0,11.5,12.491686,-0.9916858673095703
2023-07-03 22:00:00,11.5,16.7,17.8,2.6,82.0,12.200000000000001,11.994946,0.2050544738769542
2023-07-03 23:00:00,12.200000000000001,17.1,16.1,3.6,69.0,11.0,11.838735,-0.8387346267700195
2023-07-04 00:00:00,11.0,16.0,17.5,3.0,71.0,10.4,10.596858,-0.1968580245971676
2023-07-04 01:00:00,10.4,17.6,16.900000000000002,2.4000000000000004,73.0,13.0,10.546094,2.4539060592651367
2023-07-04 02:00:00,13.0,18.900000000000002,19.200000000000003,2.3000000000000003,69.0,12.600000000000001,13.175571,-0.5755714416503892
2023-07-04 03:00:00,12.600000000000001,19.3,16.1,1.9000000000000001,71.0,11.700000000000001,12.684772,-0.9847715377807607
2023-07-04 04:00:00,11.700000000000001,13.3,9.5,1.6,71.0,8.5,11.175266,-2.6752662658691406
2023-07-04 05:00:00,8.5,9.0,10.100000000000001,1.7000000000000002,72.0,10.8,8.159986,2.6400144577026374
2023-07-04 06:00:00,10.8,12.0,12.3,1.9000000000000001,65.0,10.100000000000001,11.005102,-0.905102157592772
2023-07-04 07:00:00,10.100000000000001,12.4,14.100000000000001,1.8,65.0,9.9,10.542222,-0.6422220230102536
2023-07-04 08:00:00,9.9,12.700000000000001,14.8,1.7000000000000002,67.0,9.3,9.405205,-0.10520477294921804
2023-07-04 09:00:00,9.3,12.200000000000001,16.3,1.6,69.0,8.9,8.791991,0.10800876617431676
2023-07-04 10:00:00,8.9,13.0,16.1,1.7000000000000002,76.0,8.6,8.566466,0.03353366851806605
2023-07-04 11:00:00,8.6,13.0,15.0,1.8,84.0,8.6,8.259397,0.34060344696044886
2023-07-04 12:00:00,8.6,12.8,12.9,1.6,93.0,9.0,8.310036,0.6899642944335938
2023-07-04 13:00:00,9.0,13.5,10.5,1.6,105.0,8.700000000000001,8.775856,-0.07585601806640518
2023-07-04 14:00:00,8.700000000000001,12.9,8.6,1.4000000000000001,117.0,8.5,8.683123,-0.1831226348876953
2023-07-04 15:00:00,8.5,12.5,7.0,1.4000000000000001,120.0,8.5,8.320386,0.17961406707763672
2023-07-04 16:00:00,8.5,12.5,7.2,1.6,123.0,8.5,8.351781,0.14821910858154297
2023-07-04 17:00:00,8.5,13.100000000000001,8.5,1.7000000000000002,124.0,8.200000000000001,8.348412,-0.14841156005859268
2023-07-04 18:00:00,8.200000000000001,12.3,8.9,2.0,121.0,8.3,8.370729,-0.0707294464111321
2023-07-04 19:00:00,8.3,12.200000000000001,10.5,2.1,118.0,8.200000000000001,8.974755,-0.7747552871704091
2023-07-04 20:00:00,8.200000000000001,12.3,11.600000000000001,1.8,111.0,9.700000000000001,8.868914,0.8310863494873058
2023-07-04 21:00:00,9.700000000000001,12.200000000000001,16.6,2.0,100.0,10.4,10.143765,0.2562345504760746
2023-07-04 22:00:00,10.4,12.700000000000001,13.9,2.1,100.0,11.3,10.631058,0.6689422607421882
2023-07-04 23:00:00,11.3,14.3,17.2,1.9000000000000001,97.0,11.700000000000001,11.016224,0.6837760925292979
2023-07-05 00:00:00,11.700000000000001,16.3,20.1,2.1,89.0,11.0,11.416341,-0.41634082794189453
2023-07-05 01:00:00,11.0,15.700000000000001,20.3,2.2,81.0,10.600000000000001,10.799776,-0.1997760772705064
2023-07-05 02:00:00,10.600000000000001,16.1,19.5,2.0,78.0,12.100000000000001,10.892836,1.2071643829345717
2023-07-05 03:00:00,12.100000000000001,15.3,15.3,1.7000000000000002,75.0,9.4,11.809126,-2.4091259002685543
2023-07-05 04:00:00,9.4,13.200000000000001,12.8,1.5,72.0,8.700000000000001,9.947408,-1.2474077224731435
2023-07-05 05:00:00,8.700000000000001,12.100000000000001,12.9,1.6,68.0,8.8,9.12369,-0.3236896514892571
2023-07-05 06:00:00,8.8,12.3,12.8,1.6,63.0,9.1,9.680062,-0.580062294006348
2023-07-05 07:00:00,9.1,12.200000000000001,15.200000000000001,1.7000000000000002,57.0,10.200000000000001,9.644293,0.5557071685791026
2023-07-05 08:00:00,10.200000000000001,13.3,18.5,1.7000000000000002,54.0,9.700000000000001,9.558947,0.14105339050293075
2023-07-05 09:00:00,9.700000000000001,13.700000000000001,21.900000000000002,1.9000000000000001,53.0,9.1,9.109106,-0.009106063842773793
2023-07-05 10:00:00,9.1,12.600000000000001,23.5,2.1,63.0,8.200000000000001,8.7960825,-0.5960824966430653
2023-07-05 11:00:00,8.200000000000001,11.9,18.7,2.7,80.0,9.0,7.9258313,1.0741686820983887
2023-07-05 12:00:00,9.0,10.3,13.8,2.2,91.0,9.0,8.427877,0.5721225738525391
2023-07-05 13:00:00,9.0,13.0,11.0,1.8,102.0,7.9,8.741137,-0.84113655090332
2023-07-05 14:00:00,7.9,12.100000000000001,8.6,1.6,109.0,7.2,7.8482475,-0.6482475280761717
2023-07-05 15:00:00,7.2,11.9,8.3,1.3,112.0,7.800000000000001,7.2286887,0.571311283111573
2023-07-05 16:00:00,7.800000000000001,12.3,8.5,1.6,114.0,9.600000000000001,7.8199344,1.7800656318664565
2023-07-05 17:00:00,9.600000000000001,13.600000000000001,8.6,2.5,117.0,9.600000000000001,9.875242,-0.27524223327636577
2023-07-05 18:00:00,9.600000000000001,14.0,9.5,2.5,114.0,10.100000000000001,9.916693,0.18330726623535298
2023-07-05 19:00:00,10.100000000000001,13.200000000000001,9.5,2.6,115.0,10.600000000000001,10.585797,0.01420269012451314
2023-07-05 20:00:00,10.600000000000001,12.8,11.5,2.2,107.0,11.4,11.056044,0.34395637512207067
2023-07-05 21:00:00,11.4,15.0,16.400000000000002,2.4000000000000004,96.0,11.5,12.031495,-0.5314950942993164
2023-07-05 22:00:00,11.5,14.600000000000001,20.700000000000003,2.4000000000000004,84.0,11.5,11.720725,-0.22072505950927734
2023-07-05 23:00:00,11.5,14.5,25.6,2.7,71.0,11.600000000000001,11.5540495,0.0459505081176772
2023-07-06 00:00:00,11.600000000000001,16.2,23.6,2.3000000000000003,60.0,12.5,11.636939,0.8630609512329102
2023-07-06 01:00:00,12.5,17.3,21.8,2.8000000000000003,47.0,12.5,12.243169,0.25683116912841797
2023-07-06 02:00:00,12.5,17.400000000000002,24.1,2.9000000000000004,42.0,13.600000000000001,12.407647,1.1923528671264663
2023-07-06 03:00:00,13.600000000000001,19.200000000000003,26.400000000000002,3.1,40.0,13.600000000000001,14.026673,-0.426673316955565
2023-07-06 04:00:00,13.600000000000001,17.6,22.6,2.7,42.0,12.0,13.735005,-1.7350053787231445
2023-07-06 05:00:00,12.0,14.600000000000001,22.1,2.1,38.0,10.4,12.081479,-1.6814790725708004
2023-07-06 06:00:00,10.4,13.4,20.8,1.5,34.0,9.9,11.3057785,-1.4057785034179684
2023-07-06 07:00:00,9.9,13.5,22.200000000000003,1.3,35.0,10.8,10.882583,-0.08258266448974538
2023-07-06 08:00:00,10.8,12.9,22.700000000000003,1.5,39.0,9.4,9.924831,-0.524831390380859
2023-07-06 09:00:00,9.4,14.100000000000001,23.700000000000003,1.4000000000000001,42.0,12.3,9.057447,3.242552566528321
2023-07-06 10:00:00,12.3,15.8,21.3,1.8,49.0,12.8,11.0285225,1.7714775085449226
2023-07-06 11:00:00,12.8,18.1,19.6,1.8,60.0,10.9,11.778026,-0.8780256271362301
2023-07-06 12:00:00,10.9,15.100000000000001,15.0,1.6,77.0,11.3,10.352621,0.9473789215087898
2023-07-06 13:00:00,11.3,14.700000000000001,11.8,1.5,83.0,9.4,10.596719,-1.1967187881469723
2023-07-06 14:00:00,9.4,13.4,10.3,1.5,86.0,9.8,9.356736,0.4432638168334968
2023-07-06 15:00:00,9.8,12.3,9.700000000000001,1.5,89.0,8.5,9.284903,-0.7849025726318359
2023-07-06 16:00:00,8.5,11.5,8.8,1.5,92.0,8.4,8.217629,0.1823705673217777
2023-07-06 17:00:00,8.4,12.0,9.1,1.5,93.0,9.3,8.362061,0.9379394531250007
2023-07-06 18:00:00,9.3,12.4,9.1,1.5,96.0,10.0,9.581312,0.4186878204345703
2023-07-06 19:00:00,10.0,12.200000000000001,9.5,1.7000000000000002,97.0,9.8,10.165482,-0.3654815673828118
2023-07-06 20:00:00,9.8,12.0,10.700000000000001,1.7000000000000002,97.0,10.4,10.02656,0.3734401702880863
2023-07-06 21:00:00,10.4,11.8,14.3,1.9000000000000001,95.0,11.5,10.740602,0.7593984603881836
2023-07-06 22:00:00,11.5,13.5,16.900000000000002,2.0,84.0,12.9,11.552408,1.3475917816162113
2023-07-06 23:00:00,12.9,13.100000000000001,18.5,1.9000000000000001,77.0,12.5,11.7427435,0.7572565078735352
2023-07-07 00:00:00,12.5,13.200000000000001,20.3,1.9000000000000001,63.0,11.9,11.742903,0.15709724426269567
2023-07-07 01:00:00,11.9,14.5,21.5,1.6,52.0,12.100000000000001,11.482173,0.6178270339965835
2023-07-07 02:00:00,12.100000000000001,16.2,23.3,1.8,43.0,14.200000000000001,12.213803,1.9861967086792003
2023-07-07 03:00:00,14.200000000000001,16.0,20.5,1.6,44.0,12.0,13.403352,-1.4033517837524414
2023-07-07 04:00:00,12.0,14.100000000000001,19.200000000000003,1.5,38.0,12.4,11.813404,0.5865959167480472
2023-07-07 05:00:00,12.4,14.9,21.200000000000003,1.6,28.0,12.8,11.922674,0.8773258209228523
2023-07-07 06:00:00,12.8,15.8,23.8,1.5,21.0,13.700000000000001,13.224805,0.4751951217651378
2023-07-07 07:00:00,13.700000000000001,16.3,26.900000000000002,1.6,22.0,15.4,14.179851,1.2201494216918949
2023-07-07 08:00:00,15.4,18.3,25.6,1.9000000000000001,23.0,15.600000000000001,14.302754,1.297245597839357
2023-07-07 09:00:00,15.600000000000001,18.7,27.1,2.8000000000000003,27.0,12.700000000000001,13.920455,-1.22045497894287
2023-07-07 10:00:00,12.700000000000001,16.5,23.3,3.2,41.0,11.9,11.520348,0.3796524047851566
2023-07-07 11:00:00,11.9,14.0,19.3,3.0,62.0,10.9,11.1988325,-0.2988325119018551
2023-07-07 12:00:00,10.9,14.200000000000001,17.1,3.3000000000000003,70.0,10.4,10.103798,0.2962020874023441
2023-07-07 13:00:00,10.4,14.600000000000001,15.600000000000001,3.1,80.0,10.8,10.157904,0.6420963287353523
2023-07-07 14:00:00,10.8,14.700000000000001,14.4,2.7,99.0,11.0,10.472216,0.5277843475341797
2023-07-07 15:00:00,11.0,14.0,11.9,2.3000000000000003,107.0,10.700000000000001,10.60986,0.09013957977295028
2023-07-07 16:00:00,10.700000000000001,13.700000000000001,11.600000000000001,2.3000000000000003,119.0,9.600000000000001,10.46636,-0.8663600921630845
2023-07-07 17:00:00,9.600000000000001,13.3,11.4,2.0,128.0,10.3,9.914029,0.38597087860107493
2023-07-07 18:00:00,10.3,13.100000000000001,10.4,1.7000000000000002,129.0,10.100000000000001,10.270755,-0.1707548141479478
2023-07-07 19:00:00,10.100000000000001,12.200000000000001,9.9,1.8,127.0,10.3,10.308097,-0.008096885681151633
2023-07-07 20:00:00,10.3,11.5,13.4,1.8,118.0,9.600000000000001,10.603073,-1.003073120117186
2023-07-07 21:00:00,9.600000000000001,12.700000000000001,17.1,2.0,108.0,10.200000000000001,10.343327,-0.14332656860351456
2023-07-07 22:00:00,10.200000000000001,13.600000000000001,21.8,2.1,104.0,10.0,10.669865,-0.6698646545410156
2023-07-07 23:00:00,10.0,14.9,25.200000000000003,2.1,97.0,12.4,10.551603,1.8483966827392582
2023-07-08 00:00:00,12.4,16.0,25.5,2.1,83.0,12.8,12.171029,0.628970909118653
2023-07-08 01:00:00,12.8,16.8,24.5,1.9000000000000001,71.0,12.9,12.122665,0.7773345947265629
2023-07-08 02:00:00,12.9,16.400000000000002,22.8,1.8,68.0,12.8,12.282711,0.5172889709472663
2023-07-08 03:00:00,12.8,17.0,22.8,1.7000000000000002,62.0,12.8,12.221666,0.5783336639404304
2023-07-08 04:00:00,12.8,16.900000000000002,21.1,1.9000000000000001,62.0,13.600000000000001,12.381664,1.2183357238769545
2023-07-08 05:00:00,13.600000000000001,18.3,21.700000000000003,2.7,61.0,12.8,13.887477,-1.0874769210815423
2023-07-08 06:00:00,12.8,18.2,17.7,2.8000000000000003,56.0,14.0,13.114955,0.885045051574707
2023-07-08 07:00:00,14.0,18.6,24.0,2.2,59.0,14.100000000000001,14.692854,-0.5928539276123033
2023-07-08 08:00:00,14.100000000000001,18.3,23.400000000000002,1.9000000000000001,52.0,13.8,13.600082,0.1999176025390632
2023-07-08 09:00:00,13.8,17.5,23.5,2.2,62.0,12.5,12.978926,-0.4789257049560547
2023-07-08 10:00:00,12.5,15.200000000000001,18.8,2.8000000000000003,66.0,10.200000000000001,11.51459,-1.3145902633666982
2023-07-08 11:00:00,10.200000000000001,15.100000000000001,16.3,2.5,81.0,9.3,10.01169,-0.7116901397705071
2023-07-08 12:00:00,9.3,14.4,12.700000000000001,2.1,93.0,10.0,9.359729,0.6402711868286133
2023-07-08 13:00:00,10.0,14.8,8.8,1.9000000000000001,102.0,10.0,9.788605,0.211395263671875
2023-07-08 14:00:00,10.0,14.600000000000001,7.9,2.1,113.0,10.3,9.850439,0.4495609283447273
2023-07-08 15:00:00,10.3,14.200000000000001,7.4,1.9000000000000001,115.0,9.600000000000001,10.100254,-0.5002540588378892
2023-07-08 16:00:00,9.600000000000001,13.700000000000001,7.2,1.9000000000000001,123.0,9.9,9.545741,0.3542589187622074
2023-07-08 17:00:00,9.9,14.9,7.0,2.1,125.0,10.3,10.161674,0.13832645416259837
2023-07-08 18:00:00,10.3,16.2,8.0,2.0,125.0,11.200000000000001,10.459786,0.7402135848999034
2023-07-08 19:00:00,11.200000000000001,17.2,8.200000000000001,2.1,128.0,12.200000000000001,11.670928,0.5290719985961925
2023-07-08 20:00:00,12.200000000000001,15.8,10.700000000000001,2.1,124.0,12.5,12.314282,0.18571758270263672
2023-07-08 21:00:00,12.5,16.3,14.3,2.3000000000000003,116.0,13.200000000000001,12.939124,0.2608758926391612
2023-07-08 22:00:00,13.200000000000001,17.5,19.1,2.5,106.0,13.700000000000001,13.5815525,0.118447494506837
2023-07-08 23:00:00,13.700000000000001,17.2,21.200000000000003,2.5,95.0,12.4,13.664215,-1.2642150878906246
2023-07-09 00:00:00,12.4,17.6,23.6,2.3000000000000003,101.0,12.5,12.182955,0.3170452117919922
2023-07-09 01:00:00,12.5,18.400000000000002,23.3,2.2,78.0,13.9,12.475989,1.4240106582641605
2023-07-09 02:00:00,13.9,18.900000000000002,24.1,2.0,63.0,13.600000000000001,13.926282,-0.32628192901611186
2023-07-09 03:00:00,13.600000000000001,21.200000000000003,25.700000000000003,2.0,55.0,14.100000000000001,13.98611,0.11389026641845845
2023-07-09 04:00:00,14.100000000000001,20.900000000000002,24.8,2.2,44.0,12.9,14.449852,-1.5498519897460934
2023-07-09 05:00:00,12.9,20.1,23.6,2.3000000000000003,38.0,12.8,13.323397,-0.5233966827392571
2023-07-09 06:00:00,12.8,20.200000000000003,26.3,2.2,36.0,13.9,13.781912,0.11808815002441442
2023-07-09 07:00:00,13.9,20.8,26.900000000000002,2.6,35.0,15.5,15.041483,0.45851707458496094
2023-07-09 08:00:00,15.5,22.8,26.0,2.5,36.0,17.8,15.151391,2.6486089706420906
2023-07-09 09:00:00,17.8,23.400000000000002,20.5,3.1,53.0,16.0,16.411837,-0.4118366241455078
2023-07-09 10:00:00,16.0,22.0,18.6,3.6,71.0,15.4,14.466842,0.9331583023071293
2023-07-09 11:00:00,15.4,22.8,15.600000000000001,4.4,96.0,15.0,13.954059,1.0459413528442383
2023-07-09 12:00:00,15.0,22.3,11.700000000000001,4.1000000000000005,106.0,14.5,13.820293,0.6797065734863281
2023-07-09 13:00:00,14.5,22.3,9.200000000000001,2.7,115.0,14.9,14.143957,0.7560428619384769
2023-07-09 14:00:00,14.9,22.5,8.3,2.3000000000000003,125.0,14.9,14.421062,0.4789375305175785
2023-07-09 15:00:00,14.9,22.700000000000003,7.2,2.1,127.0,14.3,14.666844,-0.3668443679809563
2023-07-09 16:00:00,14.3,22.8,8.200000000000001,1.9000000000000001,132.0,14.0,14.4411125,-0.4411125183105469
2023-07-09 17:00:00,14.0,21.700000000000003,8.200000000000001,2.1,134.0,12.9,14.058953,-1.1589532852172848
2023-07-09 18:00:00,12.9,21.3,7.7,2.1,134.0,12.600000000000001,12.46269,0.13730964660644673
2023-07-09 19:00:00,12.600000000000001,20.5,8.6,1.9000000000000001,134.0,13.700000000000001,12.508025,1.1919748306274425
2023-07-09 20:00:00,13.700000000000001,20.200000000000003,10.4,2.1,125.0,14.9,14.069062,0.830937767028809
2023-07-09 21:00:00,14.9,20.3,14.5,2.4000000000000004,114.0,15.100000000000001,15.495967,-0.39596691131591655
2023-07-09 22:00:00,15.100000000000001,21.6,20.0,2.5,101.0,15.4,16.038635,-0.6386352539062496
2023-07-09 23:00:00,15.4,23.0,26.5,2.3000000000000003,94.0,15.3,16.519587,-1.2195865631103509
2023-07-10 00:00:00,15.3,22.6,30.0,2.5,76.0,16.7,16.010826,0.6891738891601555
2023-07-10 01:00:00,16.7,25.3,32.1,2.7,65.0,20.6,17.833075,2.766925430297853
2023-07-10 02:00:00,20.6,27.6,30.8,2.5,60.0,22.400000000000002,20.762926,1.6370738983154318
2023-07-10 03:00:00,22.400000000000002,28.0,28.1,2.7,64.0,21.5,22.643696,-1.1436958312988281
2023-07-10 04:00:00,21.5,26.6,24.700000000000003,2.9000000000000004,59.0,22.900000000000002,21.603567,1.2964328765869162
2023-07-10 05:00:00,22.900000000000002,26.900000000000002,24.8,2.5,58.0,17.6,22.474363,-4.874363327026366
2023-07-10 06:00:00,17.6,26.900000000000002,26.200000000000003,2.6,54.0,20.400000000000002,18.633638,1.7663616180419943
2023-07-10 07:00:00,20.400000000000002,27.5,27.700000000000003,2.6,50.0,20.6,20.827524,-0.22752418518066264
2023-07-10 08:00:00,20.6,27.3,31.3,2.5,49.0,21.8,19.731934,2.0680664062500007
2023-07-10 09:00:00,21.8,29.8,31.0,3.2,52.0,19.700000000000003,19.859612,-0.1596115112304659
2023-07-10 10:00:00,19.700000000000003,27.400000000000002,27.3,3.4000000000000004,80.0,18.1,18.347761,-0.24776115417480327
2023-07-10 11:00:00,18.1,25.700000000000003,23.3,3.4000000000000004,95.0,17.1,16.881643,0.21835670471191548
2023-07-10 12:00:00,17.1,25.400000000000002,16.7,3.7,116.0,18.3,15.995551,2.304448890686036
2023-07-10 13:00:00,18.3,26.900000000000002,13.3,2.8000000000000003,134.0,18.400000000000002,17.169373,1.2306274414062521
2023-07-10 14:00:00,18.400000000000002,28.1,13.200000000000001,2.5,144.0,18.5,17.478537,1.021463394165039
2023-07-10 15:00:00,18.5,27.400000000000002,12.100000000000001,2.3000000000000003,155.0,17.5,17.766558,-0.2665576934814453
2023-07-10 16:00:00,17.5,26.6,10.5,1.9000000000000001,162.0,17.0,17.806368,-0.8063678741455078
2023-07-10 17:00:00,17.0,26.5,9.3,2.4000000000000004,161.0,17.3,17.537968,-0.23796768188476491
2023-07-10 18:00:00,17.3,26.0,10.100000000000001,2.3000000000000003,159.0,17.2,17.808018,-0.6080177307128913
2023-07-10 19:00:00,17.2,26.6,9.8,3.0,155.0,16.8,17.788042,-0.9880420684814446
2023-07-10 20:00:00,16.8,26.5,14.5,2.9000000000000004,142.0,18.400000000000002,17.566904,0.8330959320068381
2023-07-10 21:00:00,18.400000000000002,27.900000000000002,19.400000000000002,2.9000000000000004,128.0,20.200000000000003,19.532774,0.6672260284423857
2023-07-10 22:00:00,20.200000000000003,28.200000000000003,25.1,3.1,119.0,18.6,20.883978,-2.283977890014647
2023-07-10 23:00:00,18.6,28.5,28.700000000000003,3.1,110.0,18.6,19.60373,-1.0037292480468736
2023-07-11 00:00:00,18.6,28.0,30.5,3.1,82.0,18.5,19.336943,-0.8369426727294922
2023-07-11 01:00:00,18.5,27.400000000000002,29.6,3.0,71.0,20.200000000000003,19.084042,1.1159584045410185
2023-07-11 02:00:00,20.200000000000003,28.700000000000003,29.8,3.6,60.0,19.6,20.500105,-0.9001049041748033
2023-07-11 03:00:00,19.6,32.4,27.0,3.5,53.0,18.6,19.960192,-1.360191726684569
2023-07-11 04:00:00,18.6,32.2,23.5,3.0,52.0,19.700000000000003,19.100298,0.5997020721435575
2023-07-11 05:00:00,19.700000000000003,31.3,23.700000000000003,3.6,49.0,19.900000000000002,19.900566,-0.0005661010742166184
2023-07-11 06:00:00,19.900000000000002,32.1,28.5,3.5,37.0,21.1,20.392002,0.7079978942871108
2023-07-11 07:00:00,21.1,32.800000000000004,35.800000000000004,3.6,37.0,20.1,22.706066,-2.6060661315917955
2023-07-11 08:00:00,20.1,32.1,35.2,3.2,44.0,21.200000000000003,19.66493,1.5350696563720732
2023-07-11 09:00:00,21.200000000000003,33.7,34.6,3.2,64.0,20.5,19.84517,0.6548309326171875
2023-07-11 10:00:00,20.5,38.0,26.0,3.6,79.0,20.200000000000003,18.970554,1.2294456481933622
2023-07-11 11:00:00,20.200000000000003,37.1,18.5,3.2,100.0,19.900000000000002,18.895956,1.0040439605712912
2023-07-11 12:00:00,19.900000000000002,36.0,13.0,2.9000000000000004,121.0,17.3,18.89594,-1.5959407806396477
2023-07-11 13:00:00,17.3,34.4,11.600000000000001,2.8000000000000003,135.0,17.5,16.906725,0.5932750701904297
2023-07-11 14:00:00,17.5,33.300000000000004,10.3,2.9000000000000004,141.0,17.5,16.717491,0.7825088500976562
2023-07-11 15:00:00,17.5,32.2,9.600000000000001,3.1,147.0,16.6,16.321243,0.2787567138671889
2023-07-11 16:00:00,16.6,33.7,8.700000000000001,3.2,152.0,16.400000000000002,16.613409,-0.2134090423583963
2023-07-11 17:00:00,16.400000000000002,34.2,8.700000000000001,3.2,150.0,17.5,17.178928,0.3210716247558594
2023-07-11 18:00:00,17.5,32.800000000000004,8.9,3.6,150.0,17.8,18.10467,-0.30466957092285085
2023-07-11 19:00:00,17.8,34.0,11.0,4.0,145.0,17.5,19.280546,-1.7805461883544922
2023-07-11 20:00:00,17.5,33.2,14.3,4.0,138.0,18.2,18.695719,-0.4957187652587898
2023-07-11 21:00:00,18.2,32.4,16.900000000000002,3.7,129.0,19.0,19.48617,-0.48616981506347656
2023-07-11 22:00:00,19.0,32.9,21.0,3.6,111.0,19.5,20.744291,-1.2442913055419922
2023-07-11 23:00:00,19.5,35.800000000000004,21.400000000000002,3.8000000000000003,102.0,18.5,19.57015,-1.070150375366211
2023-07-12 00:00:00,18.5,36.7,19.400000000000002,3.7,95.0,18.0,19.374855,-1.3748550415039062
2023-07-12 01:00:00,18.0,38.2,16.900000000000002,3.7,81.0,18.1,18.497643,-0.39764251708984233
2023-07-12 02:00:00,18.1,36.4,14.8,2.1,76.0,15.5,18.675682,-3.1756820678710938
2023-07-12 03:00:00,15.5,34.2,11.200000000000001,2.0,80.0,13.700000000000001,15.681835,-1.9818351745605458
2023-07-12 04:00:00,13.700000000000001,28.700000000000003,10.200000000000001,2.5,75.0,13.3,13.926495,-0.6264945983886712
2023-07-12 05:00:00,13.3,30.0,10.100000000000001,2.0,72.0,13.9,13.824809,0.07519092559814489
2023-07-12 06:00:00,13.9,29.1,12.3,2.1,75.0,14.100000000000001,14.521303,-0.4213031768798814
2023-07-12 07:00:00,14.100000000000001,31.400000000000002,17.7,2.2,72.0,13.9,15.826861,-1.9268613815307614
2023-07-12 08:00:00,13.9,31.0,21.6,2.5,69.0,14.700000000000001,14.823142,-0.12314205169677628
2023-07-12 09:00:00,14.700000000000001,29.0,21.700000000000003,2.8000000000000003,75.0,14.3,14.21988,0.0801198959350593
2023-07-12 10:00:00,14.3,28.6,19.6,2.9000000000000004,82.0,14.0,14.232616,-0.23261642456054688
2023-07-12 11:00:00,14.0,28.200000000000003,15.100000000000001,2.4000000000000004,92.0,12.8,13.617087,-0.8170873641967766
2023-07-12 12:00:00,12.8,27.6,13.4,2.4000000000000004,94.0,12.700000000000001,12.669737,0.03026313781738388
2023-07-12 13:00:00,12.700000000000001,24.5,11.700000000000001,2.3000000000000003,91.0,11.9,12.238201,-0.3382011413574215
2023-07-12 14:00:00,11.9,23.200000000000003,10.9,1.9000000000000001,95.0,12.200000000000001,12.107617,0.09238262176513778
2023-07-12 15:00:00,12.200000000000001,23.8,9.4,1.4000000000000001,104.0,13.100000000000001,12.278014,0.8219858169555678
2023-07-12 16:00:00,13.100000000000001,23.8,9.0,1.8,109.0,14.100000000000001,13.005621,1.094379043579103
2023-07-12 17:00:00,14.100000000000001,26.400000000000002,9.0,2.0,108.0,14.5,14.175009,0.32499122619628906
2023-07-12 18:00:00,14.5,25.400000000000002,10.4,2.0,106.0,14.200000000000001,14.340451,-0.14045124053954972
2023-07-12 19:00:00,14.200000000000001,25.8,12.100000000000001,1.9000000000000001,104.0,14.4,14.565937,-0.16593704223632777
2023-07-12 20:00:00,14.4,24.5,14.700000000000001,2.1,97.0,13.8,15.444257,-1.6442567825317376
2023-07-12 21:00:00,13.8,26.5,18.400000000000002,2.1,93.0,13.5,15.200223,-1.7002229690551758
2023-07-12 22:00:00,13.5,25.3,20.6,2.5,87.0,12.9,14.794926,-1.8949256896972653
2023-07-12 23:00:00,12.9,25.6,20.0,2.5,80.0,12.9,13.245517,-0.34551677703857386
2023-07-13 00:00:00,12.9,23.900000000000002,18.5,1.9000000000000001,77.0,12.600000000000001,12.79375,-0.1937498092651353
2023-07-13 01:00:00,12.600000000000001,23.3,14.9,1.9000000000000001,73.0,12.0,12.731615,-0.7316150665283203
2023-07-13 02:00:00,12.0,22.5,11.200000000000001,2.3000000000000003,68.0,12.4,12.542239,-0.14223918914794886
2023-07-13 03:00:00,12.4,19.8,13.0,1.9000000000000001,68.0,13.700000000000001,12.741322,0.9586784362792979
2023-07-13 04:00:00,13.700000000000001,19.0,11.8,2.0,60.0,12.9,13.580079,-0.680079078674316
2023-07-13 05:00:00,12.9,18.1,11.600000000000001,2.3000000000000003,54.0,10.3,12.679647,-2.3796474456787102
2023-07-13 06:00:00,10.3,15.600000000000001,12.700000000000001,1.7000000000000002,51.0,7.1000000000000005,11.157017,-4.05701675415039
2023-07-13 07:00:00,7.1000000000000005,14.4,14.600000000000001,1.7000000000000002,42.0,9.200000000000001,8.451678,0.7483217239379893
2023-07-13 08:00:00,9.200000000000001,14.0,19.700000000000003,1.6,44.0,9.4,8.825796,0.5742038726806644
2023-07-13 09:00:00,9.4,14.600000000000001,22.3,2.0,42.0,9.0,8.924984,0.07501602172851562
2023-07-13 10:00:00,9.0,15.200000000000001,20.400000000000002,2.0,45.0,7.800000000000001,8.522364,-0.7223636627197259
2023-07-13 11:00:00,7.800000000000001,14.600000000000001,16.7,2.1,58.0,8.5,7.761635,0.7383651733398438
2023-07-13 12:00:00,8.5,14.200000000000001,11.5,1.3,78.0,8.200000000000001,7.7263756,0.4736244201660167
2023-07-13 13:00:00,8.200000000000001,13.600000000000001,8.0,1.1,103.0,8.1,8.086907,0.013092613220214488
2023-07-13 14:00:00,8.1,14.100000000000001,7.6000000000000005,1.1,122.0,8.5,8.146972,0.3530282974243164
2023-07-13 15:00:00,8.5,15.600000000000001,7.2,0.9,117.0,8.3,8.472328,-0.17232818603515554
2023-07-13 16:00:00,8.3,14.100000000000001,7.5,1.0,120.0,8.1,8.313966,-0.21396579742431676
2023-07-13 17:00:00,8.1,15.600000000000001,7.9,1.1,131.0,8.200000000000001,8.402984,-0.20298366546630753
2023-07-13 18:00:00,8.200000000000001,15.9,9.8,1.1,130.0,8.700000000000001,8.425626,0.2743741989135753
2023-07-13 19:00:00,8.700000000000001,16.8,11.3,1.0,125.0,9.4,9.716039,-0.3160387039184567
2023-07-13 20:00:00,9.4,17.2,14.0,1.2000000000000002,122.0,9.600000000000001,10.773646,-1.1736463546752915
2023-07-13 21:00:00,9.600000000000001,17.6,16.0,1.4000000000000001,90.0,10.200000000000001,10.731039,-0.5310390472412099
2023-07-13 22:00:00,10.200000000000001,18.400000000000002,24.400000000000002,1.5,63.0,8.700000000000001,11.225998,-2.5259979248046864
2023-07-13 23:00:00,8.700000000000001,17.2,27.8,1.5,50.0,9.200000000000001,9.879708,-0.6797082901000966
2023-07-14 00:00:00,9.200000000000001,16.3,24.3,1.0,53.0,9.4,9.613228,-0.2132278442382809
2023-07-14 01:00:00,9.4,17.2,20.200000000000003,1.0,53.0,9.200000000000001,9.724583,-0.5245826721191396
2023-07-14 02:00:00,9.200000000000001,19.5,15.8,1.0,62.0,12.3,10.00882,2.2911804199218757
2023-07-14 03:00:00,12.3,18.8,15.700000000000001,1.1,56.0,11.4,12.079732,-0.6797319412231442
2023-07-14 04:00:00,11.4,12.8,10.0,1.2000000000000002,57.0,9.4,10.664604,-1.2646041870117184
2023-07-14 05:00:00,9.4,11.200000000000001,8.700000000000001,0.9,67.0,10.100000000000001,9.126178,0.9738222122192397
2023-07-14 06:00:00,10.100000000000001,11.4,9.1,0.7000000000000001,72.0,11.600000000000001,9.8276,1.7724004745483413
2023-07-14 07:00:00,11.600000000000001,12.5,13.0,1.0,53.0,11.9,11.404011,0.49598922729492223
2023-07-14 08:00:00,11.9,11.9,15.0,1.0,45.0,11.0,10.49788,0.5021200180053711
2023-07-14 09:00:00,11.0,12.700000000000001,15.700000000000001,0.9,44.0,9.3,9.551478,-0.25147838592529226
2023-07-14 10:00:00,9.3,12.100000000000001,12.700000000000001,1.0,56.0,7.300000000000001,8.6236725,-1.3236724853515618
2023-07-14 11:00:00,7.300000000000001,10.9,8.6,0.8,74.0,7.1000000000000005,6.8561697,0.24383029937744194
2023-07-14 12:00:00,7.1000000000000005,10.5,8.3,0.8,86.0,6.300000000000001,6.6319857,-0.33198566436767507
2023-07-14 13:00:00,6.300000000000001,11.3,7.9,0.8,93.0,7.2,6.3236403,0.8763596534729006
2023-07-14 14:00:00,7.2,11.200000000000001,6.1000000000000005,0.8,99.0,7.0,7.1779003,-0.1779003143310547
2023-07-14 15:00:00,7.0,11.5,6.9,0.7000000000000001,106.0,7.4,7.239225,0.16077508926391637
2023-07-14 16:00:00,7.4,13.600000000000001,6.800000000000001,0.8,109.0,7.6000000000000005,7.607258,-0.007257843017577592
2023-07-14 17:00:00,7.6000000000000005,13.200000000000001,8.5,0.8,112.0,8.3,7.875204,0.4247959136962898
2023-07-14 18:00:00,8.3,12.4,11.5,0.9,112.0,7.800000000000001,8.547034,-0.7470342636108391
2023-07-14 19:00:00,7.800000000000001,12.200000000000001,11.700000000000001,1.0,108.0,8.5,8.35357,0.14643001556396484
2023-07-14 20:00:00,8.5,12.0,13.600000000000001,1.2000000000000002,103.0,9.5,8.9357195,0.5642805099487305
2023-07-14 21:00:00,9.5,15.5,22.900000000000002,1.4000000000000001,67.0,11.200000000000001,10.640302,0.5596982955932628
2023-07-14 22:00:00,11.200000000000001,15.3,30.6,1.8,53.0,12.0,11.901581,0.098419189453125
2023-07-14 23:00:00,12.0,16.900000000000002,37.7,2.0,49.0,11.700000000000001,12.717525,-1.017524528503417
2023-07-15 00:00:00,11.700000000000001,15.600000000000001,41.2,2.2,41.0,11.700000000000001,11.565381,0.13461894989013778
2023-07-15 01:00:00,11.700000000000001,14.3,37.800000000000004,2.0,32.0,12.9,11.429454,1.4705461502075199
2023-07-15 02:00:00,12.9,15.100000000000001,29.900000000000002,1.6,31.0,13.9,12.475981,1.4240192413330082
2023-07-15 03:00:00,13.9,16.7,19.6,1.4000000000000001,39.0,14.200000000000001,13.21408,0.9859201431274425
2023-07-15 04:00:00,14.200000000000001,16.900000000000002,18.7,1.3,41.0,15.4,13.549068,1.850931549072266
2023-07-15 05:00:00,15.4,17.5,19.8,1.2000000000000002,32.0,14.700000000000001,14.71195,-0.011950302124022372
2023-07-15 06:00:00,14.700000000000001,18.0,21.5,1.5,25.0,17.3,14.98342,2.3165796279907234
2023-07-15 07:00:00,17.3,18.7,22.3,1.7000000000000002,25.0,17.1,16.971024,0.12897644042968892
2023-07-15 08:00:00,17.1,22.8,24.6,1.8,46.0,19.700000000000003,16.507988,3.192012023925784
2023-07-15 09:00:00,19.700000000000003,22.1,24.6,2.1,64.0,17.2,17.515417,-0.31541709899902415
2023-07-15 10:00:00,17.2,19.200000000000003,20.900000000000002,2.0,67.0,17.2,15.528254,1.6717464447021477
2023-07-15 11:00:00,17.2,20.3,13.9,1.6,98.0,14.9,15.807066,-0.9070659637451168
2023-07-15 12:00:00,14.9,19.1,9.4,1.0,115.0,14.3,13.420258,0.8797424316406257
2023-07-15 13:00:00,14.3,18.2,7.7,0.9,120.0,13.5,13.086815,0.41318511962890625
2023-07-15 14:00:00,13.5,17.1,6.0,0.9,127.0,11.9,12.678776,-0.7787757873535153
2023-07-15 15:00:00,11.9,18.0,4.9,0.9,131.0,11.9,11.6561365,0.2438634872436527
2023-07-15 16:00:00,11.9,16.1,4.800000000000001,0.8,131.0,11.5,11.554707,-0.054706573486328125
2023-07-15 17:00:00,11.5,17.2,5.4,0.8,130.0,11.8,11.523208,0.2767923355102546
2023-07-15 18:00:00,11.8,19.0,6.0,0.9,129.0,12.3,11.413682,0.8863180160522468
2023-07-15 19:00:00,12.3,18.7,7.0,1.0,130.0,12.9,11.798232,1.1017679214477543
2023-07-15 20:00:00,12.9,19.6,9.3,1.2000000000000002,123.0,14.5,12.645952,1.8540477752685547
2023-07-15 21:00:00,14.5,20.3,13.5,1.3,104.0,14.8,14.794714,0.005286026000977273
2023-07-15 22:00:00,14.8,20.1,18.5,1.5,77.0,15.4,15.118504,0.28149642944335973
2023-07-15 23:00:00,15.4,19.8,21.8,1.6,65.0,15.8,15.313252,0.4867475509643562
2023-07-16 00:00:00,15.8,20.8,27.8,1.7000000000000002,58.0,15.200000000000001,15.404048,-0.2040479660034169
2023-07-16 01:00:00,15.200000000000001,17.900000000000002,23.400000000000002,1.2000000000000002,64.0,13.600000000000001,14.644288,-1.044288063049315
2023-07-16 02:00:00,13.600000000000001,20.0,20.5,1.3,59.0,15.100000000000001,13.662846,1.4371543884277358
2023-07-16 03:00:00,15.100000000000001,20.0,22.3,1.5,51.0,16.5,14.994266,1.5057344436645508
2023-07-16 04:00:00,16.5,19.900000000000002,20.400000000000002,1.1,43.0,16.3,16.045416,0.2545841217041023
2023-07-16 05:00:00,16.3,20.900000000000002,21.0,1.3,37.0,15.600000000000001,16.001232,-0.40123214721679545
2023-07-16 06:00:00,15.600000000000001,20.400000000000002,21.900000000000002,1.8,39.0,16.7,16.113005,0.5869953155517571
2023-07-16 07:00:00,16.7,20.400000000000002,19.5,2.1,26.0,16.5,16.985434,-0.48543357849121094
2023-07-16 08:00:00,16.5,21.200000000000003,21.0,2.3000000000000003,30.0,15.9,15.521787,0.3782133102416996
2023-07-16 09:00:00,15.9,21.3,17.2,2.0,65.0,12.200000000000001,14.554888,-2.3548877716064442
2023-07-16 10:00:00,12.200000000000001,17.5,10.4,2.3000000000000003,81.0,13.0,11.605154,1.394845962524414
2023-07-16 11:00:00,13.0,18.1,7.2,1.5,101.0,13.100000000000001,12.119521,0.9804788589477553
2023-07-16 12:00:00,13.100000000000001,18.2,5.300000000000001,1.4000000000000001,111.0,12.5,12.255429,0.24457073211669922
2023-07-16 13:00:00,12.5,17.2,4.9,1.3,115.0,12.3,11.851705,0.4482954025268562
2023-07-16 14:00:00,12.3,18.2,4.1000000000000005,1.2000000000000002,122.0,12.4,11.9227085,0.4772914886474613
2023-07-16 15:00:00,12.4,19.200000000000003,4.3,1.2000000000000002,126.0,12.4,12.258876,0.1411241531372074
2023-07-16 16:00:00,12.4,19.900000000000002,4.3,1.2000000000000002,128.0,12.5,12.417447,0.08255290985107422
2023-07-16 17:00:00,12.5,18.8,4.4,0.9,130.0,12.9,12.093067,0.8069328308105472
2023-07-16 18:00:00,12.9,18.2,4.800000000000001,1.0,133.0,13.0,12.055265,0.9447345733642578
2023-07-16 19:00:00,13.0,19.5,6.9,1.1,129.0,13.700000000000001,12.735126,0.9648744583129893
2023-07-16 20:00:00,13.700000000000001,21.900000000000002,12.600000000000001,1.2000000000000002,120.0,13.4,14.565152,-1.1651521682739254
2023-07-16 21:00:00,13.4,21.0,16.2,1.4000000000000001,93.0,15.0,14.232967,0.7670326232910156
2023-07-16 22:00:00,15.0,22.400000000000002,19.200000000000003,1.6,80.0,14.200000000000001,15.659729,-1.459729003906249
2023-07-16 23:00:00,14.200000000000001,23.700000000000003,14.0,1.7000000000000002,63.0,12.3,14.500311,-2.2003108978271477
2023-07-17 00:00:00,12.3,22.8,15.200000000000001,2.1,58.0,12.200000000000001,12.432381,-0.23238067626953018
2023-07-17 01:00:00,12.200000000000001,22.6,13.3,2.2,59.0,11.200000000000001,12.576296,-1.3762958526611317
2023-07-17 02:00:00,11.200000000000001,22.700000000000003,12.8,1.7000000000000002,60.0,12.8,12.000313,0.7996871948242195
2023-07-17 03:00:00,12.8,25.900000000000002,13.5,2.3000000000000003,61.0,15.200000000000001,13.026475,2.173525047302247
2023-07-17 04:00:00,15.200000000000001,23.8,14.9,1.8,56.0,15.700000000000001,15.18435,0.5156499862670909
2023-07-17 05:00:00,15.700000000000001,23.6,12.3,1.9000000000000001,44.0,16.7,15.649705,1.0502950668334954
2023-07-17 06:00:00,16.7,23.400000000000002,15.200000000000001,2.1,45.0,16.7,17.445751,-0.7457511901855476
2023-07-17 07:00:00,16.7,23.400000000000002,19.200000000000003,2.1,36.0,17.400000000000002,17.868368,-0.4683681488037088
2023-07-17 08:00:00,17.400000000000002,26.700000000000003,19.700000000000003,2.0,46.0,16.900000000000002,17.029428,-0.12942848205566193
2023-07-17 09:00:00,16.900000000000002,25.0,18.0,2.4000000000000004,60.0,16.3,15.630302,0.669697570800782
2023-07-17 10:00:00,16.3,24.1,16.1,2.2,82.0,15.3,15.193656,0.10634403228759837
2023-07-17 11:00:00,15.3,26.0,11.200000000000001,1.9000000000000001,104.0,16.0,14.051283,1.9487171173095703
2023-07-17 12:00:00,16.0,25.400000000000002,9.0,1.8,125.0,15.3,14.81503,0.48496990203857493
2023-07-17 13:00:00,15.3,24.6,7.6000000000000005,1.6,132.0,14.8,14.288771,0.511229324340821
2023-07-17 14:00:00,14.8,26.700000000000003,7.4,1.5,137.0,14.700000000000001,14.104275,0.5957252502441417
2023-07-17 15:00:00,14.700000000000001,24.5,6.9,1.2000000000000002,137.0,13.8,13.892655,-0.0926553726196282
2023-07-17 16:00:00,13.8,23.8,7.6000000000000005,1.1,139.0,13.4,13.656004,-0.25600395202636683
2023-07-17 17:00:00,13.4,20.8,7.5,1.3,136.0,14.3,13.301981,0.9980190277099616
2023-07-17 18:00:00,14.3,22.5,8.1,1.3,136.0,14.700000000000001,14.124413,0.5755874633789073
2023-07-17 19:00:00,14.700000000000001,22.8,9.600000000000001,1.4000000000000001,137.0,15.0,15.015166,-0.015166282653808594
2023-07-17 20:00:00,15.0,25.5,14.600000000000001,1.6,132.0,16.7,15.575641,1.1243593215942376
2023-07-17 21:00:00,16.7,22.8,13.100000000000001,2.0,123.0,16.5,17.21814,-0.7181396484375
2023-07-17 22:00:00,16.5,25.1,13.700000000000001,2.2,102.0,14.700000000000001,17.255638,-2.5556381225585927
2023-07-17 23:00:00,14.700000000000001,24.5,14.200000000000001,2.4000000000000004,83.0,13.3,14.470009,-1.1700088500976555
2023-07-18 00:00:00,13.3,23.700000000000003,11.0,2.7,69.0,12.200000000000001,13.223522,-1.0235221862792958
2023-07-18 01:00:00,12.200000000000001,23.5,9.3,1.8,66.0,12.600000000000001,12.316191,0.28380928039550923
2023-07-18 02:00:00,12.600000000000001,24.200000000000003,8.8,1.7000000000000002,68.0,12.100000000000001,12.0845375,0.015462493896485796
2023-07-18 03:00:00,12.100000000000001,24.6,8.5,1.6,64.0,12.200000000000001,12.023168,0.17683238983154403
2023-07-18 04:00:00,12.200000000000001,28.200000000000003,9.3,2.2,60.0,12.3,12.254671,0.0453289031982429
2023-07-18 05:00:00,12.3,26.700000000000003,9.9,2.1,56.0,12.700000000000001,12.550887,0.14911289215087997
2023-07-18 06:00:00,12.700000000000001,26.700000000000003,12.0,2.3000000000000003,53.0,13.600000000000001,13.236986,0.3630138397216811
2023-07-18 07:00:00,13.600000000000001,26.6,14.5,2.8000000000000003,50.0,14.200000000000001,14.549251,-0.3492506027221669
2023-07-18 08:00:00,14.200000000000001,28.0,15.0,2.7,48.0,14.100000000000001,13.911367,0.18863258361816548
2023-07-18 09:00:00,14.100000000000001,27.8,17.0,2.0,45.0,15.0,13.686236,1.3137636184692383
2023-07-18 10:00:00,15.0,30.3,18.0,1.5,60.0,14.600000000000001,13.641476,0.958524322509767
2023-07-18 11:00:00,14.600000000000001,28.200000000000003,14.8,1.4000000000000001,72.0,14.4,13.41525,0.9847501754760746
2023-07-18 12:00:00,14.4,27.8,13.0,1.4000000000000001,89.0,15.4,13.697915,1.7020849227905277
2023-07-18 13:00:00,15.4,29.3,11.9,1.4000000000000001,104.0,15.5,14.212238,1.2877616882324219
2023-07-18 14:00:00,15.5,30.5,10.5,1.3,122.0,15.8,15.011219,0.7887809753417976
2023-07-18 15:00:00,15.8,30.900000000000002,8.9,1.3,126.0,15.600000000000001,14.968492,0.6315084457397475
2023-07-18 16:00:00,15.600000000000001,32.6,8.200000000000001,1.2000000000000002,133.0,15.600000000000001,15.345666,0.25433406829834126
2023-07-18 17:00:00,15.600000000000001,32.800000000000004,8.6,1.3,135.0,15.4,16.186693,-0.78669319152832
2023-07-18 18:00:00,15.4,34.9,9.200000000000001,1.2000000000000002,132.0,16.3,15.919466,0.3805339813232429
2023-07-18 19:00:00,16.3,33.6,9.8,1.4000000000000001,132.0,16.2,16.676266,-0.4762657165527351
2023-07-18 20:00:00,16.2,33.300000000000004,12.9,1.7000000000000002,125.0,16.5,16.959616,-0.45961570739746094
2023-07-18 21:00:00,16.5,33.1,16.2,1.7000000000000002,112.0,17.0,17.344818,-0.344818115234375
2023-07-18 22:00:00,17.0,31.6,16.900000000000002,1.8,103.0,17.1,18.488174,-1.388174438476561
2023-07-18 23:00:00,17.1,33.6,19.900000000000002,1.7000000000000002,89.0,16.2,17.371487,-1.17148666381836
2023-07-19 00:00:00,16.2,29.900000000000002,20.5,1.9000000000000001,85.0,16.0,16.615759,-0.6157588958740234
2023-07-19 01:00:00,16.0,30.3,14.600000000000001,1.8,74.0,15.9,15.150219,0.7497810363769535
2023-07-19 02:00:00,15.9,29.6,12.5,1.9000000000000001,64.0,14.9,15.645734,-0.7457338333129879
2023-07-19 03:00:00,14.9,28.5,12.3,2.1,58.0,16.1,14.491498,1.6085020065307631
2023-07-19 04:00:00,16.1,30.8,13.600000000000001,2.2,58.0,16.0,16.709969,-0.7099685668945312
2023-07-19 05:00:00,16.0,31.1,12.8,1.6,53.0,16.2,16.145535,0.054465484619139914
2023-07-19 06:00:00,16.2,27.200000000000003,13.8,1.8,48.0,15.5,16.873549,-1.3735485076904297
2023-07-19 07:00:00,15.5,26.8,18.400000000000002,2.1,44.0,15.100000000000001,16.166601,-1.066601181030272
2023-07-19 08:00:00,15.100000000000001,29.0,16.3,1.6,43.0,14.5,14.164817,0.33518314361572266
2023-07-19 09:00:00,14.5,29.5,19.700000000000003,2.2,35.0,15.700000000000001,13.937393,1.7626068115234386
2023-07-19 10:00:00,15.700000000000001,30.200000000000003,17.8,2.3000000000000003,59.0,15.8,14.293257,1.506743240356446
2023-07-19 11:00:00,15.8,27.900000000000002,15.9,2.5,80.0,16.0,14.928126,1.071873664855957
2023-07-19 12:00:00,16.0,28.0,12.8,2.6,98.0,15.5,15.202647,0.29735279083251953
2023-07-19 13:00:00,15.5,28.5,12.3,2.3000000000000003,109.0,16.1,14.730619,1.3693805694580092
2023-07-19 14:00:00,16.1,29.700000000000003,10.3,2.3000000000000003,114.0,16.8,15.5884075,1.2115924835205085
2023-07-19 15:00:00,16.8,30.1,9.5,2.2,121.0,17.1,15.862144,1.2378555297851577
2023-07-19 16:00:00,17.1,29.6,8.8,2.2,130.0,17.3,16.698313,0.6016872406005866
2023-07-19 17:00:00,17.3,31.5,8.5,1.8,133.0,17.8,18.164734,-0.3647338867187493
2023-07-19 18:00:00,17.8,31.900000000000002,8.8,1.9000000000000001,128.0,17.2,19.712872,-2.5128715515136726
2023-07-19 19:00:00,17.2,30.200000000000003,9.700000000000001,1.8,126.0,17.0,17.271156,-0.27115631103515625
2023-07-19 20:00:00,17.0,31.900000000000002,13.200000000000001,1.9000000000000001,125.0,17.400000000000002,19.65216,-2.252160644531248
2023-07-19 21:00:00,17.400000000000002,32.800000000000004,13.3,1.9000000000000001,112.0,16.900000000000002,18.500341,-1.6003414154052713
2023-07-19 22:00:00,16.900000000000002,32.1,15.5,2.1,105.0,17.8,17.938398,-0.13839836120605398
2023-07-19 23:00:00,17.8,31.700000000000003,15.4,2.1,88.0,17.3,18.355532,-1.055531692504882
2023-07-20 00:00:00,17.3,31.8,13.600000000000001,2.2,74.0,15.100000000000001,17.542393,-2.442392730712889
2023-07-20 01:00:00,15.100000000000001,29.6,15.700000000000001,2.3000000000000003,69.0,13.600000000000001,14.903528,-1.3035282135009751
2023-07-20 02:00:00,13.600000000000001,29.400000000000002,15.0,2.6,62.0,13.200000000000001,13.784783,-0.5847833633422841
2023-07-20 03:00:00,13.200000000000001,25.200000000000003,13.5,2.7,58.0,13.200000000000001,13.51206,-0.31206016540527237
2023-07-20 04:00:00,13.200000000000001,22.6,11.100000000000001,2.4000000000000004,62.0,13.4,13.491499,-0.09149894714355433
2023-07-20 05:00:00,13.4,23.200000000000003,9.5,2.3000000000000003,75.0,14.5,13.878919,0.6210813522338867
2023-07-20 06:00:00,14.5,20.0,11.5,2.5,72.0,13.600000000000001,15.286382,-1.6863817214965806
2023-07-20 07:00:00,13.600000000000001,21.400000000000002,14.9,2.1,65.0,15.100000000000001,14.623164,0.47683582305908345
2023-07-20 08:00:00,15.100000000000001,22.700000000000003,19.1,2.2,62.0,14.8,14.737883,0.06211738586425852
2023-07-20 09:00:00,14.8,23.1,18.8,2.6,64.0,15.4,13.792415,1.6075853347778324
2023-07-20 10:00:00,15.4,24.1,16.8,2.6,69.0,13.9,14.102214,-0.2022138595581051
2023-07-20 11:00:00,13.9,23.0,15.8,2.8000000000000003,89.0,13.9,13.293491,0.6065086364746097
2023-07-20 12:00:00,13.9,24.3,14.700000000000001,2.5,106.0,14.700000000000001,13.319486,1.3805143356323253
2023-07-20 13:00:00,14.700000000000001,24.5,11.8,2.1,116.0,13.3,13.903984,-0.603984069824218
2023-07-20 14:00:00,13.3,21.200000000000003,9.9,2.1,123.0,13.600000000000001,12.793663,0.8063369750976577
2023-07-20 15:00:00,13.600000000000001,20.400000000000002,9.700000000000001,2.0,131.0,13.3,13.408517,-0.10851688385009695
2023-07-20 16:00:00,13.3,21.900000000000002,9.3,2.2,134.0,12.9,13.295067,-0.3950668334960934
2023-07-20 17:00:00,12.9,21.700000000000003,8.8,1.8,138.0,12.9,12.567752,0.33224811553955114
2023-07-20 18:00:00,12.9,22.1,8.9,2.4000000000000004,136.0,13.5,12.602101,0.8978986740112305
2023-07-20 19:00:00,13.5,21.1,9.0,2.5,141.0,14.0,13.622578,0.3774223327636719
2023-07-20 20:00:00,14.0,20.8,11.9,2.9000000000000004,130.0,14.100000000000001,14.538156,-0.43815555572509624
2023-07-20 21:00:00,14.100000000000001,21.6,16.2,3.0,124.0,14.700000000000001,14.816152,-0.11615161895751847
2023-07-20 22:00:00,14.700000000000001,21.1,19.400000000000002,3.1,113.0,14.5,15.231944,-0.7319440841674805
2023-07-20 23:00:00,14.5,23.1,20.3,2.9000000000000004,97.0,13.700000000000001,14.8436,-1.1436002731323232
2023-07-21 00:00:00,13.700000000000001,21.3,19.0,2.4000000000000004,103.0,13.0,13.22939,-0.22939014434814453
2023-07-21 01:00:00,13.0,20.8,15.100000000000001,1.8,98.0,12.3,12.482902,-0.18290157318115163
2023-07-21 02:00:00,12.3,20.700000000000003,12.9,2.0,90.0,11.9,12.593687,-0.6936870574951168
2023-07-21 03:00:00,11.9,18.6,14.700000000000001,2.2,80.0,12.100000000000001,12.327106,-0.2271064758300767
2023-07-21 04:00:00,12.100000000000001,17.8,14.4,2.4000000000000004,75.0,12.200000000000001,12.324041,-0.12404136657714737
2023-07-21 05:00:00,12.200000000000001,17.6,13.8,2.6,69.0,12.600000000000001,12.358694,0.24130592346191548
2023-07-21 06:00:00,12.600000000000001,17.400000000000002,13.700000000000001,2.8000000000000003,63.0,11.600000000000001,12.942544,-1.3425439834594712
2023-07-21 07:00:00,11.600000000000001,15.200000000000001,21.1,2.2,68.0,11.600000000000001,12.377305,-0.7773050308227525
2023-07-21 08:00:00,11.600000000000001,14.5,20.5,1.9000000000000001,67.0,10.700000000000001,10.972063,-0.27206306457519425
2023-07-21 09:00:00,10.700000000000001,16.900000000000002,20.200000000000003,2.7,69.0,11.5,10.407586,1.0924139022827148
2023-07-21 10:00:00,11.5,17.6,18.6,3.0,69.0,11.600000000000001,11.112523,0.4874769210815444
2023-07-21 11:00:00,11.600000000000001,18.3,18.6,2.6,86.0,11.5,11.234111,0.26588916778564453
2023-07-21 12:00:00,11.5,17.1,15.600000000000001,2.6,92.0,10.600000000000001,11.160967,-0.5609668731689439
2023-07-21 13:00:00,10.600000000000001,15.5,12.200000000000001,2.5,94.0,10.700000000000001,10.438496,0.26150436401367294
2023-07-21 14:00:00,10.700000000000001,14.3,12.600000000000001,2.2,93.0,10.100000000000001,10.55583,-0.45583000183105327
2023-07-21 15:00:00,10.100000000000001,14.100000000000001,12.5,2.5,94.0,10.3,10.174401,0.12559871673584055
2023-07-21 16:00:00,10.3,13.8,12.100000000000001,2.4000000000000004,106.0,9.600000000000001,10.009336,-0.40933647155761577
2023-07-21 17:00:00,9.600000000000001,12.8,11.4,2.4000000000000004,113.0,10.5,9.819031,0.68096923828125
2023-07-21 18:00:00,10.5,12.700000000000001,11.9,2.2,118.0,11.200000000000001,10.662962,0.5370380401611339
2023-07-21 19:00:00,11.200000000000001,13.600000000000001,12.4,2.3000000000000003,123.0,10.4,11.781394,-1.381394004821777
2023-07-21 20:00:00,10.4,13.200000000000001,16.900000000000002,2.4000000000000004,116.0,10.200000000000001,11.593272,-1.3932722091674794
2023-07-21 21:00:00,10.200000000000001,13.600000000000001,18.5,2.7,107.0,10.5,11.038415,-0.5384149551391602
2023-07-21 22:00:00,10.5,13.8,18.2,2.7,99.0,10.8,10.94688,-0.14688034057617116
2023-07-21 23:00:00,10.8,14.3,21.0,2.9000000000000004,90.0,10.600000000000001,10.784676,-0.18467559814452983
2023-07-22 00:00:00,10.600000000000001,15.9,17.8,2.5,81.0,10.9,10.678116,0.22188415527343786
2023-07-22 01:00:00,10.9,15.600000000000001,16.2,2.4000000000000004,66.0,12.5,10.730008,1.7699918746948242
2023-07-22 02:00:00,12.5,18.3,16.400000000000002,2.3000000000000003,63.0,13.0,12.418101,0.5818986892700195
2023-07-22 03:00:00,13.0,15.700000000000001,18.5,2.0,57.0,13.700000000000001,12.503251,1.1967489242553722
2023-07-22 04:00:00,13.700000000000001,14.8,17.6,1.9000000000000001,52.0,15.200000000000001,12.899807,2.3001930236816417
2023-07-22 05:00:00,15.200000000000001,16.3,16.1,2.1,48.0,16.400000000000002,14.385408,2.0145915985107443
2023-07-22 06:00:00,16.400000000000002,16.400000000000002,15.9,2.3000000000000003,44.0,15.700000000000001,15.613236,0.08676357269287216
2023-07-22 07:00:00,15.700000000000001,15.700000000000001,20.400000000000002,2.2,42.0,16.0,15.301615,0.6983852386474609
2023-07-22 08:00:00,16.0,17.900000000000002,19.8,2.2,42.0,12.9,14.737147,-1.8371473312377926
2023-07-22 09:00:00,12.9,15.600000000000001,20.0,2.3000000000000003,48.0,11.3,11.521,-0.22099990844726491
2023-07-22 10:00:00,11.3,15.0,15.9,2.3000000000000003,55.0,11.600000000000001,10.633647,0.966353034973146
2023-07-22 11:00:00,11.600000000000001,15.0,12.600000000000001,2.3000000000000003,68.0,11.4,10.954471,0.44552936553955114
2023-07-22 12:00:00,11.4,14.700000000000001,10.4,2.5,72.0,9.600000000000001,10.873956,-1.2739557266235337
2023-07-22 13:00:00,9.600000000000001,13.0,8.9,2.4000000000000004,82.0,8.700000000000001,9.387264,-0.6872642517089833
2023-07-22 14:00:00,8.700000000000001,11.700000000000001,7.4,2.3000000000000003,95.0,9.0,8.683408,0.3165922164916992
2023-07-22 15:00:00,9.0,11.0,6.300000000000001,2.5,103.0,8.200000000000001,8.708192,-0.5081918716430653
2023-07-22 16:00:00,8.200000000000001,10.700000000000001,6.2,1.9000000000000001,109.0,8.5,7.9841495,0.5158505439758301
2023-07-22 17:00:00,8.5,10.5,5.7,1.8,114.0,9.4,8.222396,1.1776041030883793
2023-07-22 18:00:00,9.4,11.3,6.300000000000001,1.9000000000000001,117.0,9.200000000000001,9.49875,-0.29874973297119034
2023-07-22 19:00:00,9.200000000000001,11.9,7.1000000000000005,2.2,118.0,9.9,9.682429,0.2175706863403324
2023-07-22 20:00:00,9.9,12.100000000000001,8.4,2.4000000000000004,113.0,11.200000000000001,10.265463,0.9345371246337901
2023-07-22 21:00:00,11.200000000000001,13.4,12.600000000000001,2.6,105.0,12.5,11.610982,0.8890180587768555
2023-07-22 22:00:00,12.5,13.9,15.0,2.7,97.0,13.700000000000001,12.168608,1.5313922882080089
2023-07-22 23:00:00,13.700000000000001,14.5,17.6,2.7,88.0,12.9,12.955462,-0.055462455749511363
2023-07-23 00:00:00,12.9,15.3,18.0,2.4000000000000004,79.0,12.4,12.172502,0.22749843597412145
2023-07-23 01:00:00,12.4,16.400000000000002,18.2,2.4000000000000004,75.0,13.4,11.989499,1.4105009078979496
2023-07-23 02:00:00,13.4,18.2,16.3,2.2,73.0,13.4,13.283772,0.11622753143310582
2023-07-23 03:00:00,13.4,17.6,15.100000000000001,2.1,68.0,15.4,13.135364,2.2646364212036136
2023-07-23 04:00:00,15.4,20.0,15.4,2.0,61.0,14.5,15.18339,-0.6833896636962891
2023-07-23 05:00:00,14.5,20.0,14.5,2.0,56.0,14.8,14.53729,0.26271038055419993
2023-07-23 06:00:00,14.8,18.5,12.0,2.4000000000000004,60.0,15.200000000000001,14.890561,0.3094388961792003
2023-07-23 07:00:00,15.200000000000001,19.700000000000003,14.5,2.4000000000000004,68.0,13.100000000000001,15.762243,-2.662243270874022
2023-07-23 08:00:00,13.100000000000001,16.7,13.100000000000001,1.9000000000000001,70.0,15.4,12.372459,3.0275405883789066
2023-07-23 09:00:00,15.4,20.200000000000003,15.100000000000001,1.9000000000000001,63.0,15.4,14.171541,1.2284587860107425
2023-07-23 10:00:00,15.4,23.200000000000003,13.0,2.1,81.0,15.3,14.689282,0.6107175827026374
2023-07-23 11:00:00,15.3,22.8,9.8,2.4000000000000004,84.0,14.100000000000001,14.31159,-0.21159019470214702
2023-07-23 12:00:00,14.100000000000001,21.0,8.5,2.1,97.0,12.5,13.359649,-0.8596487045288086
2023-07-23 13:00:00,12.5,19.8,6.800000000000001,2.0,104.0,13.100000000000001,12.186121,0.9138790130615249
2023-07-23 14:00:00,13.100000000000001,18.2,6.2,1.9000000000000001,108.0,12.600000000000001,12.577912,0.022087669372560015
2023-07-23 15:00:00,12.600000000000001,17.7,6.2,1.9000000000000001,112.0,11.100000000000001,12.1046915,-1.0046915054321275
2023-07-23 16:00:00,11.100000000000001,17.900000000000002,6.7,1.8,114.0,13.200000000000001,11.134049,2.065950584411622
2023-07-23 17:00:00,13.200000000000001,18.0,7.300000000000001,1.8,116.0,13.4,12.986461,0.4135393142700199
2023-07-23 18:00:00,13.4,18.3,7.6000000000000005,2.1,119.0,14.5,13.087332,1.412668228149414
2023-07-23 19:00:00,14.5,18.7,8.8,2.5,122.0,14.200000000000001,14.168693,0.03130741119384872
2023-07-23 20:00:00,14.200000000000001,19.1,12.200000000000001,2.7,123.0,14.200000000000001,15.094043,-0.8940427780151357
2023-07-23 21:00:00,14.200000000000001,17.5,14.700000000000001,2.9000000000000004,107.0,15.3,14.636366,0.663634109497071
2023-07-23 22:00:00,15.3,18.0,18.7,2.9000000000000004,107.0,15.600000000000001,15.530989,0.06901130676269673
2023-07-23 23:00:00,15.600000000000001,20.400000000000002,19.6,2.8000000000000003,96.0,15.200000000000001,15.571552,-0.37155227661132706
2023-07-24 00:00:00,15.200000000000001,20.3,20.8,2.6,84.0,17.2,15.138274,2.0617258071899407
2023-07-24 01:00:00,17.2,21.700000000000003,21.0,2.8000000000000003,74.0,18.0,17.331516,0.6684837341308594
2023-07-24 02:00:00,18.0,23.5,26.400000000000002,3.0,64.0,16.900000000000002,18.649076,-1.74907646179199
2023-07-24 03:00:00,16.900000000000002,21.8,21.8,2.5,63.0,15.5,16.875595,-1.3755950927734375
2023-07-24 04:00:00,15.5,20.700000000000003,18.0,2.6,64.0,15.4,15.260815,0.13918533325195348
2023-07-24 05:00:00,15.4,20.0,15.5,2.9000000000000004,58.0,12.700000000000001,15.426222,-2.7262218475341786
2023-07-24 06:00:00,12.700000000000001,19.8,17.400000000000002,2.7,46.0,13.9,13.709064,0.19093647003173864
2023-07-24 07:00:00,13.9,17.8,24.3,3.1,35.0,16.5,14.815162,1.6848382949829102
2023-07-24 08:00:00,16.5,20.3,28.200000000000003,3.0,31.0,16.8,15.540783,1.2592170715332038
2023-07-24 09:00:00,16.8,24.3,28.1,3.3000000000000003,47.0,17.900000000000002,15.143043,2.7569574356079123
2023-07-24 10:00:00,17.900000000000002,24.0,23.1,3.1,63.0,16.3,16.170319,0.1296813964843757
2023-07-24 11:00:00,16.3,23.3,17.6,2.9000000000000004,84.0,14.9,15.626913,-0.7269130706787106
2023-07-24 12:00:00,14.9,21.5,15.3,2.7,85.0,15.200000000000001,13.828095,1.3719045639038097
2023-07-24 13:00:00,15.200000000000001,20.0,14.200000000000001,2.6,85.0,14.4,14.445655,-0.04565486907958949
2023-07-24 14:00:00,14.4,19.6,12.700000000000001,2.4000000000000004,85.0,14.700000000000001,14.031446,0.6685535430908214
2023-07-24 15:00:00,14.700000000000001,20.700000000000003,12.9,2.4000000000000004,86.0,15.200000000000001,14.443885,0.7561151504516612
2023-07-24 16:00:00,15.200000000000001,21.700000000000003,12.700000000000001,2.2,92.0,12.0,15.588181,-3.5881805419921875
2023-07-24 17:00:00,12.0,17.0,12.4,2.1,90.0,10.8,12.33582,-1.5358201980590813
2023-07-24 18:00:00,10.8,15.3,14.100000000000001,1.8,84.0,11.3,11.358724,-0.05872364044189382
2023-07-24 19:00:00,11.3,15.4,17.3,2.1,76.0,11.5,12.411522,-0.9115219116210938
2023-07-24 20:00:00,11.5,15.8,19.200000000000003,2.3000000000000003,62.0,11.4,12.534992,-1.1349922180175778
2023-07-24 21:00:00,11.4,15.8,22.900000000000002,2.5,53.0,11.100000000000001,12.315403,-1.2154029846191392
2023-07-24 22:00:00,11.100000000000001,16.3,23.6,2.5,51.0,12.700000000000001,11.807163,0.8928367614746104
2023-07-24 23:00:00,12.700000000000001,15.5,23.6,2.6,53.0,11.200000000000001,12.496547,-1.296546745300292
2023-07-25 00:00:00,11.200000000000001,14.700000000000001,18.6,2.1,59.0,10.9,10.942323,-0.04232273101806605
2023-07-25 01:00:00,10.9,13.100000000000001,13.8,2.0,61.0,12.600000000000001,10.430788,2.1692119598388686
2023-07-25 02:00:00,12.600000000000001,15.600000000000001,13.0,2.2,54.0,10.4,11.986532,-1.5865322113037106
2023-07-25 03:00:00,10.4,12.0,13.200000000000001,2.0,50.0,11.200000000000001,10.195705,1.0042945861816417
2023-07-25 04:00:00,11.200000000000001,13.3,12.5,1.9000000000000001,46.0,10.600000000000001,11.076582,-0.47658195495605327
2023-07-25 05:00:00,10.600000000000001,12.700000000000001,12.5,1.8,44.0,8.8,10.581301,-1.781300735473632
2023-07-25 06:00:00,8.8,12.5,10.200000000000001,1.6,53.0,9.4,9.77047,-0.3704696655273434
2023-07-25 07:00:00,9.4,11.9,12.100000000000001,1.8,59.0,8.5,9.975472,-1.4754724502563477
2023-07-25 08:00:00,8.5,12.3,18.3,1.6,50.0,10.9,7.9539976,2.9460023880004886
2023-07-25 09:00:00,10.9,14.4,20.400000000000002,1.8,43.0,11.100000000000001,9.872742,1.2272583007812514
2023-07-25 10:00:00,11.100000000000001,14.3,16.6,2.7,50.0,9.600000000000001,10.095118,-0.49511756896972514
2023-07-25 11:00:00,9.600000000000001,13.3,16.3,2.7,58.0,10.3,9.13874,1.1612604141235359
2023-07-25 12:00:00,10.3,12.5,13.100000000000001,2.5,66.0,10.4,9.718996,0.6810039520263675
2023-07-25 13:00:00,10.4,12.600000000000001,12.3,2.3000000000000003,78.0,8.8,10.099011,-1.2990114212036126
2023-07-25 14:00:00,8.8,11.200000000000001,11.600000000000001,2.3000000000000003,90.0,10.4,8.650595,1.7494052886962894
2023-07-25 15:00:00,10.4,11.200000000000001,10.8,2.0,107.0,9.1,9.878189,-0.7781890869140629
2023-07-25 16:00:00,9.1,11.100000000000001,10.100000000000001,2.2,115.0,10.200000000000001,8.681187,1.5188133239746104
2023-07-25 17:00:00,10.200000000000001,11.9,10.9,2.4000000000000004,117.0,10.8,10.053042,0.7469575881958015
2023-07-25 18:00:00,10.8,12.0,12.200000000000001,3.3000000000000003,111.0,10.9,10.674961,0.22503890991210973
2023-07-25 19:00:00,10.9,11.5,12.600000000000001,3.0,103.0,10.9,11.073315,-0.17331466674804652
2023-07-25 20:00:00,10.9,11.8,15.200000000000001,2.8000000000000003,107.0,9.9,11.2486925,-1.3486925125122067
2023-07-25 21:00:00,9.9,11.700000000000001,16.1,2.8000000000000003,106.0,8.1,10.364049,-2.2640489578247074
2023-07-25 22:00:00,8.1,11.700000000000001,15.700000000000001,2.7,86.0,6.9,8.531406,-1.6314064025878903
2023-07-25 23:00:00,6.9,10.3,14.0,2.5,73.0,5.6000000000000005,6.9901576,-1.3901576042175288
2023-07-26 00:00:00,5.6000000000000005,8.4,13.200000000000001,1.8,69.0,5.1000000000000005,5.5476575,-0.4476574897766108
2023-07-26 01:00:00,5.1000000000000005,6.800000000000001,11.8,1.7000000000000002,69.0,4.7,4.9831657,-0.2831657409667967
2023-07-26 02:00:00,4.7,8.1,9.200000000000001,2.1,65.0,4.3,5.1693354,-0.8693353652954103
2023-07-26 03:00:00,4.3,6.0,7.9,1.6,62.0,3.6,4.39372,-0.7937201499938964
2023-07-26 04:00:00,3.6,5.2,7.300000000000001,1.8,64.0,3.1,3.9658973,-0.8658973217010497
2023-07-26 05:00:00,3.1,4.3,7.2,1.7000000000000002,64.0,3.3000000000000003,3.680346,-0.38034601211547825
2023-07-26 06:00:00,3.3000000000000003,4.1000000000000005,9.8,2.3000000000000003,66.0,3.8000000000000003,3.9937637,-0.19376368522644016
2023-07-26 07:00:00,3.8000000000000003,4.7,11.3,1.5,66.0,4.1000000000000005,4.3407445,-0.24074449539184517
2023-07-26 08:00:00,4.1000000000000005,5.800000000000001,14.8,1.4000000000000001,66.0,4.0,4.007591,-0.007590770721435547
2023-07-26 09:00:00,4.0,5.6000000000000005,14.700000000000001,1.4000000000000001,64.0,3.5,3.60248,-0.10247993469238281
2023-07-26 10:00:00,3.5,4.9,11.100000000000001,1.1,68.0,3.3000000000000003,3.200283,0.09971694946289089
2023-07-26 11:00:00,3.3000000000000003,5.300000000000001,10.0,1.1,74.0,3.4000000000000004,3.082004,0.31799592971801793
2023-07-26 12:00:00,3.4000000000000004,4.4,8.5,1.1,83.0,4.0,3.0261378,0.9738621711730957
2023-07-26 13:00:00,4.0,5.300000000000001,7.5,1.1,89.0,3.9000000000000004,3.5635836,0.33641638755798375
2023-07-26 14:00:00,3.9000000000000004,5.2,6.6000000000000005,1.1,89.0,4.0,3.6097147,0.3902852535247803
2023-07-26 15:00:00,4.0,5.7,6.6000000000000005,1.2000000000000002,89.0,4.5,3.6832328,0.8167672157287598
2023-07-26 16:00:00,4.5,5.9,7.5,1.3,91.0,4.1000000000000005,4.1864552,-0.08645524978637642
2023-07-26 17:00:00,4.1000000000000005,5.800000000000001,8.3,1.1,95.0,4.1000000000000005,4.215376,-0.11537590026855415
2023-07-26 18:00:00,4.1000000000000005,5.4,9.4,1.0,98.0,5.4,4.3312893,1.0687107086181644
2023-07-26 19:00:00,5.4,6.0,11.600000000000001,1.8,85.0,5.4,5.668342,-0.2683421134948727
2023-07-26 20:00:00,5.4,6.0,13.200000000000001,1.6,89.0,5.7,5.793951,-0.09395103454589826
2023-07-26 21:00:00,5.7,6.9,15.9,2.1,81.0,6.300000000000001,6.1040745,0.19592552185058665
2023-07-26 22:00:00,6.300000000000001,7.6000000000000005,18.0,2.1,74.0,4.9,6.5798416,-1.679841613769531
2023-07-26 23:00:00,4.9,6.6000000000000005,18.900000000000002,1.8,69.0,3.9000000000000004,4.438426,-0.5384260177612301
2023-07-27 00:00:00,3.9000000000000004,5.6000000000000005,13.3,1.8,69.0,4.0,3.9374487,0.06255125999450684
2023-07-27 01:00:00,4.0,5.1000000000000005,12.4,1.8,71.0,3.9000000000000004,3.9332147,-0.03321466445922816
2023-07-27 02:00:00,3.9000000000000004,5.6000000000000005,13.4,1.6,69.0,4.6000000000000005,4.116447,0.48355302810669
2023-07-27 03:00:00,4.6000000000000005,6.0,12.0,2.0,65.0,6.800000000000001,4.415295,2.3847048759460456
2023-07-27 04:00:00,6.800000000000001,7.6000000000000005,12.700000000000001,2.1,63.0,7.6000000000000005,6.9482303,0.6517697334289556
2023-07-27 05:00:00,7.6000000000000005,9.5,11.100000000000001,2.0,62.0,8.9,7.7995176,1.1004823684692386
2023-07-27 06:00:00,8.9,10.700000000000001,12.100000000000001,2.1,58.0,9.5,9.214335,0.28566455841064453
2023-07-27 07:00:00,9.5,10.4,13.200000000000001,2.3000000000000003,49.0,8.4,9.817311,-1.4173112869262692
2023-07-27 08:00:00,8.4,9.700000000000001,17.8,2.2,45.0,8.700000000000001,7.6616583,1.0383417129516612
2023-07-27 09:00:00,8.700000000000001,11.4,21.1,2.1,45.0,8.5,8.117429,0.3825712203979492
2023-07-27 10:00:00,8.5,15.4,19.200000000000003,2.0,57.0,9.0,8.290597,0.7094030380249023
2023-07-27 11:00:00,9.0,14.8,13.200000000000001,2.0,69.0,7.5,8.697032,-1.1970319747924805
2023-07-27 12:00:00,7.5,12.700000000000001,9.600000000000001,2.1,80.0,8.8,7.495308,1.3046920776367195
2023-07-27 13:00:00,8.8,12.4,8.700000000000001,2.0,90.0,8.6,8.607345,-0.007344627380371449
2023-07-27 14:00:00,8.6,11.200000000000001,7.6000000000000005,2.1,98.0,7.7,8.232529,-0.5325286865234373
2023-07-27 15:00:00,7.7,10.600000000000001,7.6000000000000005,2.2,108.0,6.9,7.646397,-0.7463971138000485
2023-07-27 16:00:00,6.9,11.700000000000001,7.5,2.0,114.0,7.300000000000001,7.2790866,0.02091341018676829
2023-07-27 17:00:00,7.300000000000001,11.3,8.200000000000001,2.0,117.0,8.3,7.474564,0.82543592453003
2023-07-27 18:00:00,8.3,11.3,8.8,1.9000000000000001,122.0,8.3,8.469231,-0.16923065185546804
2023-07-27 19:00:00,8.3,10.3,9.700000000000001,2.0,126.0,9.1,8.847194,0.2528062820434567
2023-07-27 20:00:00,9.1,11.600000000000001,14.700000000000001,2.5,115.0,10.200000000000001,9.973229,0.2267705917358409
2023-07-27 21:00:00,10.200000000000001,13.600000000000001,23.3,2.8000000000000003,106.0,11.8,11.233496,0.5665042877197273
2023-07-27 22:00:00,11.8,13.0,26.3,3.0,98.0,11.600000000000001,11.759859,-0.1598590850830064
2023-07-27 23:00:00,11.600000000000001,12.5,36.4,3.0,83.0,12.8,11.720725,1.0792749404907234
2023-07-28 00:00:00,12.8,13.700000000000001,32.800000000000004,3.0,67.0,13.0,12.404746,0.5952539443969727
2023-07-28 01:00:00,13.0,14.600000000000001,33.0,3.0,56.0,15.4,12.703988,2.6960119247436527
2023-07-28 02:00:00,15.4,15.4,33.2,2.6,50.0,16.2,14.932982,1.2670175552368157
2023-07-28 03:00:00,16.2,22.700000000000003,30.5,2.8000000000000003,44.0,15.0,16.926819,-1.92681884765625
2023-07-28 04:00:00,15.0,20.3,27.700000000000003,2.7,46.0,15.0,15.131082,-0.13108158111572266
2023-07-28 05:00:00,15.0,19.200000000000003,25.3,2.9000000000000004,44.0,14.0,15.293091,-1.2930908203125
2023-07-28 06:00:00,14.0,18.6,24.200000000000003,3.2,33.0,13.100000000000001,14.938078,-1.8380779266357408
2023-07-28 07:00:00,13.100000000000001,20.1,30.1,3.3000000000000003,31.0,12.8,14.913595,-2.1135951995849602
2023-07-28 08:00:00,12.8,22.0,35.5,3.2,25.0,13.700000000000001,12.555872,1.1441280364990245
2023-07-28 09:00:00,13.700000000000001,21.700000000000003,38.7,3.2,34.0,10.4,12.816064,-2.41606388092041
2023-07-28 10:00:00,10.4,17.1,31.400000000000002,3.4000000000000004,50.0,8.9,10.15651,-1.2565103530883786
2023-07-28 11:00:00,8.9,16.2,20.200000000000003,3.2,78.0,8.700000000000001,8.877293,-0.17729263305663956
2023-07-28 12:00:00,8.700000000000001,16.1,14.4,2.4000000000000004,87.0,8.3,8.903303,-0.603303146362304
2023-07-28 13:00:00,8.3,15.9,13.3,2.1,100.0,9.1,8.625153,0.47484741210937464
2023-07-28 14:00:00,9.1,16.1,10.3,2.1,109.0,9.5,9.164701,0.3352985382080078
2023-07-28 15:00:00,9.5,16.8,7.9,2.1,116.0,9.200000000000001,9.689058,-0.48905830383300675
2023-07-28 16:00:00,9.200000000000001,16.6,7.6000000000000005,2.0,122.0,9.1,9.505607,-0.4056066513061527
2023-07-28 17:00:00,9.1,16.0,7.9,1.8,123.0,10.8,9.313268,1.4867322921752937
2023-07-28 18:00:00,10.8,18.1,8.3,2.1,121.0,11.0,10.872918,0.12708187103271484
2023-07-28 19:00:00,11.0,17.900000000000002,9.8,2.2,119.0,10.700000000000001,11.381969,-0.6819694519042958
2023-07-28 20:00:00,10.700000000000001,17.8,12.700000000000001,2.6,115.0,10.4,11.97402,-1.5740200042724606
2023-07-28 21:00:00,10.4,17.400000000000002,13.5,2.9000000000000004,102.0,9.700000000000001,11.45442,-1.7544200897216786
2023-07-28 22:00:00,9.700000000000001,17.1,14.600000000000001,2.9000000000000004,90.0,9.0,10.461082,-1.4610824584960938
2023-07-28 23:00:00,9.0,16.7,12.700000000000001,2.6,78.0,9.1,9.382581,-0.28258075714111364
2023-07-29 00:00:00,9.1,16.5,11.100000000000001,2.7,74.0,8.6,9.140145,-0.540145301818848
2023-07-29 01:00:00,8.6,16.3,10.0,2.3000000000000003,72.0,8.4,8.676245,-0.2762447357177731
2023-07-29 02:00:00,8.4,15.8,10.8,2.1,69.0,8.8,8.662824,0.13717632293701243
2023-07-29 03:00:00,8.8,15.4,11.4,2.3000000000000003,62.0,9.8,9.411625,0.3883750915527351
2023-07-29 04:00:00,9.8,15.600000000000001,11.600000000000001,2.3000000000000003,59.0,8.9,10.233436,-1.3334356307983395
2023-07-29 05:00:00,8.9,15.4,12.0,2.1,52.0,8.6,9.447459,-0.8474592208862308
2023-07-29 06:00:00,8.6,13.9,13.100000000000001,2.2,45.0,9.8,9.398817,0.401182937622071
2023-07-29 07:00:00,9.8,14.4,17.3,2.0,43.0,9.700000000000001,10.452835,-0.7528350830078114
2023-07-29 08:00:00,9.700000000000001,14.3,19.0,2.0,42.0,11.600000000000001,9.293945,2.3060546875000014
2023-07-29 09:00:00,11.600000000000001,16.2,17.3,2.0,49.0,10.100000000000001,10.942917,-0.8429168701171861
2023-07-29 10:00:00,10.100000000000001,16.1,14.9,2.0,59.0,9.5,9.897634,-0.39763355255126953
2023-07-29 11:00:00,9.5,14.8,10.5,1.9000000000000001,68.0,9.4,9.173248,0.22675170898437536
2023-07-29 12:00:00,9.4,14.0,8.4,1.5,78.0,8.9,9.188368,-0.28836784362792933
2023-07-29 13:00:00,8.9,13.9,6.5,1.3,89.0,8.5,8.453861,0.046138763427734375
2023-07-29 14:00:00,8.5,13.4,5.6000000000000005,1.3,99.0,9.8,8.294308,1.5056922912597663
2023-07-29 15:00:00,9.8,14.4,5.5,1.5,103.0,10.5,9.624053,0.8759469985961914
2023-07-29 16:00:00,10.5,15.3,5.4,1.5,109.0,10.5,10.541649,-0.04164886474609375
2023-07-29 17:00:00,10.5,15.0,5.800000000000001,1.5,110.0,11.4,10.634444,0.7655557632446293
2023-07-29 18:00:00,11.4,14.5,6.1000000000000005,1.8,109.0,10.8,11.117455,-0.31745452880859304
2023-07-29 19:00:00,10.8,14.700000000000001,6.800000000000001,1.6,110.0,10.5,10.908483,-0.40848255157470703
2023-07-29 20:00:00,10.5,14.100000000000001,10.0,2.1,105.0,11.600000000000001,11.196451,0.40354881286621236
2023-07-29 21:00:00,11.600000000000001,14.8,12.4,2.2,94.0,12.0,11.93773,0.062270164489746094
2023-07-29 22:00:00,12.0,16.3,17.1,2.5,89.0,11.9,12.464958,-0.5649581909179684
2023-07-29 23:00:00,11.9,16.3,14.0,2.6,87.0,9.9,12.022918,-2.1229177474975582
2023-07-30 00:00:00,9.9,15.0,11.700000000000001,2.2,79.0,10.200000000000001,9.685486,0.5145141601562511
2023-07-30 01:00:00,10.200000000000001,14.0,10.8,2.5,75.0,8.700000000000001,9.931448,-1.2314479827880849
2023-07-30 02:00:00,8.700000000000001,12.4,9.9,1.9000000000000001,72.0,8.200000000000001,8.766874,-0.5668743133544911
2023-07-30 03:00:00,8.200000000000001,10.5,8.6,1.9000000000000001,70.0,8.1,8.100834,-0.0008338928222659803
2023-07-30 04:00:00,8.1,10.8,8.1,2.0,68.0,8.9,8.292497,0.6075033187866214
2023-07-30 05:00:00,8.9,10.100000000000001,8.200000000000001,1.9000000000000001,62.0,8.9,8.7526865,0.14731349945068395
2023-07-30 06:00:00,8.9,9.8,9.700000000000001,2.0,55.0,9.700000000000001,8.931071,0.7689287185668956
2023-07-30 07:00:00,9.700000000000001,10.9,12.0,2.2,50.0,9.8,9.705675,0.0943248748779304
2023-07-30 08:00:00,9.8,11.0,11.700000000000001,2.2,47.0,8.9,8.815699,0.08430137634277379
2023-07-30 09:00:00,8.9,12.200000000000001,10.8,2.2,43.0,9.0,8.210136,0.7898635864257812
2023-07-30 10:00:00,9.0,12.600000000000001,9.1,2.0,55.0,9.8,8.588934,1.2110660552978523
2023-07-30 11:00:00,9.8,13.4,7.7,2.0,68.0,8.3,9.3812685,-1.0812685012817376
2023-07-30 12:00:00,8.3,12.5,6.6000000000000005,1.8,83.0,7.2,8.265162,-1.0651624679565428
2023-07-30 13:00:00,7.2,10.200000000000001,6.1000000000000005,1.6,88.0,7.5,7.1742353,0.32576465606689453
2023-07-30 14:00:00,7.5,9.0,5.5,1.5,92.0,7.300000000000001,7.1823115,0.11768846511840891
2023-07-30 15:00:00,7.300000000000001,9.700000000000001,4.7,1.9000000000000001,103.0,7.300000000000001,7.2662477,0.03375225067138743
2023-07-30 16:00:00,7.300000000000001,9.200000000000001,5.0,1.6,103.0,6.9,7.290857,-0.390856838226318
2023-07-30 17:00:00,6.9,8.9,5.2,1.3,103.0,7.2,6.9490495,0.2509505271911623
2023-07-30 18:00:00,7.2,8.5,6.300000000000001,1.4000000000000001,102.0,6.300000000000001,6.786714,-0.4867140769958489
2023-07-30 19:00:00,6.300000000000001,8.6,6.800000000000001,1.5,99.0,8.0,6.5854197,1.4145803451538086
2023-07-30 20:00:00,8.0,10.5,10.4,1.6,89.0,9.200000000000001,8.718703,0.48129673004150497
2023-07-30 21:00:00,9.200000000000001,10.4,13.5,1.9000000000000001,80.0,8.4,9.781704,-1.381703948974609
2023-07-30 22:00:00,8.4,10.600000000000001,18.7,2.3000000000000003,81.0,8.700000000000001,8.788202,-0.0882022857666005
2023-07-30 23:00:00,8.700000000000001,10.4,17.5,1.9000000000000001,77.0,7.800000000000001,8.736924,-0.9369241714477532
2023-07-31 00:00:00,7.800000000000001,11.0,20.400000000000002,1.8,65.0,7.6000000000000005,7.711942,-0.11194219589233345
2023-07-31 01:00:00,7.6000000000000005,10.100000000000001,20.200000000000003,1.5,56.0,9.8,7.508033,2.291967201232911
2023-07-31 02:00:00,9.8,13.9,22.0,1.8,50.0,10.600000000000001,9.743867,0.85613307952881
2023-07-31 03:00:00,10.600000000000001,13.9,18.900000000000002,1.8,50.0,12.9,10.7166195,2.183380508422852
2023-07-31 04:00:00,12.9,15.100000000000001,16.2,1.6,55.0,10.8,12.175836,-1.3758356094360344
2023-07-31 05:00:00,10.8,15.5,12.4,1.6,58.0,12.8,11.043411,1.7565887451171882
2023-07-31 06:00:00,12.8,16.900000000000002,11.3,1.3,62.0,12.600000000000001,12.280456,0.3195444107055678
2023-07-31 07:00:00,12.600000000000001,17.3,16.2,1.5,57.0,10.8,12.915705,-2.115704727172851
2023-07-31 08:00:00,10.8,14.0,20.200000000000003,1.6,54.0,9.5,10.108877,-0.6088771820068359
2023-07-31 09:00:00,9.5,13.5,23.6,1.8,49.0,9.0,9.059523,-0.05952262878417969
2023-07-31 10:00:00,9.0,14.0,21.1,1.7000000000000002,63.0,9.3,8.595519,0.7044809341430671
2023-07-31 11:00:00,9.3,13.0,16.8,1.6,77.0,8.700000000000001,9.060027,-0.36002712249755753
2023-07-31 12:00:00,8.700000000000001,14.200000000000001,10.9,1.9000000000000001,88.0,10.700000000000001,8.508442,2.191558074951173
2023-07-31 13:00:00,10.700000000000001,13.0,8.200000000000001,1.6,98.0,9.0,10.079211,-1.0792112350463867
2023-07-31 14:00:00,9.0,12.0,7.5,1.6,109.0,8.0,8.645081,-0.64508056640625
2023-07-31 15:00:00,8.0,11.600000000000001,7.0,1.8,116.0,7.7,8.057901,-0.3579013824462889
2023-07-31 16:00:00,7.7,12.3,6.7,1.4000000000000001,121.0,8.3,7.8163347,0.4836652755737312
2023-07-31 17:00:00,8.3,13.5,7.0,1.5,124.0,8.9,8.46634,0.43365993499755895
2023-07-31 18:00:00,8.9,13.5,8.200000000000001,1.8,123.0,8.700000000000001,9.107703,-0.4077032089233388
2023-07-31 19:00:00,8.700000000000001,11.8,7.7,1.9000000000000001,123.0,9.0,9.185308,-0.18530845642089844
2023-07-31 20:00:00,9.0,11.600000000000001,11.8,2.1,119.0,10.100000000000001,9.644982,0.45501766204834126
2023-07-31 21:00:00,10.100000000000001,13.0,15.600000000000001,2.1,114.0,10.4,10.712888,-0.3128877639770504
2023-07-31 22:00:00,10.4,12.100000000000001,18.6,1.9000000000000001,103.0,10.3,10.528778,-0.2287780761718743
2023-07-31 23:00:00,10.3,14.100000000000001,19.200000000000003,1.9000000000000001,97.0,9.700000000000001,10.25116,-0.5511596679687489
2023-08-01 00:00:00,9.700000000000001,14.0,20.6,1.8,88.0,10.600000000000001,9.571088,1.0289121627807631
2023-08-01 01:00:00,10.600000000000001,13.5,21.1,1.6,83.0,11.3,10.4123125,0.8876874923706062
2023-08-01 02:00:00,11.3,14.700000000000001,17.1,1.8,77.0,10.4,10.9796295,-0.5796295166015621
2023-08-01 03:00:00,10.4,15.3,17.3,1.7000000000000002,73.0,11.5,10.721676,0.7783241271972656
2023-08-01 04:00:00,11.5,15.700000000000001,14.600000000000001,1.5,68.0,11.5,11.472839,0.02716064453125
2023-08-01 05:00:00,11.5,16.7,14.0,1.6,65.0,11.200000000000001,11.626609,-0.4266088485717763
2023-08-01 06:00:00,11.200000000000001,15.8,13.9,2.1,63.0,11.5,12.00537,-0.5053701400756836
2023-08-01 07:00:00,11.5,16.1,17.7,2.2,53.0,11.5,12.305822,-0.8058223724365234
2023-08-01 08:00:00,11.5,16.0,18.5,2.1,62.0,12.200000000000001,11.092453,1.1075469970703136
2023-08-01 09:00:00,12.200000000000001,14.5,20.0,1.8,72.0,10.9,11.018565,-0.11856517791748011
2023-08-01 10:00:00,10.9,14.700000000000001,17.6,1.8,63.0,10.100000000000001,10.0809,0.019099807739259234
2023-08-01 11:00:00,10.100000000000001,15.3,16.1,1.7000000000000002,66.0,9.700000000000001,9.686342,0.013657760620118253
2023-08-01 12:00:00,9.700000000000001,14.8,12.3,1.7000000000000002,83.0,10.3,9.281361,1.0186393737792976
2023-08-01 13:00:00,10.3,15.0,13.4,1.8,91.0,8.4,9.912341,-1.5123411178588864
2023-08-01 14:00:00,8.4,13.100000000000001,13.0,1.9000000000000001,92.0,9.600000000000001,8.424851,1.1751485824584975
2023-08-01 15:00:00,9.600000000000001,12.3,10.5,1.9000000000000001,99.0,10.3,9.235981,1.0640190124511726
2023-08-01 16:00:00,10.3,15.3,10.3,1.9000000000000001,105.0,11.100000000000001,10.156388,0.9436117172241225
2023-08-01 17:00:00,11.100000000000001,15.5,11.4,2.5,107.0,11.4,11.19441,0.20558967590332067
2023-08-01 18:00:00,11.4,15.200000000000001,12.9,3.2,107.0,12.4,11.905177,0.4948228836059574
2023-08-01 19:00:00,12.4,16.1,13.3,2.0,114.0,12.700000000000001,13.044565,-0.344565200805663
2023-08-01 20:00:00,12.700000000000001,17.6,15.5,3.2,108.0,12.700000000000001,13.4538555,-0.7538555145263661
2023-08-01 21:00:00,12.700000000000001,16.8,18.3,3.1,102.0,12.8,12.931266,-0.13126583099365163
2023-08-01 22:00:00,12.8,17.7,20.700000000000003,3.0,96.0,13.5,12.976287,0.5237131118774414
2023-08-01 23:00:00,13.5,16.3,22.400000000000002,3.0,85.0,13.200000000000001,13.622634,-0.42263393402099503
2023-08-02 00:00:00,13.200000000000001,18.5,21.6,3.1,77.0,14.200000000000001,13.06553,1.1344701766967784
2023-08-02 01:00:00,14.200000000000001,19.400000000000002,21.3,3.0,71.0,14.3,14.176995,0.12300472259521555
2023-08-02 02:00:00,14.3,20.0,18.400000000000002,2.4000000000000004,69.0,11.700000000000001,14.308987,-2.6089866638183583
2023-08-02 03:00:00,11.700000000000001,18.3,15.9,2.8000000000000003,63.0,12.5,11.839144,0.6608562469482422
2023-08-02 04:00:00,12.5,18.400000000000002,15.100000000000001,3.1,58.0,13.100000000000001,12.438167,0.6618333816528335
2023-08-02 05:00:00,13.100000000000001,18.400000000000002,15.9,2.9000000000000004,52.0,11.3,13.247884,-1.9478837966918938
2023-08-02 06:00:00,11.3,19.3,16.5,2.7,46.0,14.4,12.675954,1.7240461349487308
2023-08-02 07:00:00,14.4,24.700000000000003,18.5,2.2,42.0,13.4,15.707271,-2.3072706222534176
2023-08-02 08:00:00,13.4,21.200000000000003,16.0,1.9000000000000001,47.0,12.0,12.879469,-0.8794689178466797
2023-08-02 09:00:00,12.0,20.8,14.8,1.6,58.0,11.4,11.330629,0.06937065124511754
2023-08-02 10:00:00,11.4,22.0,12.600000000000001,1.5,69.0,11.9,11.286711,0.6132892608642582
2023-08-02 11:00:00,11.9,21.700000000000003,10.9,1.5,76.0,11.8,11.347466,0.45253353118896555
2023-08-02 12:00:00,11.8,22.1,8.700000000000001,1.5,84.0,11.4,11.34662,0.05338039398193395
2023-08-02 13:00:00,11.4,18.8,7.6000000000000005,1.4000000000000001,91.0,10.9,10.891282,0.008717918395996449
2023-08-02 14:00:00,10.9,19.3,6.9,1.6,102.0,11.3,10.981631,0.3183687210083015
2023-08-02 15:00:00,11.3,19.400000000000002,6.6000000000000005,1.6,110.0,11.4,11.446758,-0.04675827026367152
2023-08-02 16:00:00,11.4,19.5,6.5,1.7000000000000002,114.0,11.3,11.697179,-0.3971788406372063
2023-08-02 17:00:00,11.3,19.8,6.7,1.6,117.0,11.700000000000001,11.728392,-0.02839164733886612
2023-08-02 18:00:00,11.700000000000001,20.900000000000002,8.1,1.4000000000000001,118.0,12.0,11.432276,0.5677242279052734
2023-08-02 19:00:00,12.0,21.5,10.5,1.7000000000000002,116.0,11.600000000000001,12.468133,-0.8681329727172837
2023-08-02 20:00:00,11.600000000000001,18.8,13.0,2.1,108.0,11.700000000000001,12.704731,-1.004730987548827
2023-08-02 21:00:00,11.700000000000001,19.5,15.9,2.3000000000000003,101.0,13.100000000000001,12.742867,0.35713253021240376
2023-08-02 22:00:00,13.100000000000001,22.5,22.0,2.4000000000000004,94.0,12.100000000000001,14.072023,-1.9720233917236314
2023-08-02 23:00:00,12.100000000000001,21.900000000000002,21.700000000000003,2.9000000000000004,85.0,10.700000000000001,12.843435,-2.143435287475585
2023-08-03 00:00:00,10.700000000000001,20.900000000000002,18.8,2.9000000000000004,76.0,9.9,10.815313,-0.9153133392333981
2023-08-03 01:00:00,9.9,20.400000000000002,13.600000000000001,2.7,74.0,9.5,10.532682,-1.0326824188232422
2023-08-03 02:00:00,9.5,22.700000000000003,10.9,2.9000000000000004,71.0,10.9,10.98206,-0.08206043243408168
2023-08-03 03:00:00,10.9,23.8,9.1,2.8000000000000003,64.0,9.200000000000001,11.719858,-2.519858169555663
2023-08-03 04:00:00,9.200000000000001,21.0,9.200000000000001,2.8000000000000003,61.0,10.9,10.442524,0.45747604370117223
2023-08-03 05:00:00,10.9,19.5,10.700000000000001,2.8000000000000003,53.0,10.100000000000001,11.862467,-1.7624668121337876
2023-08-03 06:00:00,10.100000000000001,18.900000000000002,12.700000000000001,2.6,45.0,9.700000000000001,11.605634,-1.9056337356567372
2023-08-03 07:00:00,9.700000000000001,18.400000000000002,17.3,2.3000000000000003,35.0,10.8,11.2853985,-0.4853984832763665
2023-08-03 08:00:00,10.8,18.900000000000002,23.6,2.2,44.0,10.3,10.818792,-0.5187923431396477
2023-08-03 09:00:00,10.3,18.8,23.700000000000003,2.3000000000000003,46.0,10.200000000000001,10.084209,0.11579055786132919
2023-08-03 10:00:00,10.200000000000001,19.400000000000002,19.400000000000002,2.4000000000000004,55.0,9.3,10.155171,-0.8551713943481438
2023-08-03 11:00:00,9.3,18.6,15.700000000000001,2.3000000000000003,69.0,9.5,9.632049,-0.1320486068725586
2023-08-03 12:00:00,9.5,19.0,11.100000000000001,2.3000000000000003,75.0,11.200000000000001,9.767975,1.432025146484376
2023-08-03 13:00:00,11.200000000000001,20.1,9.4,2.3000000000000003,90.0,11.0,11.248915,-0.2489147186279297
2023-08-03 14:00:00,11.0,19.200000000000003,7.9,2.1,100.0,11.100000000000001,10.939225,0.16077480316162251
2023-08-03 15:00:00,11.100000000000001,19.900000000000002,7.0,2.0,105.0,9.700000000000001,11.251807,-1.5518072128295888
2023-08-03 16:00:00,9.700000000000001,18.900000000000002,7.7,1.8,107.0,9.700000000000001,9.954931,-0.25493125915527237
2023-08-03 17:00:00,9.700000000000001,19.700000000000003,7.7,2.0,113.0,11.3,10.613915,0.6860845565795906
2023-08-03 18:00:00,11.3,18.7,9.8,2.1,109.0,10.5,11.383066,-0.8830661773681641
2023-08-03 19:00:00,10.5,17.1,10.100000000000001,2.2,106.0,10.9,11.353438,-0.45343837738037074
2023-08-03 20:00:00,10.9,17.1,19.1,2.3000000000000003,87.0,11.700000000000001,12.322007,-0.6220071792602528
2023-08-03 21:00:00,11.700000000000001,17.3,20.1,2.4000000000000004,74.0,12.8,12.623416,0.1765840530395515
2023-08-03 22:00:00,12.8,19.5,19.1,2.3000000000000003,64.0,11.0,13.121326,-2.121326446533203
2023-08-03 23:00:00,11.0,16.900000000000002,14.8,2.4000000000000004,70.0,9.600000000000001,10.966041,-1.3660406112670884
2023-08-04 00:00:00,9.600000000000001,14.0,13.5,1.9000000000000001,73.0,8.0,9.697169,-1.697169303894043
2023-08-04 01:00:00,8.0,14.4,14.3,1.3,66.0,6.5,8.169201,-1.6692008972167969
2023-08-04 02:00:00,6.5,13.600000000000001,11.200000000000001,1.6,65.0,8.3,7.2034545,1.0965455055236824
2023-08-04 03:00:00,8.3,12.100000000000001,10.9,1.3,59.0,7.6000000000000005,8.124055,-0.5240549087524409
2023-08-04 04:00:00,7.6000000000000005,12.700000000000001,11.9,1.6,64.0,7.800000000000001,8.350433,-0.5504333496093743
2023-08-04 05:00:00,7.800000000000001,11.600000000000001,11.5,1.5,61.0,6.800000000000001,8.140921,-1.3409206390380852
2023-08-04 06:00:00,6.800000000000001,12.5,14.9,1.9000000000000001,49.0,8.3,8.121582,0.1784179687500007
2023-08-04 07:00:00,8.3,16.2,18.900000000000002,2.3000000000000003,36.0,8.3,9.926507,-1.6265069961547844
2023-08-04 08:00:00,8.3,15.700000000000001,19.200000000000003,1.9000000000000001,39.0,8.8,8.431469,0.36853103637695384
2023-08-04 09:00:00,8.8,14.8,18.7,1.8,47.0,8.0,8.250695,-0.25069522857666016
2023-08-04 10:00:00,8.0,14.4,19.1,1.9000000000000001,46.0,6.7,7.789741,-1.0897410392761229
2023-08-04 11:00:00,6.7,13.9,16.5,1.6,44.0,6.9,6.6237373,0.27626266479492223
2023-08-04 12:00:00,6.9,12.4,16.7,1.3,54.0,6.800000000000001,6.8889537,-0.08895368576049734
2023-08-04 13:00:00,6.800000000000001,12.9,14.200000000000001,1.5,64.0,6.800000000000001,7.151826,-0.3518259048461907
2023-08-04 14:00:00,6.800000000000001,15.100000000000001,12.3,1.6,74.0,7.5,7.5087824,-0.008782386779785156
2023-08-04 15:00:00,7.5,16.0,11.200000000000001,1.6,83.0,7.5,7.8624372,-0.36243724822998047
2023-08-04 16:00:00,7.5,14.700000000000001,10.600000000000001,1.6,92.0,7.1000000000000005,7.7482805,-0.648280525207519
2023-08-04 17:00:00,7.1000000000000005,15.100000000000001,10.600000000000001,1.6,92.0,7.5,7.771124,-0.27112388610839844
2023-08-04 18:00:00,7.5,14.9,13.200000000000001,1.7000000000000002,88.0,7.300000000000001,8.159271,-0.8592712402343743
2023-08-04 19:00:00,7.300000000000001,14.700000000000001,16.3,1.9000000000000001,85.0,7.7,8.75361,-1.0536096572875975
2023-08-04 20:00:00,7.7,13.9,15.9,1.7000000000000002,83.0,8.6,9.019616,-0.4196161270141605
2023-08-04 21:00:00,8.6,14.4,18.8,2.0,70.0,8.1,9.348316,-1.2483161926269535
2023-08-04 22:00:00,8.1,14.3,16.1,1.7000000000000002,66.0,8.200000000000001,8.590401,-0.3904006958007802
2023-08-04 23:00:00,8.200000000000001,13.8,18.2,1.9000000000000001,67.0,8.1,8.329219,-0.22921886444091832
2023-08-05 00:00:00,8.1,12.700000000000001,15.0,1.7000000000000002,60.0,6.5,8.273604,-1.773604393005371
2023-08-05 01:00:00,6.5,12.600000000000001,16.7,1.4000000000000001,58.0,6.9,6.86946,0.03053989410400426
2023-08-05 02:00:00,6.9,12.8,13.0,1.9000000000000001,58.0,8.1,7.677554,0.4224458694458004
2023-08-05 03:00:00,8.1,10.100000000000001,11.8,1.9000000000000001,66.0,7.5,8.072118,-0.572117805480957
2023-08-05 04:00:00,7.5,10.0,9.8,2.2,66.0,6.6000000000000005,7.619069,-1.019069099426269
2023-08-05 05:00:00,6.6000000000000005,9.200000000000001,9.1,1.8,59.0,6.1000000000000005,6.862495,-0.7624949455261225
2023-08-05 06:00:00,6.1000000000000005,7.7,10.9,1.9000000000000001,54.0,5.800000000000001,6.2613015,-0.46130151748657156
2023-08-05 07:00:00,5.800000000000001,8.6,14.4,1.7000000000000002,49.0,5.800000000000001,6.2257338,-0.42573375701904226
2023-08-05 08:00:00,5.800000000000001,8.6,16.900000000000002,1.6,45.0,5.800000000000001,5.551997,0.24800281524658274
2023-08-05 09:00:00,5.800000000000001,7.1000000000000005,15.4,1.5,46.0,5.800000000000001,5.2608614,0.5391386032104499
2023-08-05 10:00:00,5.800000000000001,7.6000000000000005,14.9,1.3,40.0,5.800000000000001,5.223968,0.5760319709777839
2023-08-05 11:00:00,5.800000000000001,8.5,13.9,1.3,43.0,5.6000000000000005,5.3309307,0.26906929016113335
2023-08-05 12:00:00,5.6000000000000005,9.200000000000001,13.0,1.3,45.0,5.9,5.360287,0.5397128105163578
2023-08-05 13:00:00,5.9,9.600000000000001,11.9,1.4000000000000001,48.0,6.300000000000001,5.5111485,0.7888515472412116
2023-08-05 14:00:00,6.300000000000001,9.700000000000001,10.9,1.4000000000000001,64.0,6.1000000000000005,6.1533995,-0.053399467468261186
2023-08-05 15:00:00,6.1000000000000005,10.0,9.600000000000001,1.3,75.0,7.0,5.9564047,1.043595314025879
2023-08-05 16:00:00,7.0,10.600000000000001,9.600000000000001,1.4000000000000001,86.0,6.4,6.993798,-0.5937977790832516
2023-08-05 17:00:00,6.4,9.1,8.9,1.4000000000000001,100.0,6.800000000000001,6.7091146,0.09088544845581126
2023-08-05 18:00:00,6.800000000000001,9.1,8.8,1.8,110.0,6.5,7.031464,-0.5314640998840332
2023-08-05 19:00:00,6.5,9.200000000000001,10.9,2.4000000000000004,114.0,6.9,7.40757,-0.5075698852539059
2023-08-05 20:00:00,6.9,8.8,14.3,2.3000000000000003,110.0,7.6000000000000005,7.856016,-0.25601615905761665
2023-08-05 21:00:00,7.6000000000000005,9.1,16.5,2.1,97.0,8.0,8.30909,-0.30908966064453125
2023-08-05 22:00:00,8.0,9.4,14.9,2.1,89.0,7.7,8.289859,-0.589858818054199
2023-08-05 23:00:00,7.7,9.1,15.4,2.0,84.0,7.7,7.4970865,0.20291347503662127
2023-08-06 00:00:00,7.7,8.700000000000001,16.6,1.8,71.0,7.7,7.297303,0.40269680023193377
2023-08-06 01:00:00,7.7,8.9,16.6,1.8,61.0,6.9,7.3685627,-0.46856269836425746
2023-08-06 02:00:00,6.9,9.200000000000001,18.5,1.9000000000000001,51.0,6.5,6.9779625,-0.4779624938964844
2023-08-06 03:00:00,6.5,8.1,16.3,2.0,57.0,5.7,6.662101,-0.9621007919311522
2023-08-06 04:00:00,5.7,7.4,17.6,2.1,54.0,6.4,6.094159,0.3058408737182621
2023-08-06 05:00:00,6.4,7.6000000000000005,17.8,2.1,48.0,6.9,6.7044473,0.1955527305603031
2023-08-06 06:00:00,6.9,8.1,16.2,2.1,41.0,6.6000000000000005,7.5009956,-0.9009956359863276
2023-08-06 07:00:00,6.6000000000000005,9.0,22.400000000000002,2.1,37.0,8.4,7.495241,0.9047588348388675
2023-08-06 08:00:00,8.4,9.1,20.400000000000002,2.3000000000000003,38.0,7.4,7.7943687,-0.394368743896484
2023-08-06 09:00:00,7.4,10.100000000000001,16.1,2.6,40.0,4.5,7.051975,-2.5519747734069824
2023-08-06 10:00:00,4.5,7.5,14.0,2.3000000000000003,50.0,3.4000000000000004,4.4739237,-1.0739236831665036
2023-08-06 11:00:00,3.4000000000000004,6.800000000000001,10.100000000000001,1.5,58.0,4.2,3.7415826,0.45841736793518084
2023-08-06 12:00:00,4.2,6.300000000000001,8.0,1.4000000000000001,71.0,3.9000000000000004,3.9040723,-0.004072284698485973
2023-08-06 13:00:00,3.9000000000000004,7.2,7.4,1.2000000000000002,75.0,4.1000000000000005,4.005298,0.09470186233520561
2023-08-06 14:00:00,4.1000000000000005,6.9,5.5,1.4000000000000001,84.0,3.8000000000000003,4.3008947,-0.5008947372436521
2023-08-06 15:00:00,3.8000000000000003,6.2,5.300000000000001,1.5,90.0,3.6,4.0639696,-0.46396961212158194
2023-08-06 16:00:00,3.6,4.800000000000001,5.2,1.4000000000000001,89.0,2.8000000000000003,3.6678762,-0.8678762435913083
2023-08-06 17:00:00,2.8000000000000003,4.5,5.300000000000001,1.1,87.0,3.3000000000000003,2.9325337,0.3674662590026858
2023-08-06 18:00:00,3.3000000000000003,6.2,6.4,1.4000000000000001,86.0,3.6,3.5036323,0.09636769294738778
2023-08-06 19:00:00,3.6,6.1000000000000005,7.7,1.4000000000000001,84.0,3.7,3.9172688,-0.21726875305175763
2023-08-06 20:00:00,3.7,5.1000000000000005,7.0,1.3,84.0,3.2,3.7275386,-0.5275385856628416
2023-08-06 21:00:00,3.2,4.7,8.700000000000001,1.3,83.0,3.0,3.3483841,-0.34838414192199707
2023-08-06 22:00:00,3.0,4.0,8.1,1.2000000000000002,78.0,3.3000000000000003,2.5061567,0.7938433170318606
2023-08-06 23:00:00,3.3000000000000003,5.1000000000000005,7.800000000000001,1.4000000000000001,78.0,3.4000000000000004,2.8490858,0.5509141921997074
2023-08-07 00:00:00,3.4000000000000004,5.0,7.4,1.5,77.0,3.5,3.3281548,0.1718451976776123
2023-08-07 01:00:00,3.5,4.3,7.300000000000001,1.3,76.0,3.9000000000000004,3.2799227,0.6200772762298588
2023-08-07 02:00:00,3.9000000000000004,4.5,7.6000000000000005,1.7000000000000002,74.0,3.8000000000000003,3.9243624,-0.12436242103576634
2023-08-07 03:00:00,3.8000000000000003,4.5,8.3,1.7000000000000002,73.0,4.5,3.9780905,0.5219094753265381
2023-08-07 04:00:00,4.5,4.800000000000001,7.800000000000001,1.8,71.0,4.0,4.4028883,-0.40288829803466797
2023-08-07 05:00:00,4.0,5.9,8.200000000000001,1.7000000000000002,68.0,3.9000000000000004,4.340395,-0.44039497375488246
2023-08-07 06:00:00,3.9000000000000004,5.9,9.5,1.3,66.0,4.0,4.371982,-0.3719820976257324
2023-08-07 07:00:00,4.0,5.6000000000000005,12.100000000000001,1.5,63.0,4.3,4.5461936,-0.2461935997009279
2023-08-07 08:00:00,4.3,6.800000000000001,15.200000000000001,1.5,57.0,3.9000000000000004,4.451761,-0.5517607688903805
2023-08-07 09:00:00,3.9000000000000004,7.1000000000000005,16.3,1.2000000000000002,59.0,3.3000000000000003,3.9709666,-0.670966577529907
2023-08-07 10:00:00,3.3000000000000003,5.800000000000001,15.100000000000001,1.0,60.0,3.2,3.3665545,-0.16655449867248517
2023-08-07 11:00:00,3.2,5.9,12.3,0.9,70.0,3.4000000000000004,3.4973533,-0.0973533153533932
2023-08-07 12:00:00,3.4000000000000004,6.1000000000000005,10.3,0.8,76.0,3.5,3.2398496,0.2601504325866699
2023-08-07 13:00:00,3.5,5.300000000000001,7.7,0.9,81.0,3.6,3.4528975,0.14710245132446298
2023-08-07 14:00:00,3.6,5.4,7.5,1.0,83.0,3.9000000000000004,3.4990277,0.4009722709655765
2023-08-07 15:00:00,3.9000000000000004,5.9,6.7,0.9,84.0,3.5,3.7156215,-0.2156214714050293
2023-08-07 16:00:00,3.5,6.5,5.9,0.8,87.0,3.3000000000000003,3.7331831,-0.433183145523071
2023-08-07 17:00:00,3.3000000000000003,5.4,6.5,0.8,87.0,3.7,3.45636,0.24363989830017108
2023-08-07 18:00:00,3.7,5.7,7.9,0.7000000000000001,85.0,4.1000000000000005,3.6730351,0.42696485519409233
2023-08-07 19:00:00,4.1000000000000005,6.1000000000000005,12.200000000000001,0.9,80.0,4.4,4.606622,-0.206622219085693
2023-08-07 20:00:00,4.4,6.2,12.100000000000001,1.3,82.0,4.6000000000000005,4.623714,-0.02371397018432564
2023-08-07 21:00:00,4.6000000000000005,6.9,14.9,1.2000000000000002,75.0,4.9,4.9149323,-0.014932250976562145
2023-08-07 22:00:00,4.9,6.7,15.3,1.2000000000000002,77.0,4.5,5.0267262,-0.526726245880127
2023-08-07 23:00:00,4.5,6.4,13.200000000000001,1.2000000000000002,79.0,3.6,3.9354315,-0.33543148040771475
2023-08-08 00:00:00,3.6,5.4,12.100000000000001,1.1,76.0,3.9000000000000004,3.3310125,0.5689875125885013
2023-08-08 01:00:00,3.9000000000000004,4.5,9.0,0.9,74.0,3.6,3.4053886,0.19461140632629403
2023-08-08 02:00:00,3.6,5.4,9.200000000000001,1.5,74.0,4.7,3.769053,0.9309470176696779
2023-08-08 03:00:00,4.7,7.300000000000001,12.5,1.5,66.0,5.6000000000000005,5.186617,0.4133831024169927
2023-08-08 04:00:00,5.6000000000000005,8.6,12.8,1.5,58.0,6.0,5.8829956,0.11700439453125
2023-08-08 05:00:00,6.0,9.0,14.9,1.5,53.0,6.1000000000000005,6.349719,-0.24971904754638619
2023-08-08 06:00:00,6.1000000000000005,9.4,19.1,1.5,43.0,6.800000000000001,6.9143414,-0.11434144973754812
2023-08-08 07:00:00,6.800000000000001,9.4,25.200000000000003,1.7000000000000002,33.0,9.200000000000001,7.9094014,1.2905985832214366
2023-08-08 08:00:00,9.200000000000001,11.4,29.0,1.7000000000000002,33.0,9.4,9.056684,0.3433164596557621
2023-08-08 09:00:00,9.4,12.3,25.900000000000002,1.6,38.0,8.0,8.780178,-0.7801780700683594
2023-08-08 10:00:00,8.0,14.3,22.0,1.6,47.0,7.5,7.6158504,-0.11585044860839844
2023-08-08 11:00:00,7.5,13.700000000000001,18.5,1.7000000000000002,57.0,6.6000000000000005,7.4848557,-0.8848556518554682
2023-08-08 12:00:00,6.6000000000000005,12.9,14.0,1.3,66.0,6.2,6.7680945,-0.5680945396423338
2023-08-08 13:00:00,6.2,10.600000000000001,11.3,1.3,78.0,5.6000000000000005,5.944247,-0.3442467689514155
2023-08-08 14:00:00,5.6000000000000005,10.5,9.700000000000001,1.5,88.0,5.7,5.833762,-0.13376216888427717
2023-08-08 15:00:00,5.7,9.8,9.3,1.8,101.0,6.0,6.0367227,-0.036722660064697266
2023-08-08 16:00:00,6.0,9.5,9.8,1.6,110.0,5.9,6.2696543,-0.36965427398681605
2023-08-08 17:00:00,5.9,9.3,9.1,1.8,113.0,5.7,6.2923093,-0.5923092842102049
2023-08-08 18:00:00,5.7,9.9,9.0,2.0,115.0,5.6000000000000005,6.4139514,-0.8139513969421381
2023-08-08 19:00:00,5.6000000000000005,9.600000000000001,11.3,2.0,117.0,6.5,6.540397,-0.04039716720581055
2023-08-08 20:00:00,6.5,11.100000000000001,18.6,2.2,107.0,7.800000000000001,7.992137,-0.19213695526122976
2023-08-08 21:00:00,7.800000000000001,12.5,29.400000000000002,2.5,94.0,8.0,9.07136,-1.071359634399414
2023-08-08 22:00:00,8.0,15.5,31.3,2.7,87.0,7.7,9.595538,-1.8955381393432615
2023-08-08 23:00:00,7.7,15.100000000000001,33.7,2.4000000000000004,77.0,9.9,9.1181345,0.781865501403809
2023-08-09 00:00:00,9.9,13.9,29.1,2.1,68.0,8.0,10.307526,-2.307525634765625
2023-08-09 01:00:00,8.0,14.600000000000001,32.9,1.9000000000000001,58.0,7.1000000000000005,8.917894,-1.8178943634033198
2023-08-09 02:00:00,7.1000000000000005,16.7,27.1,2.2,46.0,8.9,8.137568,0.7624315261840824
2023-08-09 03:00:00,8.9,17.8,24.5,1.8,41.0,10.0,9.932811,0.06718921661376953
2023-08-09 04:00:00,10.0,17.0,25.3,2.0,44.0,13.100000000000001,10.751589,2.3484111785888686
2023-08-09 05:00:00,13.100000000000001,15.700000000000001,27.0,2.3000000000000003,41.0,12.4,13.2919235,-0.8919235229492184
2023-08-09 06:00:00,12.4,15.600000000000001,27.900000000000002,2.0,38.0,11.600000000000001,13.256176,-1.6561759948730455
2023-08-09 07:00:00,11.600000000000001,15.200000000000001,31.400000000000002,2.7,30.0,12.600000000000001,13.153802,-0.5538019180297837
2023-08-09 08:00:00,12.600000000000001,16.6,34.9,2.8000000000000003,29.0,13.5,12.404297,1.095703125
2023-08-09 09:00:00,13.5,21.3,33.5,2.7,36.0,11.200000000000001,13.034766,-1.8347661972045888
2023-08-09 10:00:00,11.200000000000001,19.3,29.900000000000002,2.9000000000000004,54.0,10.5,11.133532,-0.6335315704345703
2023-08-09 11:00:00,10.5,18.400000000000002,24.400000000000002,2.6,65.0,9.5,10.515427,-1.0154266357421875
2023-08-09 12:00:00,9.5,13.3,22.3,2.5,81.0,8.1,9.282041,-1.1820405960083011
2023-08-09 13:00:00,8.1,13.600000000000001,15.100000000000001,2.1,96.0,7.4,8.306434,-0.9064336776733395
2023-08-09 14:00:00,7.4,14.4,12.0,1.8,106.0,6.7,7.595921,-0.8959210395812987
2023-08-09 15:00:00,6.7,13.600000000000001,10.3,1.5,113.0,6.9,7.098383,-0.1983829498291012
2023-08-09 16:00:00,6.9,12.8,9.4,1.6,122.0,6.9,7.447173,-0.5471731185913082
2023-08-09 17:00:00,6.9,11.9,9.3,1.5,128.0,7.7,7.388141,0.31185884475708026
2023-08-09 18:00:00,7.7,11.5,9.600000000000001,2.1,127.0,7.300000000000001,8.309563,-1.009562683105468
2023-08-09 19:00:00,7.300000000000001,12.700000000000001,10.600000000000001,2.4000000000000004,124.0,7.9,8.301326,-0.4013257980346676
2023-08-09 20:00:00,7.9,14.100000000000001,18.8,2.5,109.0,9.0,9.572308,-0.5723075866699219
2023-08-09 21:00:00,9.0,13.9,27.5,2.4000000000000004,102.0,9.9,10.303408,-0.40340766906738246
2023-08-09 22:00:00,9.9,14.3,27.6,2.6,96.0,8.8,10.735483,-1.9354831695556634
2023-08-09 23:00:00,8.8,13.9,28.5,2.4000000000000004,85.0,8.6,9.720992,-1.1209920883178714
2023-08-10 00:00:00,8.6,14.9,26.8,2.8000000000000003,72.0,8.6,8.912514,-0.3125137329101566
2023-08-10 01:00:00,8.6,16.5,31.200000000000003,2.2,57.0,8.700000000000001,8.950411,-0.25041084289550675
2023-08-10 02:00:00,8.700000000000001,18.0,35.1,2.4000000000000004,51.0,12.600000000000001,10.071295,2.528705215454103
2023-08-10 03:00:00,12.600000000000001,16.8,32.0,1.8,54.0,17.5,12.641668,4.858331680297852
2023-08-10 04:00:00,17.5,23.0,27.5,1.8,55.0,16.1,17.38204,-1.2820400238037095
2023-08-10 05:00:00,16.1,22.200000000000003,23.1,1.7000000000000002,63.0,13.5,16.431543,-2.9315433502197266
2023-08-10 06:00:00,13.5,21.400000000000002,19.700000000000003,1.5,62.0,13.4,14.671505,-1.271504974365234
2023-08-10 07:00:00,13.4,22.1,26.0,1.5,56.0,14.5,15.001334,-0.5013341903686523
2023-08-10 08:00:00,14.5,23.0,24.700000000000003,1.6,47.0,15.4,14.13963,1.260369682312012
2023-08-10 09:00:00,15.4,22.1,22.900000000000002,1.6,50.0,13.9,13.892378,0.007622146606445668
2023-08-10 10:00:00,13.9,23.900000000000002,20.6,1.7000000000000002,65.0,12.5,13.093664,-0.5936641693115234
2023-08-10 11:00:00,12.5,22.200000000000003,16.900000000000002,1.7000000000000002,77.0,11.8,11.977466,-0.177465629577636
2023-08-10 12:00:00,11.8,20.3,13.8,1.7000000000000002,92.0,10.600000000000001,11.570141,-0.9701408386230455
2023-08-10 13:00:00,10.600000000000001,19.8,10.9,1.9000000000000001,105.0,8.9,10.757493,-1.8574930191040036
2023-08-10 14:00:00,8.9,18.2,9.0,1.9000000000000001,117.0,9.4,9.197353,0.20264663696289098
2023-08-10 15:00:00,9.4,16.900000000000002,9.0,2.1,127.0,9.200000000000001,9.820772,-0.6207721710205067
2023-08-10 16:00:00,9.200000000000001,18.5,8.9,2.0,136.0,9.200000000000001,9.806719,-0.6067188262939442
2023-08-10 17:00:00,9.200000000000001,17.5,9.200000000000001,1.8,139.0,9.3,10.040561,-0.7405607223510735
2023-08-10 18:00:00,9.3,16.6,9.5,1.7000000000000002,140.0,10.700000000000001,9.984411,0.7155887603759776
2023-08-10 19:00:00,10.700000000000001,17.8,12.600000000000001,1.7000000000000002,140.0,10.600000000000001,11.794338,-1.194338226318358
2023-08-10 20:00:00,10.600000000000001,18.2,18.7,2.6,135.0,10.9,12.539513,-1.6395126342773434
2023-08-10 21:00:00,10.9,18.3,21.400000000000002,2.7,125.0,10.8,12.251147,-1.451147270202636
2023-08-10 22:00:00,10.8,18.900000000000002,21.5,2.4000000000000004,120.0,11.8,11.917999,-0.11799926757812429
2023-08-10 23:00:00,11.8,20.1,22.200000000000003,2.2,111.0,12.4,12.455153,-0.05515346527099574
2023-08-11 00:00:00,12.4,20.6,22.900000000000002,1.9000000000000001,104.0,11.4,12.269255,-0.8692546844482418
2023-08-11 01:00:00,11.4,21.5,16.1,1.9000000000000001,101.0,11.600000000000001,11.656355,-0.056354904174803266
2023-08-11 02:00:00,11.600000000000001,20.5,14.600000000000001,1.7000000000000002,97.0,12.600000000000001,11.902364,0.6976362228393569
2023-08-11 03:00:00,12.600000000000001,18.900000000000002,13.700000000000001,1.6,83.0,12.700000000000001,12.498673,0.20132656097412216
2023-08-11 04:00:00,12.700000000000001,19.0,14.0,1.5,78.0,13.8,12.786263,1.013736534118653
2023-08-11 05:00:00,13.8,20.700000000000003,14.700000000000001,1.5,74.0,14.3,13.8663225,0.4336774826049812
2023-08-11 06:00:00,14.3,19.700000000000003,15.5,1.5,71.0,14.3,15.00013,-0.7001296997070305
2023-08-11 07:00:00,14.3,22.1,21.900000000000002,1.5,61.0,16.3,15.222539,1.0774610519409187
2023-08-11 08:00:00,16.3,20.3,24.0,1.7000000000000002,56.0,14.3,15.199325,-0.8993246078491204
2023-08-11 09:00:00,14.3,21.6,20.6,1.7000000000000002,63.0,13.0,13.0397005,-0.03970050811767578
2023-08-11 10:00:00,13.0,22.400000000000002,18.400000000000002,1.6,70.0,12.9,12.226078,0.6739219665527347
2023-08-11 11:00:00,12.9,21.3,14.100000000000001,2.1,86.0,11.5,12.096723,-0.5967226028442383
2023-08-11 12:00:00,11.5,18.6,12.4,2.1,99.0,10.5,11.347426,-0.8474264144897461
2023-08-11 13:00:00,10.5,17.2,10.3,1.9000000000000001,105.0,11.3,10.4616375,0.8383625030517585
2023-08-11 14:00:00,11.3,16.900000000000002,9.0,2.1,118.0,11.3,11.114528,0.18547229766845774
2023-08-11 15:00:00,11.3,16.400000000000002,8.1,2.0,127.0,11.200000000000001,11.279368,-0.0793684005737294
2023-08-11 16:00:00,11.200000000000001,16.400000000000002,8.3,1.8,136.0,11.8,11.2469,0.5531003952026374
2023-08-11 17:00:00,11.8,15.700000000000001,8.700000000000001,1.7000000000000002,143.0,11.8,11.536167,0.2638328552246101
2023-08-11 18:00:00,11.8,17.1,8.4,1.9000000000000001,145.0,11.8,11.559314,0.240686225891114
2023-08-11 19:00:00,11.8,17.1,9.9,1.8,143.0,11.9,12.026434,-0.12643394470214808
2023-08-11 20:00:00,11.9,17.6,16.2,2.0,135.0,12.9,13.333053,-0.43305263519287074
2023-08-11 21:00:00,12.9,18.900000000000002,21.8,2.1,126.0,14.600000000000001,13.704694,0.8953062057495131
2023-08-11 22:00:00,14.600000000000001,19.5,21.200000000000003,2.0,123.0,14.600000000000001,15.218234,-0.6182340621948228
2023-08-11 23:00:00,14.600000000000001,21.200000000000003,21.6,1.8,114.0,12.600000000000001,14.260908,-1.6609081268310533
2023-08-12 00:00:00,12.600000000000001,20.400000000000002,20.700000000000003,1.7000000000000002,104.0,13.9,12.190175,1.7098249435424808
2023-08-12 01:00:00,13.9,19.8,17.5,1.5,100.0,14.700000000000001,13.356683,1.343317222595216
2023-08-12 02:00:00,14.700000000000001,23.1,18.3,1.7000000000000002,87.0,15.5,14.830037,0.6699628829956055
2023-08-12 03:00:00,15.5,21.6,17.3,1.6,81.0,15.4,15.271118,0.12888183593750036
2023-08-12 04:00:00,15.4,22.900000000000002,17.6,1.6,76.0,16.1,15.492214,0.607785797119142
2023-08-12 05:00:00,16.1,22.900000000000002,16.7,1.6,74.0,15.3,16.273932,-0.9739315032958977
2023-08-12 06:00:00,15.3,22.8,16.6,1.5,71.0,15.4,15.875849,-0.4758487701416012
2023-08-12 07:00:00,15.4,22.8,20.5,1.5,67.0,15.200000000000001,16.086775,-0.8867748260498036
2023-08-12 08:00:00,15.200000000000001,22.0,20.6,1.6,60.0,12.9,14.574651,-1.6746507644653317
2023-08-12 09:00:00,12.9,20.700000000000003,21.400000000000002,1.5,62.0,12.0,11.937761,0.06223869323730469
2023-08-12 10:00:00,12.0,20.900000000000002,16.6,1.5,75.0,11.600000000000001,11.469647,0.13035259246826314
2023-08-12 11:00:00,11.600000000000001,19.3,13.9,1.7000000000000002,87.0,11.100000000000001,11.479614,-0.3796142578124986
2023-08-12 12:00:00,11.100000000000001,18.900000000000002,10.8,1.6,101.0,10.700000000000001,10.831035,-0.1310346603393544
2023-08-12 13:00:00,10.700000000000001,17.3,9.1,1.8,112.0,10.600000000000001,10.616734,-0.016733551025389204
2023-08-12 14:00:00,10.600000000000001,16.6,8.3,1.5,122.0,10.5,10.515952,-0.015952110290527344
2023-08-12 15:00:00,10.5,15.5,7.6000000000000005,1.7000000000000002,133.0,9.8,10.670428,-0.870428276062011
2023-08-12 16:00:00,9.8,15.0,7.1000000000000005,1.5,138.0,10.0,9.638797,0.3612031936645508
2023-08-12 17:00:00,10.0,15.100000000000001,7.1000000000000005,1.3,144.0,10.5,10.220324,0.2796764373779297
2023-08-12 18:00:00,10.5,15.4,7.0,1.4000000000000001,144.0,10.9,10.64536,0.2546400070190433
2023-08-12 19:00:00,10.9,14.600000000000001,8.4,1.6,144.0,11.3,11.039769,0.2602308273315437
2023-08-12 20:00:00,11.3,15.8,13.3,2.0,134.0,12.3,12.172448,0.12755184173584055
2023-08-12 21:00:00,12.3,18.0,18.3,2.3000000000000003,128.0,13.3,13.368026,-0.06802577972412038
2023-08-12 22:00:00,13.3,20.3,21.900000000000002,2.5,123.0,12.5,14.230086,-1.730086326599121
2023-08-12 23:00:00,12.5,20.0,23.5,2.2,106.0,13.100000000000001,13.243157,-0.14315738677978374
2023-08-13 00:00:00,13.100000000000001,22.1,22.900000000000002,1.9000000000000001,100.0,13.100000000000001,13.044134,0.055865859985352984
2023-08-13 01:00:00,13.100000000000001,23.5,21.3,1.8,91.0,16.1,13.644259,2.455740547180177
2023-08-13 02:00:00,16.1,26.6,18.7,1.7000000000000002,82.0,16.1,16.8805,-0.7805007934570298
2023-08-13 03:00:00,16.1,24.900000000000002,16.400000000000002,1.6,82.0,16.7,16.592827,0.10717315673828054
2023-08-13 04:00:00,16.7,24.6,15.100000000000001,1.6,79.0,17.8,16.932093,0.8679073333740241
2023-08-13 05:00:00,17.8,24.8,14.700000000000001,1.6,76.0,16.7,18.168665,-1.4686649322509773
2023-08-13 06:00:00,16.7,23.0,16.0,1.8,71.0,16.0,17.436962,-1.4369621276855469
2023-08-13 07:00:00,16.0,22.1,17.5,1.8,66.0,14.200000000000001,16.583948,-2.3839481353759755
2023-08-13 08:00:00,14.200000000000001,20.700000000000003,18.400000000000002,1.7000000000000002,62.0,14.3,13.59339,0.7066095352172859
2023-08-13 09:00:00,14.3,18.900000000000002,13.9,1.8,61.0,11.4,13.334554,-1.9345537185668942
2023-08-13 10:00:00,11.4,17.900000000000002,12.600000000000001,1.6,76.0,11.9,11.349715,0.5502847671508793
2023-08-13 11:00:00,11.9,16.6,10.9,1.7000000000000002,87.0,11.700000000000001,11.394352,0.30564804077148544
2023-08-13 12:00:00,11.700000000000001,16.5,8.5,1.5,102.0,12.0,11.051297,0.9487028121948242
2023-08-13 13:00:00,12.0,16.900000000000002,7.300000000000001,1.6,111.0,12.5,11.627891,0.8721094131469727
2023-08-13 14:00:00,12.5,16.7,6.7,1.9000000000000001,124.0,12.4,11.918393,0.4816068649291996
2023-08-13 15:00:00,12.4,16.2,6.7,1.9000000000000001,131.0,13.100000000000001,12.056854,1.0431457519531264
2023-08-13 16:00:00,13.100000000000001,16.900000000000002,6.6000000000000005,1.9000000000000001,139.0,12.600000000000001,12.676052,-0.07605209350585795
2023-08-13 17:00:00,12.600000000000001,17.1,6.800000000000001,1.7000000000000002,140.0,13.0,12.180466,0.8195343017578125
2023-08-13 18:00:00,13.0,17.400000000000002,7.9,1.6,137.0,12.700000000000001,12.629208,0.07079238891601669
2023-08-13 19:00:00,12.700000000000001,16.2,9.200000000000001,1.6,137.0,12.5,12.494541,0.005458831787109375
2023-08-13 20:00:00,12.5,17.2,14.5,2.1,132.0,13.0,13.470291,-0.4702911376953125
2023-08-13 21:00:00,13.0,16.5,16.7,2.1,119.0,13.200000000000001,13.527789,-0.32778911590576065
2023-08-13 22:00:00,13.200000000000001,18.900000000000002,18.900000000000002,2.1,120.0,13.600000000000001,13.802233,-0.2022327423095689
2023-08-13 23:00:00,13.600000000000001,19.200000000000003,18.6,2.2,115.0,13.200000000000001,13.946743,-0.7467430114746083
2023-08-14 00:00:00,13.200000000000001,18.400000000000002,19.1,1.8,103.0,13.3,12.621083,0.6789167404174812
2023-08-14 01:00:00,13.3,17.5,19.400000000000002,1.8,91.0,12.200000000000001,12.77916,-0.5791595458984364
2023-08-14 02:00:00,12.200000000000001,16.400000000000002,17.0,1.6,86.0,14.8,11.881892,2.9181077957153327
2023-08-14 03:00:00,14.8,20.3,15.600000000000001,1.7000000000000002,75.0,14.4,14.518387,-0.11838684082031214
2023-08-14 04:00:00,14.4,20.400000000000002,16.1,1.6,75.0,15.100000000000001,14.365454,0.734546279907228
2023-08-14 05:00:00,15.100000000000001,20.8,15.100000000000001,1.9000000000000001,72.0,15.9,15.226954,0.6730455398559574
2023-08-14 06:00:00,15.9,21.400000000000002,15.100000000000001,1.9000000000000001,69.0,18.2,16.571226,1.628773880004882
2023-08-14 07:00:00,18.2,24.0,19.900000000000002,2.2,60.0,17.7,18.691454,-0.991453933715821
2023-08-14 08:00:00,17.7,22.400000000000002,22.400000000000002,2.4000000000000004,62.0,19.3,17.068354,2.231646347045899
2023-08-14 09:00:00,19.3,23.700000000000003,26.0,2.7,60.0,17.1,17.54935,-0.4493507385253892
2023-08-14 10:00:00,17.1,23.0,23.1,2.6,62.0,16.3,15.720697,0.5793025970458991
2023-08-14 11:00:00,16.3,22.400000000000002,19.200000000000003,2.3000000000000003,81.0,16.5,15.426194,1.073805809020996
2023-08-14 12:00:00,16.5,22.5,15.100000000000001,2.0,100.0,15.100000000000001,15.759748,-0.6597484588623033
2023-08-14 13:00:00,15.100000000000001,22.0,11.3,2.3000000000000003,118.0,13.9,14.560714,-0.6607137680053707
2023-08-14 14:00:00,13.9,19.700000000000003,10.100000000000001,2.2,131.0,13.8,13.435624,0.3643758773803718
2023-08-14 15:00:00,13.8,19.1,8.0,2.2,139.0,12.8,13.49139,-0.6913902282714837
2023-08-14 16:00:00,12.8,18.6,8.700000000000001,1.9000000000000001,140.0,13.100000000000001,12.314681,0.7853189468383803
2023-08-14 17:00:00,13.100000000000001,18.6,9.0,2.0,143.0,13.5,13.026799,0.47320079803466797
2023-08-14 18:00:00,13.5,18.400000000000002,9.200000000000001,2.1,142.0,13.700000000000001,13.468798,0.23120231628418075
2023-08-14 19:00:00,13.700000000000001,18.8,10.3,2.0,140.0,14.9,13.834005,1.0659946441650394
2023-08-14 20:00:00,14.9,19.8,13.5,1.9000000000000001,128.0,14.700000000000001,15.757927,-1.0579269409179677
2023-08-14 21:00:00,14.700000000000001,21.0,15.600000000000001,2.3000000000000003,123.0,14.700000000000001,15.338795,-0.6387947082519521
2023-08-14 22:00:00,14.700000000000001,23.8,21.6,2.2,105.0,15.0,15.782516,-0.7825155258178711
2023-08-14 23:00:00,15.0,24.5,19.8,2.2,113.0,14.200000000000001,15.2453,-1.045300292968749
2023-08-15 00:00:00,14.200000000000001,24.200000000000003,18.1,2.1,100.0,13.8,14.050252,-0.2502519607543938
2023-08-15 01:00:00,13.8,19.6,17.6,1.8,87.0,13.8,13.562924,0.23707561492919993
2023-08-15 02:00:00,13.8,21.6,20.1,2.1,78.0,13.8,14.070643,-0.27064342498779226
2023-08-15 03:00:00,13.8,20.5,19.3,1.9000000000000001,76.0,14.100000000000001,14.008991,0.0910087585449233
2023-08-15 04:00:00,14.100000000000001,19.400000000000002,16.6,2.1,79.0,14.4,14.368782,0.031217956542969105
2023-08-15 05:00:00,14.4,20.5,15.700000000000001,1.7000000000000002,72.0,13.9,14.495616,-0.5956159591674801
2023-08-15 06:00:00,13.9,20.1,17.5,1.4000000000000001,66.0,14.600000000000001,14.768945,-0.16894474029540874
2023-08-15 07:00:00,14.600000000000001,20.200000000000003,18.1,1.5,61.0,16.400000000000002,15.301385,1.098615074157717
2023-08-15 08:00:00,16.400000000000002,20.1,23.1,1.8,52.0,17.3,15.0811205,2.2188795089721687
2023-08-15 09:00:00,17.3,24.0,18.900000000000002,2.1,64.0,14.3,16.003729,-1.7037288665771477
2023-08-15 10:00:00,14.3,24.700000000000003,15.8,2.3000000000000003,71.0,12.9,13.47474,-0.5747400283813473
2023-08-15 11:00:00,12.9,21.3,13.4,2.3000000000000003,92.0,13.8,12.074236,1.7257640838623054
2023-08-15 12:00:00,13.8,19.700000000000003,10.200000000000001,2.4000000000000004,106.0,14.4,13.066213,1.3337873458862308
2023-08-15 13:00:00,14.4,19.3,8.8,2.4000000000000004,117.0,14.3,13.629218,0.6707818984985359
2023-08-15 14:00:00,14.3,18.2,8.5,2.3000000000000003,125.0,13.700000000000001,13.406101,0.29389877319336044
2023-08-15 15:00:00,13.700000000000001,18.3,7.7,1.8,132.0,13.0,13.05431,-0.054309844970703125
2023-08-15 16:00:00,13.0,18.3,7.5,2.1,138.0,12.4,12.651783,-0.25178298950195277
2023-08-15 17:00:00,12.4,17.1,7.800000000000001,2.0,141.0,12.4,12.11599,0.2840103149414066
2023-08-15 18:00:00,12.4,16.8,7.2,1.9000000000000001,141.0,12.3,11.953385,0.3466146469116218
2023-08-15 19:00:00,12.3,17.8,9.600000000000001,2.0,140.0,12.9,12.573962,0.32603778839111364
2023-08-15 20:00:00,12.9,16.5,12.100000000000001,2.3000000000000003,134.0,13.8,13.222952,0.5770481109619148
2023-08-15 21:00:00,13.8,20.0,18.0,2.5,120.0,13.700000000000001,14.951312,-1.2513120651245107
2023-08-15 22:00:00,13.700000000000001,20.700000000000003,19.700000000000003,3.1,110.0,14.200000000000001,14.339835,-0.13983516693115128
2023-08-15 23:00:00,14.200000000000001,20.900000000000002,20.0,3.1,92.0,14.5,14.083064,0.41693592071533203
2023-08-16 00:00:00,14.5,22.3,23.8,2.9000000000000004,83.0,16.7,14.829185,1.870815467834472
2023-08-16 01:00:00,16.7,25.200000000000003,26.700000000000003,2.5,82.0,15.3,17.60284,-2.3028404235839837
2023-08-16 02:00:00,15.3,21.900000000000002,22.6,2.6,84.0,15.8,15.653506,0.1464937210083015
2023-08-16 03:00:00,15.8,22.200000000000003,17.2,1.5,90.0,15.9,15.841392,0.05860843658447301
2023-08-16 04:00:00,15.9,21.5,13.3,1.5,92.0,15.0,15.864474,-0.8644742965698242
2023-08-16 05:00:00,15.0,19.8,13.700000000000001,1.8,86.0,14.600000000000001,14.944477,-0.3444770812988267
2023-08-16 06:00:00,14.600000000000001,19.0,14.4,1.9000000000000001,89.0,14.8,15.377425,-0.5774251937866204
2023-08-16 07:00:00,14.8,21.3,17.5,2.2,73.0,15.600000000000001,15.624205,-0.024204635620115766
2023-08-16 08:00:00,15.600000000000001,20.900000000000002,22.3,1.9000000000000001,64.0,18.6,14.434429,4.1655708312988295
2023-08-16 09:00:00,18.6,24.8,24.1,1.8,62.0,18.0,16.798542,1.2014579772949219
2023-08-16 10:00:00,18.0,26.6,19.900000000000002,1.9000000000000001,79.0,14.4,17.189257,-2.78925666809082
2023-08-16 11:00:00,14.4,21.900000000000002,15.9,1.9000000000000001,99.0,13.9,13.73861,0.1613897323608402
2023-08-16 12:00:00,13.9,20.5,13.4,1.9000000000000001,108.0,13.4,13.236725,0.16327514648437536
2023-08-16 13:00:00,13.4,20.6,11.100000000000001,1.9000000000000001,120.0,13.4,12.883895,0.5161050796508793
2023-08-16 14:00:00,13.4,19.5,10.700000000000001,1.7000000000000002,128.0,13.5,13.104481,0.3955192565917969
2023-08-16 15:00:00,13.5,20.900000000000002,9.5,1.7000000000000002,134.0,13.5,13.336584,0.16341590881347656
2023-08-16 16:00:00,13.5,21.3,8.6,1.8,142.0,13.100000000000001,13.5582905,-0.4582904815673814
2023-08-16 17:00:00,13.100000000000001,20.1,9.1,1.9000000000000001,150.0,13.9,13.337625,0.5623754501342777
2023-08-16 18:00:00,13.9,20.0,8.6,2.1,153.0,14.4,13.805334,0.5946659088134769
2023-08-16 19:00:00,14.4,19.5,10.4,2.2,145.0,14.3,14.924032,-0.6240322113037102
2023-08-16 20:00:00,14.3,20.0,17.7,2.7,140.0,15.3,15.639589,-0.3395893096923821
2023-08-16 21:00:00,15.3,21.1,21.400000000000002,2.4000000000000004,113.0,15.8,16.114508,-0.3145076751708977
2023-08-16 22:00:00,15.8,20.400000000000002,31.5,2.7,113.0,16.2,16.930037,-0.7300365447998054
2023-08-16 23:00:00,16.2,22.1,34.7,3.0,110.0,15.4,17.53771,-2.1377101898193356
2023-08-17 00:00:00,15.4,22.700000000000003,20.5,2.9000000000000004,98.0,15.5,15.94533,-0.4453296661376953
2023-08-17 01:00:00,15.5,22.400000000000002,17.2,2.4000000000000004,94.0,14.3,15.61157,-1.3115703582763665
2023-08-17 02:00:00,14.3,19.900000000000002,16.3,1.8,82.0,13.9,14.138159,-0.23815879821777308
2023-08-17 03:00:00,13.9,18.2,16.6,1.4000000000000001,80.0,12.100000000000001,13.372706,-1.2727064132690415
2023-08-17 04:00:00,12.100000000000001,15.0,16.2,1.8,85.0,12.100000000000001,11.80525,0.29474983215332173
2023-08-17 05:00:00,12.100000000000001,15.600000000000001,15.5,1.7000000000000002,79.0,12.100000000000001,12.071467,0.028532600402833452
2023-08-17 06:00:00,12.100000000000001,16.900000000000002,17.900000000000002,1.6,63.0,13.100000000000001,12.664809,0.4351907730102553
2023-08-17 07:00:00,13.100000000000001,17.2,18.3,1.9000000000000001,54.0,16.0,13.695947,2.30405330657959
2023-08-17 08:00:00,16.0,17.900000000000002,20.700000000000003,1.4000000000000001,51.0,19.700000000000003,14.430108,5.269891929626468
2023-08-17 09:00:00,19.700000000000003,19.5,19.900000000000002,2.5,55.0,18.400000000000002,16.095917,2.304083251953127
2023-08-17 10:00:00,18.400000000000002,21.5,17.3,2.1,76.0,15.200000000000001,16.258696,-1.0586956024169911
2023-08-17 11:00:00,15.200000000000001,20.8,13.700000000000001,2.3000000000000003,92.0,14.0,14.1420765,-0.1420764923095703
2023-08-17 12:00:00,14.0,18.5,11.5,2.1,106.0,12.700000000000001,12.869688,-0.16968803405761612
2023-08-17 13:00:00,12.700000000000001,16.6,10.3,2.0,114.0,11.700000000000001,11.804849,-0.10484867095947159
2023-08-17 14:00:00,11.700000000000001,15.200000000000001,9.600000000000001,1.8,121.0,11.700000000000001,11.21575,0.48425025939941513
2023-08-17 15:00:00,11.700000000000001,14.9,8.9,1.8,134.0,12.3,11.195167,1.1048334121704109
2023-08-17 16:00:00,12.3,15.0,9.1,2.0,144.0,10.4,11.645695,-1.2456947326660153
2023-08-17 17:00:00,10.4,13.200000000000001,10.8,1.8,146.0,10.700000000000001,10.560598,0.13940162658691513
2023-08-17 18:00:00,10.700000000000001,13.9,11.600000000000001,2.0,141.0,11.100000000000001,10.955388,0.1446119308471694
2023-08-17 19:00:00,11.100000000000001,14.200000000000001,13.700000000000001,2.1,139.0,11.200000000000001,11.749891,-0.5498912811279286
2023-08-17 20:00:00,11.200000000000001,15.600000000000001,17.0,2.4000000000000004,129.0,12.100000000000001,12.395516,-0.29551639556884624
2023-08-17 21:00:00,12.100000000000001,16.400000000000002,25.900000000000002,2.6,113.0,15.0,13.241397,1.7586030960083008
2023-08-17 22:00:00,15.0,17.2,29.0,2.6,94.0,15.700000000000001,15.390046,0.30995388031005966
2023-08-17 23:00:00,15.700000000000001,20.5,22.8,2.1,91.0,16.0,15.819767,0.18023300170898438
2023-08-18 00:00:00,16.0,21.400000000000002,19.400000000000002,2.0,84.0,13.9,15.636081,-1.7360807418823239
2023-08-18 01:00:00,13.9,19.6,17.3,2.1,70.0,15.4,13.715264,1.6847356796264652
2023-08-18 02:00:00,15.4,19.1,19.400000000000002,2.4000000000000004,64.0,15.3,15.231497,0.06850318908691477
2023-08-18 03:00:00,15.3,19.700000000000003,17.6,2.2,54.0,14.4,14.991704,-0.5917039871215817
2023-08-18 04:00:00,14.4,20.3,17.900000000000002,2.0,52.0,16.7,14.484257,2.2157432556152337
2023-08-18 05:00:00,16.7,21.5,18.6,2.0,51.0,15.3,16.529427,-1.2294265747070305
2023-08-18 06:00:00,15.3,21.400000000000002,18.900000000000002,2.0,47.0,16.900000000000002,15.962339,0.9376605987548849
2023-08-18 07:00:00,16.900000000000002,20.5,19.900000000000002,2.3000000000000003,37.0,21.700000000000003,17.319784,4.380215835571292
2023-08-18 08:00:00,21.700000000000003,21.5,24.700000000000003,2.1,35.0,18.5,20.073223,-1.5732231140136719
2023-08-18 09:00:00,18.5,20.900000000000002,26.5,2.0,46.0,17.2,15.844366,1.3556339263916009
2023-08-18 10:00:00,17.2,20.900000000000002,20.8,2.2,60.0,13.8,15.317383,-1.5173828124999993
2023-08-18 11:00:00,13.8,19.0,15.200000000000001,2.2,82.0,13.5,13.212187,0.2878131866455078
2023-08-18 12:00:00,13.5,19.6,12.4,1.9000000000000001,104.0,12.9,13.1469555,-0.24695549011230433
2023-08-18 13:00:00,12.9,19.5,10.9,1.9000000000000001,113.0,12.0,12.2775755,-0.2775754928588867
2023-08-18 14:00:00,12.0,16.6,10.3,1.8,123.0,12.200000000000001,11.660245,0.5397550582885753
2023-08-18 15:00:00,12.200000000000001,18.7,9.5,1.8,136.0,13.600000000000001,12.052148,1.5478521347045913
2023-08-18 16:00:00,13.600000000000001,19.0,9.5,1.6,137.0,13.600000000000001,13.642618,-0.04261817932128764
2023-08-18 17:00:00,13.600000000000001,19.200000000000003,9.700000000000001,1.3,143.0,13.700000000000001,13.628418,0.07158203125000107
2023-08-18 18:00:00,13.700000000000001,18.900000000000002,9.600000000000001,1.7000000000000002,151.0,13.9,13.454161,0.44583930969238317
2023-08-18 19:00:00,13.9,19.1,10.3,1.9000000000000001,153.0,14.200000000000001,14.351351,-0.15135078430175675
2023-08-18 20:00:00,14.200000000000001,19.6,14.8,2.2,137.0,15.0,15.315005,-0.3150053024291992
2023-08-18 21:00:00,15.0,21.400000000000002,18.400000000000002,2.5,132.0,15.4,15.656134,-0.2561336517333981
2023-08-18 22:00:00,15.4,22.400000000000002,20.0,2.6,126.0,14.3,16.536867,-2.236867141723632
2023-08-18 23:00:00,14.3,22.700000000000003,22.200000000000003,2.2,128.0,14.100000000000001,15.125516,-1.0255159378051744
2023-08-19 00:00:00,14.100000000000001,21.200000000000003,18.7,2.0,123.0,14.200000000000001,13.740889,0.4591114044189464
2023-08-19 01:00:00,14.200000000000001,22.200000000000003,18.7,2.2,112.0,16.8,14.224316,2.575684356689454
2023-08-19 02:00:00,16.8,25.1,20.6,2.2,97.0,20.1,17.100904,2.9990955352783217
2023-08-19 03:00:00,20.1,29.5,20.1,2.1,88.0,20.0,20.265055,-0.26505470275878906
2023-08-19 04:00:00,20.0,31.0,19.3,2.3000000000000003,80.0,18.0,20.396978,-2.3969783782958984
2023-08-19 05:00:00,18.0,29.1,17.400000000000002,2.4000000000000004,78.0,18.900000000000002,18.690588,0.2094120025634787
2023-08-19 06:00:00,18.900000000000002,28.6,17.1,2.2,76.0,20.900000000000002,19.025372,1.8746284484863303
2023-08-19 07:00:00,20.900000000000002,29.1,20.900000000000002,2.2,70.0,21.0,21.298832,-0.2988319396972656
2023-08-19 08:00:00,21.0,30.700000000000003,25.0,2.2,68.0,19.700000000000003,21.274837,-1.5748374938964815
2023-08-19 09:00:00,19.700000000000003,31.5,20.400000000000002,2.0,75.0,18.5,18.57481,-0.07481002807617188
2023-08-19 10:00:00,18.5,31.900000000000002,16.2,2.0,84.0,17.7,17.731363,-0.03136329650878977
2023-08-19 11:00:00,17.7,29.200000000000003,13.700000000000001,1.8,99.0,16.900000000000002,17.740232,-0.8402324676513651
2023-08-19 12:00:00,16.900000000000002,26.1,11.8,1.9000000000000001,115.0,17.3,15.977334,1.322665977478028
2023-08-19 13:00:00,17.3,25.700000000000003,10.3,1.8,129.0,16.0,16.547253,-0.5472526550292969
2023-08-19 14:00:00,16.0,24.200000000000003,8.9,1.6,143.0,15.3,15.476707,-0.17670745849609304
2023-08-19 15:00:00,15.3,23.700000000000003,7.9,1.8,144.0,15.700000000000001,14.985154,0.7148458480834972
2023-08-19 16:00:00,15.700000000000001,25.200000000000003,8.3,1.7000000000000002,151.0,15.3,15.58606,-0.2860595703124993
2023-08-19 17:00:00,15.3,25.1,8.1,1.4000000000000001,152.0,15.4,15.32485,0.07514991760253942
2023-08-19 18:00:00,15.4,24.700000000000003,8.8,2.0,154.0,14.700000000000001,15.748159,-1.0481594085693349
2023-08-19 19:00:00,14.700000000000001,23.6,9.0,2.1,158.0,15.0,15.783308,-0.7833080291748047
2023-08-19 20:00:00,15.0,22.900000000000002,11.700000000000001,2.6,145.0,15.5,15.99311,-0.49310970306396484
2023-08-19 21:00:00,15.5,25.6,18.0,2.8000000000000003,136.0,16.7,16.449514,0.25048561096191335
2023-08-19 22:00:00,16.7,28.1,19.3,2.8000000000000003,129.0,17.2,17.948414,-0.7484138488769538
2023-08-19 23:00:00,17.2,29.400000000000002,21.700000000000003,2.2,116.0,17.2,17.66353,-0.463530349731446
2023-08-20 00:00:00,17.2,28.1,21.8,2.4000000000000004,117.0,16.8,17.34056,-0.5405609130859368
2023-08-20 01:00:00,16.8,30.1,19.900000000000002,2.1,113.0,18.7,16.500744,2.1992561340332024
2023-08-20 02:00:00,18.7,32.9,20.200000000000003,1.7000000000000002,94.0,19.400000000000002,19.364967,0.03503265380859588
2023-08-20 03:00:00,19.400000000000002,31.1,20.0,1.8,91.0,19.1,19.671413,-0.571413421630858
2023-08-20 04:00:00,19.1,28.200000000000003,18.900000000000002,1.7000000000000002,80.0,18.900000000000002,19.146822,-0.24682197570800568
2023-08-20 05:00:00,18.900000000000002,28.700000000000003,16.900000000000002,2.0,78.0,19.0,18.84634,0.15365982055664062
2023-08-20 06:00:00,19.0,29.700000000000003,15.8,2.0,76.0,19.200000000000003,19.111496,0.08850402832031534
2023-08-20 07:00:00,19.200000000000003,28.6,18.7,2.2,71.0,17.7,19.762817,-2.0628173828125007
2023-08-20 08:00:00,17.7,27.900000000000002,19.700000000000003,2.2,69.0,16.6,17.808153,-1.208153152465819
2023-08-20 09:00:00,16.6,26.0,18.5,2.3000000000000003,74.0,18.0,15.815289,2.184711456298828
2023-08-20 10:00:00,18.0,28.900000000000002,15.3,2.1,84.0,17.400000000000002,17.104946,0.29505386352539276
2023-08-20 11:00:00,17.400000000000002,27.400000000000002,12.3,1.8,101.0,16.400000000000002,16.933725,-0.5337253570556619
2023-08-20 12:00:00,16.400000000000002,25.200000000000003,9.700000000000001,1.7000000000000002,116.0,16.900000000000002,15.566133,1.3338674545288107
2023-08-20 13:00:00,16.900000000000002,24.1,7.9,1.7000000000000002,126.0,16.2,16.0286,0.17139930725097585
2023-08-20 14:00:00,16.2,23.0,7.800000000000001,1.6,132.0,15.8,15.803419,-0.003419113159178977
2023-08-20 15:00:00,15.8,22.0,6.4,1.6,137.0,14.0,15.307653,-1.3076534271240234
2023-08-20 16:00:00,14.0,20.200000000000003,6.800000000000001,1.6,145.0,14.200000000000001,13.849031,0.35096855163574325
2023-08-20 17:00:00,14.200000000000001,19.1,8.1,1.7000000000000002,151.0,14.200000000000001,14.367651,-0.16765098571777237
2023-08-20 18:00:00,14.200000000000001,19.200000000000003,8.1,1.7000000000000002,149.0,15.4,14.109853,1.2901472091674808
2023-08-20 19:00:00,15.4,19.8,9.600000000000001,1.7000000000000002,144.0,15.700000000000001,15.843955,-0.14395503997802628
2023-08-20 20:00:00,15.700000000000001,22.200000000000003,10.600000000000001,2.1,136.0,15.8,16.396006,-0.5960056304931634
2023-08-20 21:00:00,15.8,23.200000000000003,14.200000000000001,2.1,131.0,16.1,16.624153,-0.5241531372070298
2023-08-20 22:00:00,16.1,22.8,17.1,2.0,127.0,16.6,16.837477,-0.23747673034667827
2023-08-20 23:00:00,16.6,24.700000000000003,18.1,2.2,119.0,15.700000000000001,16.993717,-1.2937171936035146
2023-08-21 00:00:00,15.700000000000001,26.200000000000003,15.200000000000001,2.5,107.0,15.9,15.575468,0.32453193664550817
2023-08-21 01:00:00,15.9,24.8,16.8,2.6,98.0,15.9,15.960493,-0.06049308776855433
2023-08-21 02:00:00,15.9,26.1,18.0,2.3000000000000003,82.0,15.0,16.438375,-1.438375473022461
2023-08-21 03:00:00,15.0,24.400000000000002,20.200000000000003,1.9000000000000001,75.0,15.4,15.065344,0.3346561431884769
2023-08-21 04:00:00,15.4,24.6,18.900000000000002,2.3000000000000003,67.0,17.6,15.827466,1.7725339889526381
2023-08-21 05:00:00,17.6,27.400000000000002,19.3,2.5,66.0,18.5,18.187681,0.3123188018798828
2023-08-21 06:00:00,18.5,27.200000000000003,18.2,2.6,63.0,18.6,18.979006,-0.3790058135986314
2023-08-21 07:00:00,18.6,27.400000000000002,26.6,2.9000000000000004,59.0,18.400000000000002,19.694687,-1.2946868896484354
2023-08-21 08:00:00,18.400000000000002,28.700000000000003,31.400000000000002,2.6,56.0,18.1,18.33069,-0.2306903839111314
2023-08-21 09:00:00,18.1,31.1,30.0,2.6,60.0,19.400000000000002,17.537956,1.8620437622070334
2023-08-21 10:00:00,19.400000000000002,30.1,25.3,3.0,71.0,18.7,18.265116,0.4348842620849602
2023-08-21 11:00:00,18.7,29.0,20.400000000000002,2.5,93.0,17.900000000000002,17.681376,0.21862449645996307
2023-08-21 12:00:00,17.900000000000002,27.0,16.7,2.7,111.0,17.900000000000002,16.864092,1.0359081268310568
2023-08-21 13:00:00,17.900000000000002,25.5,12.8,2.6,127.0,15.4,17.049974,-1.64997444152832
2023-08-21 14:00:00,15.4,22.5,12.3,2.3000000000000003,140.0,15.9,15.099672,0.8003276824951175
2023-08-21 15:00:00,15.9,21.8,10.9,2.3000000000000003,147.0,15.0,15.644623,-0.644622802734375
2023-08-21 16:00:00,15.0,21.400000000000002,9.700000000000001,2.4000000000000004,149.0,14.100000000000001,14.844698,-0.7446979522705064
2023-08-21 17:00:00,14.100000000000001,20.0,9.3,2.3000000000000003,148.0,13.9,14.5596485,-0.659648513793945
2023-08-21 18:00:00,13.9,19.3,11.5,2.0,147.0,14.0,14.360393,-0.36039257049560547
2023-08-21 19:00:00,14.0,19.8,10.9,2.1,149.0,15.0,14.670958,0.3290424346923828
2023-08-21 20:00:00,15.0,22.400000000000002,21.1,2.6,132.0,16.0,16.694204,-0.6942043304443359
2023-08-21 21:00:00,16.0,26.0,34.300000000000004,2.8000000000000003,119.0,17.3,18.241184,-0.9411842346191399
2023-08-21 22:00:00,17.3,25.1,31.200000000000003,2.8000000000000003,102.0,18.900000000000002,18.65539,0.24461021423340057
2023-08-21 23:00:00,18.900000000000002,28.1,36.4,2.6,84.0,16.3,20.041714,-3.7417137145996087
2023-08-22 00:00:00,16.3,27.700000000000003,28.6,2.7,77.0,17.400000000000002,17.592623,-0.19262275695800568
2023-08-22 01:00:00,17.400000000000002,26.200000000000003,27.1,2.9000000000000004,72.0,16.400000000000002,18.216217,-1.8162170410156229
2023-08-22 02:00:00,16.400000000000002,28.0,30.5,2.6,66.0,16.5,17.33104,-0.8310394287109375
2023-08-22 03:00:00,16.5,27.8,28.200000000000003,2.4000000000000004,63.0,17.3,17.462708,-0.1627075195312493
2023-08-22 04:00:00,17.3,28.900000000000002,22.900000000000002,2.3000000000000003,60.0,18.3,17.509409,0.7905910491943366
2023-08-22 05:00:00,18.3,28.6,23.0,2.5,55.0,20.1,18.546198,1.5538021087646499
2023-08-22 06:00:00,20.1,28.3,22.0,2.8000000000000003,57.0,20.5,20.48112,0.018880844116210938
2023-08-22 07:00:00,20.5,27.6,28.0,2.9000000000000004,54.0,20.0,20.829271,-0.8292713165283203
2023-08-22 08:00:00,20.0,32.0,35.300000000000004,2.9000000000000004,48.0,18.1,19.66621,-1.5662101745605455
2023-08-22 09:00:00,18.1,32.800000000000004,31.900000000000002,2.9000000000000004,54.0,19.6,17.671349,1.9286514282226577
2023-08-22 10:00:00,19.6,32.800000000000004,26.700000000000003,3.2,57.0,17.3,17.98068,-0.6806804656982415
2023-08-22 11:00:00,17.3,29.400000000000002,20.900000000000002,3.3000000000000003,87.0,17.0,16.193962,0.8060379028320312
2023-08-22 12:00:00,17.0,29.5,17.1,2.5,105.0,17.1,16.518116,0.5818840026855483
2023-08-22 13:00:00,17.1,30.1,14.9,2.4000000000000004,130.0,17.2,16.357632,0.8423683166503899
2023-08-22 14:00:00,17.2,29.200000000000003,14.700000000000001,2.8000000000000003,150.0,16.7,16.385874,0.3141262054443352
2023-08-22 15:00:00,16.7,29.1,12.200000000000001,2.9000000000000004,164.0,16.2,15.985722,0.21427841186523366
2023-08-22 16:00:00,16.2,28.900000000000002,10.3,2.8000000000000003,169.0,16.1,16.648848,-0.5488475799560533
2023-08-22 17:00:00,16.1,27.3,11.9,2.5,166.0,16.1,17.127966,-1.027965927124022
2023-08-22 18:00:00,16.1,27.200000000000003,13.700000000000001,2.8000000000000003,175.0,16.7,17.773556,-1.073555755615235
2023-08-22 19:00:00,16.7,27.400000000000002,13.0,2.6,172.0,18.400000000000002,18.560062,-0.1600624084472635
2023-08-22 20:00:00,18.400000000000002,28.3,21.200000000000003,2.9000000000000004,155.0,19.0,20.341768,-1.3417682647705078
2023-08-22 21:00:00,19.0,29.8,27.400000000000002,3.0,124.0,19.0,21.133972,-2.13397216796875
2023-08-22 22:00:00,19.0,31.8,31.700000000000003,3.3000000000000003,115.0,19.6,21.604645,-2.0046447753906236
2023-08-22 23:00:00,19.6,33.2,41.1,3.0,96.0,18.0,21.29492,-3.294919967651367
2023-08-23 00:00:00,18.0,30.400000000000002,38.5,2.8000000000000003,91.0,16.400000000000002,19.585972,-3.1859718322753885
2023-08-23 01:00:00,16.400000000000002,29.3,32.0,3.2,82.0,16.7,16.946392,-0.24639205932617259
2023-08-23 02:00:00,16.7,32.7,29.1,3.0,76.0,19.0,17.973167,1.0268325805664062
2023-08-23 03:00:00,19.0,29.900000000000002,28.700000000000003,2.8000000000000003,65.0,20.0,20.037037,-0.037036895751953125
2023-08-23 04:00:00,20.0,29.700000000000003,28.1,3.2,67.0,19.3,20.531477,-1.231476974487304
2023-08-23 05:00:00,19.3,27.400000000000002,20.3,2.8000000000000003,66.0,19.5,19.92151,-0.4215106964111328
2023-08-23 06:00:00,19.5,26.400000000000002,20.700000000000003,2.6,68.0,20.200000000000003,20.210894,-0.01089363098144247
2023-08-23 07:00:00,20.200000000000003,28.6,29.1,2.6,67.0,22.3,21.336878,0.9631221771240241
2023-08-23 08:00:00,22.3,29.1,30.5,2.9000000000000004,60.0,19.6,22.186672,-2.586672210693358
2023-08-23 09:00:00,19.6,34.1,35.7,2.8000000000000003,54.0,19.6,18.431149,1.168851470947267
2023-08-23 10:00:00,19.6,31.6,31.700000000000003,3.4000000000000004,67.0,20.900000000000002,18.202831,2.6971687316894553
2023-08-23 11:00:00,20.900000000000002,32.0,24.900000000000002,3.2,89.0,19.8,19.618242,0.1817577362060554
2023-08-23 12:00:00,19.8,32.7,19.700000000000003,2.9000000000000004,126.0,19.400000000000002,18.894958,0.5050415039062521
2023-08-23 13:00:00,19.400000000000002,32.300000000000004,16.6,2.8000000000000003,150.0,18.5,18.550018,-0.050018310546875
2023-08-23 14:00:00,18.5,31.0,13.600000000000001,2.7,153.0,17.1,18.202284,-1.1022838592529283
2023-08-23 15:00:00,17.1,28.400000000000002,12.5,2.9000000000000004,168.0,16.6,16.611568,-0.011568450927732954
2023-08-23 16:00:00,16.6,28.6,11.8,3.2,179.0,16.900000000000002,16.786217,0.11378326416015838
2023-08-23 17:00:00,16.900000000000002,29.1,11.8,3.3000000000000003,182.0,17.3,17.253382,0.04661827087402415
2023-08-23 18:00:00,17.3,27.200000000000003,11.600000000000001,3.3000000000000003,177.0,16.6,18.24009,-1.6400894165039048
2023-08-23 19:00:00,16.6,27.200000000000003,15.0,3.8000000000000003,157.0,18.0,18.09466,-0.09465980529785156
2023-08-23 20:00:00,18.0,28.8,25.400000000000002,4.2,144.0,18.8,20.123997,-1.32399673461914
2023-08-23 21:00:00,18.8,30.200000000000003,26.6,3.9000000000000004,134.0,18.900000000000002,20.233038,-1.3330379486083963
2023-08-23 22:00:00,18.900000000000002,30.3,26.0,3.6,117.0,18.400000000000002,20.240574,-1.8405738830566385
2023-08-23 23:00:00,18.400000000000002,30.900000000000002,29.5,3.7,104.0,17.7,19.695145,-1.9951446533203132
2023-08-24 00:00:00,17.7,30.6,27.0,3.1,84.0,18.1,19.053316,-0.9533161163330064
2023-08-24 01:00:00,18.1,29.200000000000003,26.3,2.7,70.0,18.6,18.438227,0.16177330017089986
2023-08-24 02:00:00,18.6,32.300000000000004,29.0,3.3000000000000003,65.0,19.8,19.507675,0.2923248291015632
2023-08-24 03:00:00,19.8,31.200000000000003,28.8,2.7,69.0,18.900000000000002,20.612173,-1.7121730804443338
2023-08-24 04:00:00,18.900000000000002,32.800000000000004,26.900000000000002,2.6,75.0,19.900000000000002,20.271797,-0.3717971801757791
2023-08-24 05:00:00,19.900000000000002,31.400000000000002,23.200000000000003,2.8000000000000003,74.0,19.0,20.70935,-1.7093505859375
2023-08-24 06:00:00,19.0,30.200000000000003,21.6,2.8000000000000003,71.0,19.700000000000003,19.733686,-0.033686447143551845
2023-08-24 07:00:00,19.700000000000003,31.6,23.900000000000002,2.9000000000000004,62.0,21.6,20.462475,1.1375251770019545
2023-08-24 08:00:00,21.6,35.0,27.6,2.9000000000000004,52.0,21.5,21.528254,-0.028253555297851562
2023-08-24 09:00:00,21.5,33.9,32.1,3.1,55.0,19.0,19.884716,-0.8847160339355469
2023-08-24 10:00:00,19.0,34.5,28.8,2.4000000000000004,60.0,18.3,18.564634,-0.2646343231201165
2023-08-24 11:00:00,18.3,33.300000000000004,26.400000000000002,2.7,86.0,17.2,18.200876,-1.0008762359619148
2023-08-24 12:00:00,17.2,31.3,18.900000000000002,2.6,118.0,17.0,16.678026,0.3219738006591797
2023-08-24 13:00:00,17.0,31.1,15.0,2.0,134.0,17.0,16.956215,0.04378509521484375
2023-08-24 14:00:00,17.0,30.5,13.0,2.2,143.0,16.1,17.02382,-0.9238208770751939
2023-08-24 15:00:00,16.1,30.1,11.9,2.2,149.0,15.9,15.745116,0.15488376617431676
2023-08-24 16:00:00,15.9,28.6,11.3,2.3000000000000003,157.0,16.5,16.06006,0.4399394989013672
2023-08-24 17:00:00,16.5,28.200000000000003,13.0,2.4000000000000004,158.0,16.1,17.63083,-1.5308307647705064
2023-08-24 18:00:00,16.1,28.3,12.600000000000001,2.7,156.0,17.1,17.046322,0.053678131103517046
2023-08-24 19:00:00,17.1,30.3,18.1,3.1,149.0,16.7,18.593233,-1.8932331085205085
2023-08-24 20:00:00,16.7,30.0,19.8,3.2,136.0,17.400000000000002,18.582787,-1.1827865600585916
2023-08-24 21:00:00,17.400000000000002,29.6,26.5,3.4000000000000004,129.0,17.7,18.917322,-1.2173221588134773
2023-08-24 22:00:00,17.7,29.700000000000003,26.700000000000003,3.3000000000000003,116.0,18.6,19.641035,-1.0410350799560533
2023-08-24 23:00:00,18.6,35.1,28.700000000000003,3.5,113.0,17.400000000000002,19.393318,-1.9933181762695291
2023-08-25 00:00:00,17.400000000000002,33.1,30.700000000000003,3.6,87.0,16.7,18.612528,-1.9125278472900398
2023-08-25 01:00:00,16.7,31.3,30.8,3.7,77.0,18.5,17.736301,0.7636985778808594
2023-08-25 02:00:00,18.5,30.700000000000003,34.2,3.5,72.0,17.0,19.560564,-2.5605640411376953
2023-08-25 03:00:00,17.0,29.900000000000002,32.1,3.1,78.0,17.400000000000002,18.106133,-0.7061325073242166
2023-08-25 04:00:00,17.400000000000002,28.8,23.1,2.9000000000000004,79.0,17.5,17.652159,-0.1521587371826172
2023-08-25 05:00:00,17.5,30.8,20.5,2.8000000000000003,77.0,19.5,18.2225,1.2775001525878906
2023-08-25 06:00:00,19.5,31.5,27.3,2.9000000000000004,69.0,22.1,20.618158,1.4818416595458999
2023-08-25 07:00:00,22.1,33.2,29.900000000000002,3.5,58.0,26.1,23.118315,2.9816852569580092
2023-08-25 08:00:00,26.1,35.9,38.800000000000004,3.1,53.0,20.700000000000003,25.205437,-4.505436706542966
2023-08-25 09:00:00,20.700000000000003,39.0,33.1,3.4000000000000004,45.0,22.6,19.397509,3.202491378784181
2023-08-25 10:00:00,22.6,39.2,28.6,3.4000000000000004,64.0,20.5,21.634903,-1.1349029541015625
2023-08-25 11:00:00,20.5,35.0,24.6,4.0,90.0,17.2,18.645363,-1.445362854003907
2023-08-25 12:00:00,17.2,32.5,18.7,3.6,102.0,19.400000000000002,16.162943,3.237057113647463
2023-08-25 13:00:00,19.400000000000002,31.200000000000003,14.600000000000001,3.4000000000000004,123.0,18.6,18.240223,0.3597770690917983
2023-08-25 14:00:00,18.6,31.1,12.200000000000001,2.7,136.0,18.2,18.060743,0.1392566680908196
2023-08-25 15:00:00,18.2,29.3,11.100000000000001,3.0,150.0,18.3,16.895027,1.4049728393554695
2023-08-25 16:00:00,18.3,28.6,9.9,3.0,158.0,18.1,18.232777,-0.1327766418457017
2023-08-25 17:00:00,18.1,27.3,11.600000000000001,2.7,159.0,17.8,18.640821,-0.840821456909179
2023-08-25 18:00:00,17.8,27.0,11.700000000000001,3.3000000000000003,158.0,18.400000000000002,18.796799,-0.39679870605468537
2023-08-25 19:00:00,18.400000000000002,27.0,15.3,3.9000000000000004,150.0,18.0,19.35692,-1.3569202423095703
2023-08-25 20:00:00,18.0,27.1,17.0,3.9000000000000004,142.0,16.6,19.299196,-2.6991962432861314
2023-08-25 21:00:00,16.6,26.8,16.0,3.6,127.0,16.5,17.037106,-0.5371055603027344
2023-08-25 22:00:00,16.5,27.6,16.3,4.0,107.0,16.0,16.65412,-0.6541194915771484
2023-08-25 23:00:00,16.0,25.900000000000002,14.8,3.7,98.0,15.9,15.599586,0.3004144668579105
2023-08-26 00:00:00,15.9,26.0,13.200000000000001,3.6,90.0,15.700000000000001,15.764359,-0.06435947418212784
2023-08-26 01:00:00,15.700000000000001,26.1,13.5,3.6,79.0,14.8,15.452255,-0.6522552490234368
2023-08-26 02:00:00,14.8,25.8,17.2,4.2,81.0,15.200000000000001,15.049558,0.15044231414795028
2023-08-26 03:00:00,15.200000000000001,23.3,17.7,3.5,76.0,12.5,15.5819845,-3.081984519958496
2023-08-26 04:00:00,12.5,22.1,17.2,3.3000000000000003,72.0,14.100000000000001,13.067376,1.0326238632202163
2023-08-26 05:00:00,14.100000000000001,20.400000000000002,15.200000000000001,3.4000000000000004,67.0,13.4,14.457825,-1.0578247070312496
2023-08-26 06:00:00,13.4,20.700000000000003,16.1,3.4000000000000004,61.0,14.3,14.34348,-0.04348011016845632
2023-08-26 07:00:00,14.3,22.1,19.0,3.6,63.0,15.5,15.28962,0.21037960052490234
2023-08-26 08:00:00,15.5,23.200000000000003,24.8,3.5,68.0,13.9,15.057657,-1.1576572418212887
2023-08-26 09:00:00,13.9,24.3,19.200000000000003,4.1000000000000005,64.0,14.600000000000001,13.300428,1.2995716094970717
2023-08-26 10:00:00,14.600000000000001,23.900000000000002,16.8,3.7,73.0,12.4,13.594577,-1.1945768356323239
2023-08-26 11:00:00,12.4,23.200000000000003,11.9,2.7,79.0,12.4,12.22342,0.17657985687255895
2023-08-26 12:00:00,12.4,21.1,9.200000000000001,2.0,94.0,13.3,11.875925,1.4240749359130866
2023-08-26 13:00:00,13.3,20.700000000000003,8.4,3.3000000000000003,100.0,13.4,12.875668,0.524332427978516
2023-08-26 14:00:00,13.4,21.0,6.7,3.5,110.0,13.600000000000001,13.09583,0.5041700363159194
2023-08-26 15:00:00,13.600000000000001,19.6,7.2,3.2,116.0,15.4,13.452182,1.9478181838989261
2023-08-26 16:00:00,15.4,19.8,7.800000000000001,3.4000000000000004,120.0,13.700000000000001,15.138545,-1.438545036315917
2023-08-26 17:00:00,13.700000000000001,19.8,9.200000000000001,2.2,115.0,11.100000000000001,13.946961,-2.846961402893065
2023-08-26 18:00:00,11.100000000000001,19.1,11.8,1.2000000000000002,94.0,10.8,11.609318,-0.8093177795410149
2023-08-26 19:00:00,10.8,18.6,13.4,3.1,84.0,9.200000000000001,12.198396,-2.9983957290649403
2023-08-26 20:00:00,9.200000000000001,13.5,15.100000000000001,2.6,63.0,8.5,10.734183,-2.2341833114624023
2023-08-26 21:00:00,8.5,15.8,19.3,2.5,59.0,9.3,9.625857,-0.3258573532104485
2023-08-26 22:00:00,9.3,14.5,21.6,2.9000000000000004,50.0,10.200000000000001,10.079666,0.12033386230468857
2023-08-26 23:00:00,10.200000000000001,13.100000000000001,22.200000000000003,2.8000000000000003,44.0,10.5,10.29483,0.205169677734375
2023-08-27 00:00:00,10.5,13.200000000000001,22.900000000000002,2.0,41.0,10.5,10.330094,0.1699056625366211
2023-08-27 01:00:00,10.5,16.2,24.400000000000002,2.7,37.0,11.4,10.690071,0.7099288940429691
2023-08-27 02:00:00,11.4,18.7,25.700000000000003,3.0,27.0,9.600000000000001,11.272523,-1.672522926330565
2023-08-27 03:00:00,9.600000000000001,13.5,19.6,2.0,37.0,8.9,9.958651,-1.0586505889892575
2023-08-27 04:00:00,8.9,13.4,18.7,1.8,49.0,8.700000000000001,9.4785185,-0.7785184860229482
2023-08-27 05:00:00,8.700000000000001,13.4,18.1,1.5,50.0,9.8,9.539372,0.2606275558471687
2023-08-27 06:00:00,9.8,12.8,16.8,1.5,46.0,10.600000000000001,10.419438,0.1805616378784194
2023-08-27 07:00:00,10.600000000000001,14.200000000000001,17.5,1.3,42.0,10.200000000000001,11.390285,-1.190284538269042
2023-08-27 08:00:00,10.200000000000001,14.5,16.1,1.1,44.0,10.8,9.6257,1.1743000030517585
2023-08-27 09:00:00,10.8,14.5,17.5,1.5,43.0,11.700000000000001,10.0796175,1.6203824996948253
2023-08-27 10:00:00,11.700000000000001,16.3,16.900000000000002,1.3,47.0,12.700000000000001,10.791357,1.9086429595947276
2023-08-27 11:00:00,12.700000000000001,17.2,15.100000000000001,1.1,50.0,12.200000000000001,11.657652,0.5423480987548839
2023-08-27 12:00:00,12.200000000000001,17.400000000000002,13.5,1.3,54.0,12.0,11.742416,0.2575836181640625
2023-08-27 13:00:00,12.0,16.900000000000002,13.200000000000001,1.6,54.0,10.700000000000001,11.872141,-1.172140884399413
2023-08-27 14:00:00,10.700000000000001,17.5,14.0,1.6,52.0,10.700000000000001,10.826202,-0.12620239257812393
2023-08-27 15:00:00,10.700000000000001,16.2,13.0,1.7000000000000002,57.0,10.8,11.058737,-0.2587368011474602
2023-08-27 16:00:00,10.8,14.5,11.5,1.7000000000000002,61.0,11.200000000000001,10.523313,0.6766874313354503
2023-08-27 17:00:00,11.200000000000001,15.0,10.8,1.7000000000000002,63.0,12.8,11.208176,1.5918243408203132
2023-08-27 18:00:00,12.8,14.3,13.4,1.7000000000000002,61.0,12.3,12.346716,-0.04671592712402273
2023-08-27 19:00:00,12.3,14.3,15.100000000000001,1.9000000000000001,57.0,11.3,12.781174,-1.4811737060546868
2023-08-27 20:00:00,11.3,15.3,16.3,1.9000000000000001,54.0,9.9,12.338997,-2.438996887207031
2023-08-27 21:00:00,9.9,13.8,17.1,1.8,51.0,9.4,10.635594,-1.2355943679809567
2023-08-27 22:00:00,9.4,13.4,17.2,1.4000000000000001,47.0,9.200000000000001,9.986217,-0.7862165451049794
2023-08-27 23:00:00,9.200000000000001,11.600000000000001,14.600000000000001,1.1,51.0,10.3,9.432713,0.8672874450683601
2023-08-28 00:00:00,10.3,11.9,10.100000000000001,0.8,60.0,9.5,9.109209,0.3907909393310547
2023-08-28 01:00:00,9.5,10.8,9.8,0.9,57.0,7.800000000000001,8.466776,-0.6667758941650384
2023-08-28 02:00:00,7.800000000000001,9.4,9.8,0.8,56.0,7.300000000000001,7.0727515,0.22724847793579173
2023-08-28 03:00:00,7.300000000000001,8.4,8.9,0.9,60.0,6.1000000000000005,6.8204947,-0.7204946517944331
2023-08-28 04:00:00,6.1000000000000005,7.300000000000001,9.1,0.9,63.0,6.2,5.6843314,0.5156685829162599
2023-08-28 05:00:00,6.2,7.4,8.6,1.0,69.0,6.300000000000001,5.9874263,0.3125737190246589
2023-08-28 06:00:00,6.300000000000001,7.0,9.700000000000001,1.5,69.0,8.1,6.7079988,1.3920012474060055
2023-08-28 07:00:00,8.1,10.4,11.4,0.9,68.0,6.6000000000000005,8.346466,-1.7464660644531245
2023-08-28 08:00:00,6.6000000000000005,7.300000000000001,12.0,0.8,69.0,7.2,5.8249564,1.37504358291626
2023-08-28 09:00:00,7.2,8.6,11.700000000000001,1.0,66.0,7.300000000000001,6.2346044,1.065395641326905
2023-08-28 10:00:00,7.300000000000001,8.4,11.3,1.2000000000000002,64.0,6.300000000000001,6.3938084,-0.09380836486816335
2023-08-28 11:00:00,6.300000000000001,8.3,11.5,1.1,67.0,6.300000000000001,5.724069,0.5759308815002449
2023-08-28 12:00:00,6.300000000000001,7.800000000000001,12.200000000000001,1.1,69.0,5.300000000000001,5.6988215,-0.3988215446472161
2023-08-28 13:00:00,5.300000000000001,7.0,13.600000000000001,0.8,67.0,4.800000000000001,5.258283,-0.4582831382751458
2023-08-28 14:00:00,4.800000000000001,5.9,12.9,0.9,65.0,5.800000000000001,4.6164765,1.1835234642028816
2023-08-28 15:00:00,5.800000000000001,6.7,12.600000000000001,1.4000000000000001,67.0,5.800000000000001,5.546746,0.25325422286987376
2023-08-28 16:00:00,5.800000000000001,6.800000000000001,12.100000000000001,1.3,70.0,5.6000000000000005,5.404166,0.1958337783813482
2023-08-28 17:00:00,5.6000000000000005,5.5,13.9,0.9,67.0,5.0,5.342907,-0.3429069519042969
2023-08-28 18:00:00,5.0,5.2,15.8,0.9,64.0,4.9,4.9495444,-0.04954442977905238
2023-08-28 19:00:00,4.9,5.0,17.400000000000002,0.7000000000000001,56.0,4.5,5.2848644,-0.7848644256591797
2023-08-28 20:00:00,4.5,4.9,15.600000000000001,0.7000000000000001,51.0,4.800000000000001,4.618224,0.18177585601806712
2023-08-28 21:00:00,4.800000000000001,4.9,19.0,0.9,46.0,3.9000000000000004,4.846684,-0.9466839790344235
2023-08-28 22:00:00,3.9000000000000004,4.800000000000001,15.4,1.1,46.0,3.8000000000000003,3.882495,-0.08249492645263645
2023-08-28 23:00:00,3.8000000000000003,3.6,15.4,1.3,44.0,3.5,3.4324262,0.06757378578186035
2023-08-29 00:00:00,3.5,3.6,13.3,1.3,43.0,3.5,3.4367,0.06329989433288574
2023-08-29 01:00:00,3.5,3.5,10.5,1.4000000000000001,44.0,3.7,3.160179,0.5398211002349855
2023-08-29 02:00:00,3.7,4.9,10.4,1.4000000000000001,41.0,3.2,3.4166112,-0.21661119461059553
2023-08-29 03:00:00,3.2,4.3,11.0,1.7000000000000002,42.0,2.8000000000000003,3.5096185,-0.7096185207366941
2023-08-29 04:00:00,2.8000000000000003,3.8000000000000003,10.600000000000001,1.8,42.0,3.2,3.06485,0.13514990806579608
2023-08-29 05:00:00,3.2,4.1000000000000005,10.9,1.8,42.0,3.0,3.7351718,-0.7351717948913574
2023-08-29 06:00:00,3.0,4.0,10.700000000000001,1.5,41.0,3.2,3.5770726,-0.3770726203918455
2023-08-29 07:00:00,3.2,4.800000000000001,13.9,1.9000000000000001,38.0,3.8000000000000003,4.461324,-0.6613242149353025
2023-08-29 08:00:00,3.8000000000000003,5.1000000000000005,18.400000000000002,2.1,34.0,3.9000000000000004,3.7330062,0.16699376106262243
2023-08-29 09:00:00,3.9000000000000004,5.5,18.400000000000002,1.8,38.0,3.5,3.5370498,-0.03704977035522461
2023-08-29 10:00:00,3.5,5.300000000000001,17.900000000000002,1.5,36.0,3.4000000000000004,3.354781,0.04521908760070836
2023-08-29 11:00:00,3.4000000000000004,6.0,17.2,1.2000000000000002,37.0,3.1,3.2897558,-0.18975582122802725
2023-08-29 12:00:00,3.1,4.9,15.0,1.1,40.0,3.3000000000000003,3.048747,0.2512529373168948
2023-08-29 13:00:00,3.3000000000000003,5.2,14.0,1.1,48.0,3.6,3.2050266,0.394973373413086
2023-08-29 14:00:00,3.6,5.6000000000000005,14.100000000000001,1.0,52.0,3.7,3.50906,0.1909400939941408
2023-08-29 15:00:00,3.7,5.5,14.4,0.9,57.0,3.2,3.7046475,-0.5046475410461424
2023-08-29 16:00:00,3.2,5.9,13.5,0.9,60.0,3.5,3.7879567,-0.28795671463012695
2023-08-29 17:00:00,3.5,6.0,14.0,0.9,64.0,4.0,4.1589546,-0.15895462036132812
2023-08-29 18:00:00,4.0,6.5,15.200000000000001,1.4000000000000001,64.0,4.4,4.3459635,0.05403652191162145
2023-08-29 19:00:00,4.4,5.4,20.900000000000002,2.7,65.0,4.5,5.362424,-0.8624238967895508
2023-08-29 20:00:00,4.5,5.2,21.400000000000002,2.8000000000000003,68.0,4.3,5.3766108,-1.0766107559204103
2023-08-29 21:00:00,4.3,5.300000000000001,21.6,1.5,59.0,4.1000000000000005,4.628634,-0.5286339759826655
2023-08-29 22:00:00,4.1000000000000005,5.6000000000000005,19.8,2.2,52.0,4.0,4.364278,-0.36427783966064453
2023-08-29 23:00:00,4.0,5.4,17.8,2.4000000000000004,50.0,3.5,3.8962963,-0.39629626274108887
2023-08-30 00:00:00,3.5,5.300000000000001,16.400000000000002,2.5,44.0,3.3000000000000003,3.6569822,-0.35698218345642063
2023-08-30 01:00:00,3.3000000000000003,4.9,17.3,2.2,38.0,3.5,3.495018,0.00498199462890625
2023-08-30 02:00:00,3.5,5.0,17.2,2.0,28.0,3.4000000000000004,3.808123,-0.40812311172485316
2023-08-30 03:00:00,3.4000000000000004,4.9,16.8,1.9000000000000001,28.0,4.4,3.5542424,0.845757627487183
2023-08-30 04:00:00,4.4,6.300000000000001,18.2,1.9000000000000001,26.0,4.9,4.46513,0.4348701477050785
2023-08-30 05:00:00,4.9,6.7,18.0,1.7000000000000002,23.0,5.9,5.2134624,0.6865376472473148
2023-08-30 06:00:00,5.9,7.800000000000001,17.8,1.8,17.0,7.4,6.705458,0.6945418357849125
2023-08-30 07:00:00,7.4,9.200000000000001,24.200000000000003,2.0,12.0,7.300000000000001,8.689422,-1.3894216537475579
2023-08-30 08:00:00,7.300000000000001,12.3,29.1,2.2,10.0,7.300000000000001,7.7973695,-0.49736948013305593
2023-08-30 09:00:00,7.300000000000001,11.3,33.6,2.3000000000000003,7.0,7.0,8.187491,-1.1874914169311523
2023-08-30 10:00:00,7.0,11.9,26.700000000000003,2.6,16.0,6.300000000000001,7.0263724,-0.7263724327087395
2023-08-30 11:00:00,6.300000000000001,10.600000000000001,27.700000000000003,3.1,32.0,5.7,6.049133,-0.3491328239440916
2023-08-30 12:00:00,5.7,10.5,23.200000000000003,3.0,49.0,5.9,5.674093,0.22590723037719762
2023-08-30 13:00:00,5.9,9.3,19.700000000000003,2.7,59.0,5.9,6.123707,-0.22370681762695277
2023-08-30 14:00:00,5.9,9.8,16.8,2.5,74.0,6.2,6.3532577,-0.15325765609741193
2023-08-30 15:00:00,6.2,8.9,15.100000000000001,2.9000000000000004,85.0,6.300000000000001,6.163658,0.13634185791015696
2023-08-30 16:00:00,6.300000000000001,8.200000000000001,13.8,2.6,96.0,6.9,6.503189,0.39681091308593786
2023-08-30 17:00:00,6.9,8.700000000000001,13.9,2.5,98.0,5.9,7.151655,-1.2516551971435543
2023-08-30 18:00:00,5.9,8.9,15.5,2.6,99.0,6.5,6.643531,-0.14353084564208984
2023-08-30 19:00:00,6.5,10.100000000000001,19.3,3.0,89.0,7.1000000000000005,8.084724,-0.9847244262695307
2023-08-30 20:00:00,7.1000000000000005,10.200000000000001,26.200000000000003,3.1,80.0,7.9,8.469657,-0.569656944274902
2023-08-30 21:00:00,7.9,10.0,36.4,3.4000000000000004,72.0,10.4,9.082025,1.3179754257202152
2023-08-30 22:00:00,10.4,12.5,38.5,3.7,66.0,11.3,11.89827,-0.5982696533203118
2023-08-30 23:00:00,11.3,12.4,30.700000000000003,3.1,52.0,10.100000000000001,11.272635,-1.172635459899901
2023-08-31 00:00:00,10.100000000000001,12.8,27.1,2.8000000000000003,44.0,9.700000000000001,9.908064,-0.20806388854980362
2023-08-31 01:00:00,9.700000000000001,11.200000000000001,37.2,2.5,40.0,7.1000000000000005,9.399089,-2.299088859558105
2023-08-31 02:00:00,7.1000000000000005,10.5,31.5,2.8000000000000003,49.0,11.4,7.4884152,3.9115847587585453
2023-08-31 03:00:00,11.4,14.3,27.1,3.0,50.0,9.600000000000001,11.508157,-1.9081567764282212
2023-08-31 04:00:00,9.600000000000001,13.600000000000001,26.5,3.9000000000000004,47.0,10.600000000000001,10.42003,0.17997035980224751
2023-08-31 05:00:00,10.600000000000001,13.700000000000001,26.3,4.0,37.0,10.600000000000001,11.55708,-0.9570802688598619
2023-08-31 06:00:00,10.600000000000001,13.4,29.1,3.9000000000000004,30.0,9.600000000000001,12.397457,-2.797457122802733
2023-08-31 07:00:00,9.600000000000001,13.700000000000001,33.800000000000004,3.9000000000000004,18.0,9.8,11.491115,-1.6911146163940423
2023-08-31 08:00:00,9.8,13.8,38.2,4.4,21.0,12.0,10.23074,1.7692604064941406
2023-08-31 09:00:00,12.0,17.5,37.4,4.2,20.0,12.600000000000001,11.365831,1.234168624877931
2023-08-31 10:00:00,12.600000000000001,16.5,28.8,4.0,26.0,11.0,11.199137,-0.19913673400878906
2023-08-31 11:00:00,11.0,15.700000000000001,25.6,3.7,44.0,9.9,10.089598,-0.18959770202636683
2023-08-31 12:00:00,9.9,15.4,22.1,3.2,61.0,9.200000000000001,9.654274,-0.4542739868164052
2023-08-31 13:00:00,9.200000000000001,15.4,15.700000000000001,2.7,77.0,9.3,9.353362,-0.05336208343505788
2023-08-31 14:00:00,9.3,14.3,13.600000000000001,2.7,92.0,8.0,9.411648,-1.4116477966308594
2023-08-31 15:00:00,8.0,13.0,12.100000000000001,2.5,102.0,8.4,8.319883,0.08011665344238317
2023-08-31 16:00:00,8.4,11.8,11.600000000000001,2.5,103.0,9.0,8.3305855,0.6694145202636719
2023-08-31 17:00:00,9.0,13.5,12.3,2.5,103.0,8.9,9.526528,-0.6265283584594723
2023-08-31 18:00:00,8.9,12.9,13.5,2.6,98.0,7.4,9.7138815,-2.3138814926147457
2023-08-31 19:00:00,7.4,12.5,15.0,3.0,93.0,8.8,8.532716,0.2672842025756843
2023-08-31 20:00:00,8.8,14.4,22.3,3.7,83.0,9.600000000000001,10.307176,-0.7071756362915025
2023-08-31 21:00:00,9.600000000000001,14.8,36.6,4.1000000000000005,73.0,9.9,11.5074005,-1.6074005126953121
2023-08-31 22:00:00,9.9,14.0,32.9,4.5,67.0,9.200000000000001,10.848767,-1.6487672805786122
2023-08-31 23:00:00,9.200000000000001,13.8,30.200000000000003,4.800000000000001,60.0,9.5,9.733908,-0.23390769958496094
2023-09-01 00:00:00,9.5,13.600000000000001,29.8,3.6,51.0,8.200000000000001,10.107499,-1.9074991226196278
2023-09-01 01:00:00,8.200000000000001,13.3,25.400000000000002,4.7,61.0,7.300000000000001,9.051004,-1.7510044097900384
2023-09-01 02:00:00,7.300000000000001,12.700000000000001,17.6,4.0,64.0,7.4,8.291954,-0.8919540405273434
2023-09-01 03:00:00,7.4,13.5,14.100000000000001,3.6,55.0,6.5,8.296087,-1.7960872650146484
2023-09-01 04:00:00,6.5,12.200000000000001,15.9,3.7,56.0,6.9,7.5570636,-0.6570635795593258
2023-09-01 05:00:00,6.9,14.0,19.200000000000003,3.7,50.0,7.5,8.172122,-0.6721220016479492
2023-09-01 06:00:00,7.5,14.700000000000001,22.8,3.9000000000000004,44.0,8.200000000000001,9.169833,-0.9698331832885732
2023-09-01 07:00:00,8.200000000000001,15.5,27.0,4.1000000000000005,33.0,9.4,10.750314,-1.3503137588500973
2023-09-01 08:00:00,9.4,17.400000000000002,37.7,4.3,29.0,10.3,10.280866,0.01913433074951243
2023-09-01 09:00:00,10.3,17.6,34.5,4.2,29.0,8.4,10.493937,-2.0939365386962887
2023-09-01 10:00:00,8.4,18.3,31.8,3.7,34.0,7.800000000000001,8.693924,-0.8939239501953118
2023-09-01 11:00:00,7.800000000000001,17.7,24.0,3.5,52.0,7.800000000000001,8.172629,-0.37262935638427663
2023-09-01 12:00:00,7.800000000000001,16.7,18.3,3.0,68.0,7.9,8.328113,-0.42811260223388636
2023-09-01 13:00:00,7.9,15.8,14.200000000000001,2.2,83.0,7.4,8.312027,-0.9120269775390621
2023-09-01 14:00:00,7.4,15.200000000000001,12.0,2.2,92.0,7.9,7.8047385,0.09526147842407262
2023-09-01 15:00:00,7.9,14.8,10.8,2.3000000000000003,101.0,8.0,8.218842,-0.218841552734375
2023-09-01 16:00:00,8.0,14.9,10.4,2.3000000000000003,110.0,9.4,8.382613,1.0173868179321293
2023-09-01 17:00:00,9.4,15.100000000000001,10.600000000000001,2.4000000000000004,108.0,9.200000000000001,10.268981,-1.0689809799194325
2023-09-01 18:00:00,9.200000000000001,16.0,10.9,2.5,109.0,9.4,10.281342,-0.8813415527343746
2023-09-01 19:00:00,9.4,16.8,15.0,2.8000000000000003,97.0,9.4,11.434725,-2.0347248077392575
2023-09-01 20:00:00,9.4,17.8,26.8,3.3000000000000003,82.0,9.8,12.451299,-2.6512987136840813
2023-09-01 21:00:00,9.8,17.400000000000002,24.6,3.6,79.0,10.3,11.748504,-1.4485036849975579
2023-09-01 22:00:00,10.3,18.2,28.1,3.9000000000000004,69.0,9.200000000000001,12.096347,-2.896346855163573
2023-09-01 23:00:00,9.200000000000001,17.1,23.200000000000003,3.4000000000000004,62.0,7.800000000000001,9.770574,-1.9705736160278313
2023-09-02 00:00:00,7.800000000000001,16.7,18.1,3.2,66.0,8.0,8.308114,-0.30811405181884766
2023-09-02 01:00:00,8.0,16.3,15.9,3.1,65.0,7.7,8.600066,-0.9000661849975584
2023-09-02 02:00:00,7.7,16.3,15.3,2.9000000000000004,60.0,9.1,8.558095,0.5419050216674801
2023-09-02 03:00:00,9.1,16.5,16.3,3.2,51.0,10.100000000000001,9.650388,0.44961223602295064
2023-09-02 04:00:00,10.100000000000001,17.2,17.6,3.8000000000000003,52.0,10.200000000000001,10.936391,-0.7363908767700185
2023-09-02 05:00:00,10.200000000000001,16.7,21.8,4.0,46.0,11.100000000000001,11.313891,-0.2138914108276353
2023-09-02 06:00:00,11.100000000000001,17.8,23.200000000000003,4.1000000000000005,37.0,12.0,12.796874,-0.7968740463256836
2023-09-02 07:00:00,12.0,18.8,28.200000000000003,4.4,23.0,13.5,14.05348,-0.5534801483154297
2023-09-02 08:00:00,13.5,19.1,36.7,3.8000000000000003,19.0,15.8,14.241585,1.5584152221679695
2023-09-02 09:00:00,15.8,23.8,36.5,3.6,30.0,14.700000000000001,15.29224,-0.5922401428222646
2023-09-02 10:00:00,14.700000000000001,22.700000000000003,32.9,4.0,40.0,14.600000000000001,14.326557,0.2734428405761733
2023-09-02 11:00:00,14.600000000000001,21.1,30.6,3.9000000000000004,44.0,12.700000000000001,13.997536,-1.2975357055664052
2023-09-02 12:00:00,12.700000000000001,20.5,25.6,3.7,67.0,11.600000000000001,12.702524,-1.1025241851806626
2023-09-02 13:00:00,11.600000000000001,19.400000000000002,21.3,3.3000000000000003,93.0,11.3,11.975455,-0.6754552841186516
2023-09-02 14:00:00,11.3,19.1,16.6,3.1,106.0,10.9,11.850392,-0.9503923416137692
2023-09-02 15:00:00,10.9,19.0,13.200000000000001,3.0,117.0,10.9,11.721597,-0.8215967178344723
2023-09-02 16:00:00,10.9,19.1,11.5,2.8000000000000003,124.0,11.0,11.786611,-0.7866106033325195
2023-09-02 17:00:00,11.0,19.400000000000002,10.700000000000001,2.8000000000000003,126.0,12.0,12.18126,-0.1812601089477539
2023-09-02 18:00:00,12.0,19.3,12.5,2.5,127.0,12.100000000000001,13.316215,-1.216214561462401
2023-09-02 19:00:00,12.100000000000001,18.8,14.9,3.3000000000000003,123.0,12.0,13.5327425,-1.5327425003051758
2023-09-02 20:00:00,12.0,19.0,23.200000000000003,3.5,103.0,12.0,14.248388,-2.2483882904052734
2023-09-02 21:00:00,12.0,18.400000000000002,26.6,3.1,86.0,12.0,13.939958,-1.939957618713379
2023-09-02 22:00:00,12.0,19.5,38.0,3.5,74.0,15.100000000000001,14.47197,0.6280303955078139
2023-09-02 23:00:00,15.100000000000001,22.900000000000002,43.900000000000006,3.7,52.0,15.9,16.997284,-1.0972839355468746
2023-09-03 00:00:00,15.9,24.1,40.2,3.5,43.0,14.9,16.758818,-1.8588176727294918
2023-09-03 01:00:00,14.9,23.900000000000002,43.800000000000004,3.0,29.0,14.100000000000001,16.583715,-2.483715438842772
2023-09-03 02:00:00,14.100000000000001,21.400000000000002,46.6,3.0,16.0,15.5,15.051801,0.4481992721557617
2023-09-03 03:00:00,15.5,23.200000000000003,51.5,3.0,15.0,14.9,16.036798,-1.1367984771728512
2023-09-03 04:00:00,14.9,22.0,40.900000000000006,3.5,14.0,15.100000000000001,15.71036,-0.6103595733642564
2023-09-03 05:00:00,15.100000000000001,22.400000000000002,32.9,3.8000000000000003,18.0,14.200000000000001,16.619444,-2.419443893432616
2023-09-03 06:00:00,14.200000000000001,23.6,40.0,3.7,26.0,14.4,16.891626,-2.491626358032226
2023-09-03 07:00:00,14.4,20.8,36.0,3.8000000000000003,20.0,15.100000000000001,16.508797,-1.4087966918945298
2023-09-03 08:00:00,15.100000000000001,20.3,35.1,3.8000000000000003,23.0,15.200000000000001,15.390506,-0.19050579071044815
2023-09-03 09:00:00,15.200000000000001,22.0,29.1,3.5,26.0,14.600000000000001,14.471362,0.1286378860473647
2023-09-03 10:00:00,14.600000000000001,20.900000000000002,23.6,3.4000000000000004,34.0,14.3,13.667031,0.632968711853028
2023-09-03 11:00:00,14.3,20.700000000000003,22.8,4.0,49.0,10.8,13.337491,-2.537491035461425
2023-09-03 12:00:00,10.8,17.7,20.700000000000003,4.2,76.0,11.600000000000001,10.806309,0.7936912536621108
2023-09-03 13:00:00,11.600000000000001,18.1,16.7,4.2,82.0,10.700000000000001,11.768809,-1.0688093185424794
2023-09-03 14:00:00,10.700000000000001,17.0,13.0,3.5,95.0,11.700000000000001,11.08595,0.6140501022338878
2023-09-03 15:00:00,11.700000000000001,17.7,10.4,3.1,107.0,11.100000000000001,12.017805,-0.9178050994873033
2023-09-03 16:00:00,11.100000000000001,16.900000000000002,9.5,3.2,110.0,10.3,11.459344,-1.1593439102172844
2023-09-03 17:00:00,10.3,16.3,9.700000000000001,3.2,109.0,11.100000000000001,11.259141,-0.15914096832275249
2023-09-03 18:00:00,11.100000000000001,16.8,11.0,3.4000000000000004,110.0,11.9,12.057297,-0.15729675292968714
2023-09-03 19:00:00,11.9,18.1,20.8,3.8000000000000003,99.0,12.0,13.992666,-1.992666244506836
2023-09-03 20:00:00,12.0,18.6,27.1,4.5,86.0,13.600000000000001,14.315367,-0.7153667449951158
2023-09-03 21:00:00,13.600000000000001,20.400000000000002,35.9,4.5,76.0,14.3,16.480293,-2.1802932739257805
2023-09-03 22:00:00,14.3,21.200000000000003,42.0,4.2,63.0,13.9,16.666325,-2.7663246154785153
2023-09-03 23:00:00,13.9,20.3,49.1,3.9000000000000004,38.0,14.5,15.749058,-1.2490577697753906
2023-09-04 00:00:00,14.5,22.0,53.900000000000006,3.5,16.0,16.2,15.454822,0.7451784133911126
2023-09-04 01:00:00,16.2,20.900000000000002,52.1,2.9000000000000004,18.0,16.3,17.42089,-1.120890808105468
2023-09-04 02:00:00,16.3,21.6,51.5,2.8000000000000003,15.0,17.7,16.545969,1.1540309906005852
2023-09-04 03:00:00,17.7,23.3,31.5,2.6,33.0,20.5,18.492567,2.0074329376220703
2023-09-04 04:00:00,20.5,26.0,24.8,2.7,38.0,22.1,20.127825,1.972175216674806
2023-09-04 05:00:00,22.1,27.8,19.900000000000002,2.7,44.0,22.8,22.408888,0.391112136840821
2023-09-04 06:00:00,22.8,29.200000000000003,23.6,2.6,44.0,24.0,22.842354,1.1576461791992188
2023-09-04 07:00:00,24.0,32.5,30.700000000000003,2.7,40.0,26.6,24.959633,1.6403671264648452
2023-09-04 08:00:00,26.6,27.1,33.1,2.6,32.0,21.6,24.998909,-3.39890899658203
2023-09-04 09:00:00,21.6,27.8,31.8,2.8000000000000003,32.0,21.3,20.241262,1.0587375640869148
2023-09-04 10:00:00,21.3,26.8,28.400000000000002,2.9000000000000004,36.0,19.400000000000002,19.710878,-0.3108783721923807
2023-09-04 11:00:00,19.400000000000002,27.8,26.400000000000002,2.9000000000000004,42.0,20.900000000000002,18.697458,2.202541732788088
2023-09-04 12:00:00,20.900000000000002,27.900000000000002,18.400000000000002,2.1,64.0,16.2,19.439154,-3.239153671264649
2023-09-04 13:00:00,16.2,25.0,15.200000000000001,1.7000000000000002,87.0,15.9,15.945409,-0.045408821105956676
2023-09-04 14:00:00,15.9,23.200000000000003,13.0,1.7000000000000002,101.0,15.9,15.706759,0.19324054718017614
2023-09-04 15:00:00,15.9,23.6,10.4,1.7000000000000002,115.0,16.1,15.5223875,0.5776124954223647
2023-09-04 16:00:00,16.1,26.3,10.200000000000001,1.5,119.0,13.700000000000001,16.490705,-2.7907054901123036
2023-09-04 17:00:00,13.700000000000001,23.3,10.8,1.6,122.0,13.0,14.410079,-1.410079002380371
2023-09-04 18:00:00,13.0,22.5,13.3,1.3,113.0,13.0,13.780491,-0.7804908752441406
2023-09-04 19:00:00,13.0,21.0,17.8,2.0,108.0,14.9,14.277477,0.6225227355957035
2023-09-04 20:00:00,14.9,22.900000000000002,27.6,2.2,92.0,15.600000000000001,17.33994,-1.7399391174316392
2023-09-04 21:00:00,15.600000000000001,25.8,32.300000000000004,2.3000000000000003,83.0,16.0,17.72125,-1.7212505340576172
2023-09-04 22:00:00,16.0,24.900000000000002,24.1,2.1,80.0,16.900000000000002,17.834034,-0.934033966064451
2023-09-04 23:00:00,16.900000000000002,26.1,24.3,2.1,69.0,16.8,18.031607,-1.2316066741943352
2023-09-05 00:00:00,16.8,25.700000000000003,21.900000000000002,1.8,67.0,13.9,17.111544,-3.2115436553955075
2023-09-05 01:00:00,13.9,24.3,19.3,1.8,64.0,13.600000000000001,13.896138,-0.2961381912231431
2023-09-05 02:00:00,13.600000000000001,22.5,16.3,2.0,63.0,12.700000000000001,13.917847,-1.217846679687499
2023-09-05 03:00:00,12.700000000000001,21.0,14.600000000000001,1.8,61.0,10.3,12.308333,-2.0083333969116204
2023-09-05 04:00:00,10.3,18.0,15.0,1.8,57.0,10.3,10.748877,-0.4488765716552727
2023-09-05 05:00:00,10.3,18.0,13.3,2.4000000000000004,58.0,10.8,11.153488,-0.3534881591796868
2023-09-05 06:00:00,10.8,17.900000000000002,13.700000000000001,2.4000000000000004,58.0,11.700000000000001,12.029137,-0.3291366577148427
2023-09-05 07:00:00,11.700000000000001,18.2,17.1,2.4000000000000004,57.0,13.4,12.752075,0.6479248046875004
2023-09-05 08:00:00,13.4,19.200000000000003,21.1,2.3000000000000003,55.0,12.600000000000001,13.14698,-0.5469802856445298
2023-09-05 09:00:00,12.600000000000001,19.5,22.400000000000002,2.0,55.0,11.700000000000001,11.808452,-0.1084516525268544
2023-09-05 10:00:00,11.700000000000001,19.1,22.900000000000002,2.0,53.0,12.100000000000001,11.161203,0.9387966156005874
2023-09-05 11:00:00,12.100000000000001,21.0,22.0,1.9000000000000001,52.0,10.8,11.625627,-0.8256265640258782
2023-09-05 12:00:00,10.8,21.5,18.2,1.8,59.0,9.4,10.544185,-1.1441846847534176
2023-09-05 13:00:00,9.4,18.7,14.9,2.0,67.0,10.0,9.771676,0.22832393646240234
2023-09-05 14:00:00,10.0,17.8,12.600000000000001,1.9000000000000001,78.0,10.100000000000001,10.327583,-0.22758331298827983
2023-09-05 15:00:00,10.100000000000001,18.2,11.100000000000001,1.6,86.0,9.9,10.230232,-0.3302322387695309
2023-09-05 16:00:00,9.9,18.2,10.700000000000001,1.3,93.0,10.0,9.823614,0.17638587951660156
2023-09-05 17:00:00,10.0,18.1,11.700000000000001,1.3,96.0,10.600000000000001,10.401284,0.19871578216552876
2023-09-05 18:00:00,10.600000000000001,18.400000000000002,13.700000000000001,1.2000000000000002,99.0,11.4,11.5230465,-0.12304649353027308
2023-09-05 19:00:00,11.4,18.2,21.700000000000003,2.1,99.0,12.700000000000001,13.293334,-0.5933340072631825
2023-09-05 20:00:00,12.700000000000001,18.8,30.5,2.6,90.0,13.700000000000001,14.334466,-0.6344659805297841
2023-09-05 21:00:00,13.700000000000001,21.400000000000002,38.2,2.4000000000000004,81.0,13.200000000000001,16.01461,-2.8146102905273427
2023-09-05 22:00:00,13.200000000000001,21.900000000000002,45.400000000000006,2.2,73.0,12.0,15.9348,-3.934800148010254
2023-09-05 23:00:00,12.0,20.0,45.300000000000004,2.3000000000000003,60.0,12.0,14.26875,-2.2687501907348633
2023-09-06 00:00:00,12.0,20.900000000000002,45.0,2.4000000000000004,48.0,13.700000000000001,12.816558,0.8834421157836925
2023-09-06 01:00:00,13.700000000000001,21.400000000000002,37.0,2.5,44.0,13.3,14.280526,-0.980526161193847
2023-09-06 02:00:00,13.3,22.3,34.5,1.9000000000000001,37.0,14.700000000000001,14.034691,0.6653091430664073
2023-09-06 03:00:00,14.700000000000001,20.6,32.1,1.9000000000000001,36.0,15.8,15.033173,0.7668273925781257
2023-09-06 04:00:00,15.8,19.8,31.200000000000003,1.9000000000000001,32.0,14.600000000000001,15.7336235,-1.1336235046386705
2023-09-06 05:00:00,14.600000000000001,19.5,32.5,2.0,28.0,14.5,15.167678,-0.6676778793334961
2023-09-06 06:00:00,14.5,21.200000000000003,35.4,1.9000000000000001,21.0,16.2,16.45166,-0.2516601562500007
2023-09-06 07:00:00,16.2,20.700000000000003,36.5,2.3000000000000003,15.0,16.2,18.24362,-2.043619918823243
2023-09-06 08:00:00,16.2,22.400000000000002,47.0,2.4000000000000004,11.0,19.400000000000002,17.305792,2.0942081451416037
2023-09-06 09:00:00,19.400000000000002,25.1,45.2,2.7,16.0,19.1,18.020618,1.0793815612792983
2023-09-06 10:00:00,19.1,24.700000000000003,36.0,2.7,25.0,18.0,17.54755,0.4524497985839844
2023-09-06 11:00:00,18.0,26.1,34.5,3.1,43.0,14.5,17.019104,-2.51910400390625
2023-09-06 12:00:00,14.5,25.1,27.5,2.9000000000000004,66.0,13.0,14.856436,-1.856435775756836
2023-09-06 13:00:00,13.0,21.700000000000003,21.8,2.6,85.0,11.600000000000001,12.866537,-1.2665370941162095
2023-09-06 14:00:00,11.600000000000001,19.700000000000003,16.8,2.2,101.0,11.5,11.782478,-0.28247833251953125
2023-09-06 15:00:00,11.5,18.8,16.5,2.2,113.0,11.5,11.838642,-0.3386421203613281
2023-09-06 16:00:00,11.5,17.7,15.700000000000001,2.0,124.0,11.3,11.948472,-0.6484720230102532
2023-09-06 17:00:00,11.3,17.400000000000002,15.600000000000001,2.4000000000000004,131.0,12.9,12.133608,0.7663921356201175
2023-09-06 18:00:00,12.9,16.5,19.0,2.3000000000000003,125.0,12.200000000000001,13.759369,-1.559368896484374
2023-09-06 19:00:00,12.200000000000001,17.3,21.5,2.6,122.0,14.5,14.081294,0.41870594024658203
2023-09-06 20:00:00,14.5,18.400000000000002,31.400000000000002,2.5,104.0,13.4,16.257326,-2.8573261260986325
2023-09-06 21:00:00,13.4,20.8,50.6,2.8000000000000003,86.0,20.400000000000002,15.451606,4.948394203186037
2023-09-06 22:00:00,20.400000000000002,24.700000000000003,49.0,2.9000000000000004,90.0,19.5,21.228758,-1.7287578582763672
2023-09-06 23:00:00,19.5,26.400000000000002,54.900000000000006,2.8000000000000003,66.0,19.0,21.061975,-2.0619754791259766
2023-09-07 00:00:00,19.0,28.0,55.900000000000006,2.8000000000000003,45.0,19.200000000000003,21.415659,-2.215658950805661
2023-09-07 01:00:00,19.200000000000003,22.900000000000002,48.1,2.4000000000000004,39.0,14.100000000000001,19.564018,-5.464018249511717
2023-09-07 02:00:00,14.100000000000001,24.900000000000002,47.0,2.8000000000000003,32.0,13.9,15.670871,-1.7708707809448239
2023-09-07 03:00:00,13.9,23.900000000000002,43.800000000000004,3.2,31.0,12.700000000000001,15.760098,-3.0600984573364247
2023-09-07 04:00:00,12.700000000000001,21.8,42.1,3.8000000000000003,29.0,12.9,14.100339,-1.2003389358520504
2023-09-07 05:00:00,12.9,22.6,39.400000000000006,3.7,25.0,13.8,14.305221,-0.5052206039428704
2023-09-07 06:00:00,13.8,22.5,36.300000000000004,3.8000000000000003,30.0,14.4,16.34215,-1.94214973449707
2023-09-07 07:00:00,14.4,24.8,40.5,3.7,27.0,16.3,17.266376,-0.9663764953613274
2023-09-07 08:00:00,16.3,24.900000000000002,49.5,3.7,24.0,17.5,17.08575,0.4142494201660156
2023-09-07 09:00:00,17.5,27.400000000000002,53.2,3.6,25.0,18.6,16.869633,1.7303672790527358
2023-09-07 10:00:00,18.6,26.400000000000002,44.1,3.5,33.0,14.0,17.116718,-3.116718292236328
2023-09-07 11:00:00,14.0,23.1,38.400000000000006,3.3000000000000003,59.0,13.100000000000001,14.0213995,-0.9213994979858384
2023-09-07 12:00:00,13.100000000000001,24.3,28.400000000000002,2.8000000000000003,79.0,13.0,13.392583,-0.39258289337158203
2023-09-07 13:00:00,13.0,23.200000000000003,20.200000000000003,2.6,94.0,11.5,13.425618,-1.9256181716918945
2023-09-07 14:00:00,11.5,20.200000000000003,16.400000000000002,2.2,106.0,11.200000000000001,11.795375,-0.5953748703002919
2023-09-07 15:00:00,11.200000000000001,19.5,12.700000000000001,2.1,116.0,11.4,11.755519,-0.3555189132690426
2023-09-07 16:00:00,11.4,19.400000000000002,12.200000000000001,2.0,120.0,10.4,11.857449,-1.457448577880859
2023-09-07 17:00:00,10.4,18.7,13.4,2.1,120.0,10.5,11.460641,-0.9606409072875977
2023-09-07 18:00:00,10.5,18.2,17.3,2.2,125.0,12.4,12.248099,0.151900672912598
2023-09-07 19:00:00,12.4,20.3,26.5,2.3000000000000003,118.0,13.8,14.695839,-0.8958389282226555
2023-09-07 20:00:00,13.8,20.8,35.800000000000004,2.6,108.0,14.8,16.43982,-1.6398193359374993
2023-09-07 21:00:00,14.8,23.6,41.7,2.9000000000000004,103.0,16.7,17.576517,-0.8765171051025398
2023-09-07 22:00:00,16.7,24.700000000000003,39.7,3.0,95.0,16.2,18.649834,-2.4498336791992195
2023-09-07 23:00:00,16.2,25.700000000000003,43.900000000000006,2.6,81.0,16.8,18.175932,-1.3759319305419915
2023-09-08 00:00:00,16.8,27.200000000000003,43.2,2.4000000000000004,59.0,15.200000000000001,18.304558,-3.1045578002929677
2023-09-08 01:00:00,15.200000000000001,26.700000000000003,41.0,2.3000000000000003,47.0,15.200000000000001,16.337313,-1.1373126983642567
2023-09-08 02:00:00,15.200000000000001,25.900000000000002,38.0,2.6,44.0,14.9,16.150496,-1.2504955291748043
2023-09-08 03:00:00,14.9,25.6,38.6,2.7,37.0,16.8,15.901975,0.8980253219604499
2023-09-08 04:00:00,16.8,23.900000000000002,39.7,2.9000000000000004,33.0,15.8,17.531536,-1.7315361022949212
2023-09-08 05:00:00,15.8,24.700000000000003,38.0,3.0,31.0,16.0,16.919092,-0.9190921783447266
2023-09-08 06:00:00,16.0,24.900000000000002,34.7,3.1,29.0,15.600000000000001,17.916498,-2.3164981842041
2023-09-08 07:00:00,15.600000000000001,26.900000000000002,42.1,3.1,19.0,18.3,18.006311,0.29368858337402415
2023-09-08 08:00:00,18.3,26.200000000000003,50.2,3.2,18.0,18.0,18.686562,-0.6865615844726562
2023-09-08 09:00:00,18.0,29.3,53.300000000000004,3.4000000000000004,16.0,16.6,17.747307,-1.1473068237304673
2023-09-08 10:00:00,16.6,26.6,44.5,3.2,26.0,15.9,15.642628,0.25737228393554723
2023-09-08 11:00:00,15.9,24.700000000000003,41.0,3.7,53.0,15.3,15.1122465,0.1877534866333015
2023-09-08 12:00:00,15.3,25.3,26.6,3.0,87.0,14.700000000000001,15.4770975,-0.7770975112915028
2023-09-08 13:00:00,14.700000000000001,25.3,19.0,2.7,102.0,12.700000000000001,14.798997,-2.098996925354003
2023-09-08 14:00:00,12.700000000000001,22.6,16.1,2.7,108.0,13.5,13.034873,0.46512699127197266
2023-09-08 15:00:00,13.5,22.8,14.4,2.3000000000000003,126.0,14.100000000000001,14.117759,-0.017758750915525923
2023-09-08 16:00:00,14.100000000000001,21.700000000000003,14.600000000000001,2.2,136.0,14.4,14.517027,-0.11702690124511683
2023-09-08 17:00:00,14.4,21.5,15.0,2.3000000000000003,138.0,14.100000000000001,15.462873,-1.3628734588623033
2023-09-08 18:00:00,14.100000000000001,20.1,16.2,2.3000000000000003,138.0,15.9,15.575293,0.3247074127197269
2023-09-08 19:00:00,15.9,22.700000000000003,28.8,2.6,130.0,16.1,18.56593,-2.4659294128417955
2023-09-08 20:00:00,16.1,23.700000000000003,35.6,3.0,116.0,19.200000000000003,19.645878,-0.4458778381347628
2023-09-08 21:00:00,19.200000000000003,26.8,57.6,3.4000000000000004,99.0,19.8,21.652826,-1.8528263092041009
2023-09-08 22:00:00,19.8,29.700000000000003,53.2,3.5,97.0,20.200000000000003,21.93358,-1.7335803985595675
2023-09-08 23:00:00,20.200000000000003,29.5,58.800000000000004,3.4000000000000004,69.0,20.400000000000002,21.502028,-1.1020275115966776
2023-09-09 00:00:00,20.400000000000002,28.1,53.900000000000006,3.1,49.0,19.700000000000003,22.213732,-2.5137317657470675
2023-09-09 01:00:00,19.700000000000003,28.1,44.7,2.8000000000000003,37.0,18.3,20.47847,-2.178469848632812
2023-09-09 02:00:00,18.3,30.200000000000003,43.800000000000004,2.5,40.0,16.1,19.377129,-3.2771286010742173
2023-09-09 03:00:00,16.1,31.700000000000003,38.1,2.6,49.0,17.8,17.23336,0.566639709472657
2023-09-09 04:00:00,17.8,28.700000000000003,38.6,2.8000000000000003,31.0,18.1,18.29853,-0.19853057861327983
2023-09-09 05:00:00,18.1,28.400000000000002,36.800000000000004,2.8000000000000003,37.0,17.0,19.040722,-2.040721893310547
2023-09-09 06:00:00,17.0,30.1,38.400000000000006,2.8000000000000003,32.0,16.900000000000002,18.267754,-1.3677536010742166
2023-09-09 07:00:00,16.900000000000002,27.200000000000003,39.7,2.9000000000000004,28.0,18.3,18.437098,-0.13709754943847585
2023-09-09 08:00:00,18.3,26.900000000000002,47.7,3.3000000000000003,31.0,20.1,18.663755,1.4362445831298842
2023-09-09 09:00:00,20.1,28.0,48.7,3.2,33.0,21.700000000000003,18.75886,2.941140365600589
2023-09-09 10:00:00,21.700000000000003,33.0,40.400000000000006,3.5,40.0,20.0,20.18838,-0.18837928771972656
2023-09-09 11:00:00,20.0,34.7,32.7,4.0,63.0,20.5,19.295826,1.2041740417480469
2023-09-09 12:00:00,20.5,32.5,26.700000000000003,3.4000000000000004,84.0,19.700000000000003,20.043848,-0.3438480377197237
2023-09-09 13:00:00,19.700000000000003,30.5,21.200000000000003,3.6,110.0,19.700000000000003,19.057356,0.6426441192626982
2023-09-09 14:00:00,19.700000000000003,29.8,17.7,3.9000000000000004,123.0,19.5,19.00638,0.4936199188232422
2023-09-09 15:00:00,19.5,26.700000000000003,15.200000000000001,3.3000000000000003,134.0,14.9,18.715265,-3.815265274047851
2023-09-09 16:00:00,14.9,26.3,14.9,3.1,140.0,15.100000000000001,15.560931,-0.4609312057495103
2023-09-09 17:00:00,15.100000000000001,25.900000000000002,15.600000000000001,2.7,144.0,14.8,16.968449,-2.168448638916015
2023-09-09 18:00:00,14.8,26.8,17.2,3.1,145.0,15.0,17.098974,-2.0989742279052734
2023-09-09 19:00:00,15.0,26.6,22.900000000000002,3.1,137.0,16.5,18.067595,-1.5675945281982422
2023-09-09 20:00:00,16.5,27.400000000000002,32.2,3.1,122.0,16.400000000000002,20.391884,-3.991883850097654
2023-09-09 21:00:00,16.400000000000002,31.700000000000003,34.0,3.3000000000000003,104.0,18.6,19.70986,-1.1098598480224595
2023-09-09 22:00:00,18.6,31.5,43.300000000000004,3.1,94.0,22.6,21.684597,0.915402984619142
2023-09-09 23:00:00,22.6,32.2,47.300000000000004,3.1,81.0,25.0,23.601435,1.3985652923583984
2023-09-10 00:00:00,25.0,33.9,44.6,2.9000000000000004,69.0,22.8,26.081722,-3.2817222595214837
2023-09-10 01:00:00,22.8,35.800000000000004,41.1,3.0,59.0,23.700000000000003,23.491451,0.20854873657226847
2023-09-10 02:00:00,23.700000000000003,38.800000000000004,37.6,2.9000000000000004,58.0,25.0,25.031004,-0.031003952026367188
2023-09-10 03:00:00,25.0,34.6,38.6,2.6,58.0,23.900000000000002,24.872194,-0.9721942901611307
2023-09-10 04:00:00,23.900000000000002,34.800000000000004,37.300000000000004,3.2,52.0,23.6,24.807978,-1.2079776763916001
2023-09-10 05:00:00,23.6,34.800000000000004,35.6,3.4000000000000004,48.0,23.900000000000002,25.34843,-1.4484306335449197
2023-09-10 06:00:00,23.900000000000002,34.5,31.3,3.3000000000000003,40.0,23.6,25.517937,-1.9179367065429673
2023-09-10 07:00:00,23.6,33.4,39.1,3.3000000000000003,34.0,23.1,24.88759,-1.787590408325194
2023-09-10 08:00:00,23.1,35.1,42.900000000000006,3.6,33.0,25.6,23.309433,2.290567016601564
2023-09-10 09:00:00,25.6,35.7,43.5,3.4000000000000004,37.0,26.0,24.117496,1.8825035095214844
2023-09-10 10:00:00,26.0,39.400000000000006,33.0,3.5,53.0,24.700000000000003,24.663197,0.03680343627929972
2023-09-10 11:00:00,24.700000000000003,36.0,25.8,4.0,73.0,23.900000000000002,24.075428,-0.175428009033201
2023-09-10 12:00:00,23.900000000000002,35.5,22.200000000000003,4.4,92.0,23.900000000000002,23.509787,0.3902133941650412
2023-09-10 13:00:00,23.900000000000002,34.1,19.0,3.2,116.0,23.1,23.163595,-0.06359519958495952
2023-09-10 14:00:00,23.1,32.300000000000004,17.7,3.4000000000000004,135.0,21.1,22.09245,-0.9924491882324205
2023-09-10 15:00:00,21.1,31.3,15.0,3.3000000000000003,143.0,19.5,20.145887,-0.6458873748779297
2023-09-10 16:00:00,19.5,30.200000000000003,14.200000000000001,3.0,149.0,19.0,19.419754,-0.4197540283203125
2023-09-10 17:00:00,19.0,29.700000000000003,12.600000000000001,2.9000000000000004,153.0,18.400000000000002,20.364922,-1.9649215698242166
2023-09-10 18:00:00,18.400000000000002,29.5,14.4,2.9000000000000004,154.0,18.900000000000002,20.214006,-1.3140064239501932
2023-09-10 19:00:00,18.900000000000002,29.700000000000003,24.200000000000003,3.8000000000000003,152.0,19.200000000000003,22.386494,-3.1864936828613253
2023-09-10 20:00:00,19.200000000000003,29.6,34.6,3.3000000000000003,131.0,20.6,23.351711,-2.751711273193358
2023-09-10 21:00:00,20.6,29.8,42.6,3.4000000000000004,105.0,21.6,22.64445,-1.0444492340087876
2023-09-10 22:00:00,21.6,30.900000000000002,45.2,4.0,98.0,22.400000000000002,23.971565,-1.5715652465820291
2023-09-10 23:00:00,22.400000000000002,33.5,49.1,4.4,84.0,22.5,23.75463,-1.254629135131836
2023-09-11 00:00:00,22.5,34.1,46.800000000000004,4.2,74.0,21.3,24.180199,-2.880198669433593
2023-09-11 01:00:00,21.3,35.0,44.1,3.6,47.0,29.900000000000002,22.01256,7.887440109252932
2023-09-11 02:00:00,29.900000000000002,41.0,42.0,3.3000000000000003,42.0,31.900000000000002,30.010633,1.8893665313720724
2023-09-11 03:00:00,31.900000000000002,41.5,38.0,2.5,52.0,28.900000000000002,31.177076,-2.2770763397216776
2023-09-11 04:00:00,28.900000000000002,41.0,35.6,3.6,50.0,28.900000000000002,29.010868,-0.1108680725097635
2023-09-11 05:00:00,28.900000000000002,40.1,35.300000000000004,3.6,44.0,29.6,29.426764,0.17323646545410298
2023-09-11 06:00:00,29.6,41.1,36.7,2.6,36.0,32.300000000000004,30.881577,1.4184234619140668
2023-09-11 07:00:00,32.300000000000004,39.900000000000006,42.7,3.6,23.0,33.9,32.5692,1.330801391601561
2023-09-11 08:00:00,33.9,42.2,49.1,3.9000000000000004,19.0,36.4,32.36273,4.037271881103514
2023-09-11 09:00:00,36.4,48.7,51.0,4.2,19.0,37.4,35.971394,1.4286064147949205
2023-09-11 10:00:00,37.4,48.900000000000006,50.2,4.3,34.0,35.800000000000004,34.33282,1.4671791076660199
2023-09-11 11:00:00,35.800000000000004,48.400000000000006,44.400000000000006,3.8000000000000003,53.0,32.1,33.76054,-1.6605400085449205
2023-09-11 12:00:00,32.1,44.1,34.5,3.5,75.0,27.3,30.162455,-2.8624546051025384
2023-09-11 13:00:00,27.3,38.6,24.700000000000003,2.7,101.0,25.0,26.544147,-1.5441474914550781
2023-09-11 14:00:00,25.0,33.800000000000004,21.200000000000003,2.6,118.0,21.8,24.178902,-2.3789016723632805
2023-09-11 15:00:00,21.8,33.4,18.7,2.3000000000000003,136.0,21.0,20.227772,0.7722282409667969
2023-09-11 16:00:00,21.0,31.900000000000002,16.6,2.2,148.0,21.3,21.094898,0.20510177612304759
2023-09-11 17:00:00,21.3,31.900000000000002,15.4,2.4000000000000004,156.0,22.700000000000003,22.440075,0.25992507934570597
2023-09-11 18:00:00,22.700000000000003,32.5,16.900000000000002,2.6,159.0,23.200000000000003,24.502989,-1.3029888153076143
2023-09-11 19:00:00,23.200000000000003,34.2,24.200000000000003,2.6,144.0,25.1,25.857344,-0.7573436737060533
2023-09-11 20:00:00,25.1,37.0,38.400000000000006,3.0,137.0,27.5,27.644135,-0.144134521484375
2023-09-11 21:00:00,27.5,38.7,48.6,3.2,119.0,29.700000000000003,30.14463,-0.4446304321289034
2023-09-11 22:00:00,29.700000000000003,40.300000000000004,52.6,3.8000000000000003,100.0,33.9,30.50292,3.3970798492431626
2023-09-11 23:00:00,33.9,43.2,56.900000000000006,3.6,79.0,33.6,33.265182,0.3348175048828139
2023-09-12 00:00:00,33.6,40.7,57.2,3.6,57.0,34.1,34.66628,-0.5662788391113267
2023-09-12 01:00:00,34.1,40.7,51.900000000000006,3.7,54.0,32.1,34.919983,-2.8199829101562486
2023-09-12 02:00:00,32.1,43.1,50.400000000000006,3.3000000000000003,50.0,29.1,31.64388,-2.5438808441162095
2023-09-12 03:00:00,29.1,36.6,39.2,3.3000000000000003,48.0,26.0,28.702879,-2.702878952026367
2023-09-12 04:00:00,26.0,35.5,37.7,3.3000000000000003,41.0,24.1,26.090027,-1.9900268554687486
2023-09-12 05:00:00,24.1,33.300000000000004,38.0,3.5,32.0,24.900000000000002,24.911892,-0.011891937255857243
2023-09-12 06:00:00,24.900000000000002,32.800000000000004,40.800000000000004,3.3000000000000003,24.0,26.6,25.828302,0.7716976165771499
2023-09-12 07:00:00,26.6,35.9,42.7,3.9000000000000004,15.0,29.200000000000003,28.607134,0.5928661346435575
2023-09-12 08:00:00,29.200000000000003,38.1,53.7,4.3,14.0,26.1,29.709105,-3.6091045379638658
2023-09-12 09:00:00,26.1,37.9,53.300000000000004,4.5,13.0,25.200000000000003,25.222918,-0.02291755676269247
2023-09-12 10:00:00,25.200000000000003,36.9,47.2,4.6000000000000005,38.0,21.0,23.566383,-2.5663833618164062
2023-09-12 11:00:00,21.0,30.1,36.4,4.7,70.0,15.0,19.812859,-4.812858581542969
2023-09-12 12:00:00,15.0,31.6,29.0,4.0,84.0,17.3,15.341304,1.9586961746215827
2023-09-12 13:00:00,17.3,29.1,23.900000000000002,4.1000000000000005,99.0,18.6,17.214111,1.3858886718750014
2023-09-12 14:00:00,18.6,26.6,20.900000000000002,3.3000000000000003,109.0,18.0,17.967255,0.032745361328125
2023-09-12 15:00:00,18.0,27.8,19.0,3.3000000000000003,122.0,17.0,18.30617,-1.3061695098876953
2023-09-12 16:00:00,17.0,28.6,16.0,3.5,130.0,17.900000000000002,17.432262,0.46773757934570526
2023-09-12 17:00:00,17.900000000000002,27.8,16.3,3.1,133.0,19.3,19.271517,0.028483200073242898
2023-09-12 18:00:00,19.3,27.8,17.2,3.0,127.0,20.6,21.222925,-0.6229251861572251
2023-09-12 19:00:00,20.6,28.6,23.700000000000003,3.1,119.0,21.400000000000002,23.272535,-1.8725353240966776
2023-09-12 20:00:00,21.400000000000002,29.8,30.400000000000002,3.2,110.0,21.0,24.902296,-3.9022960662841797
2023-09-12 21:00:00,21.0,32.800000000000004,32.5,3.1,93.0,16.8,23.824625,-7.024625015258788
2023-09-12 22:00:00,16.8,29.6,28.6,3.5,90.0,14.9,19.212786,-4.312785720825195
2023-09-12 23:00:00,14.9,26.0,19.700000000000003,3.7,90.0,15.8,15.239938,0.560062217712403
2023-09-13 00:00:00,15.8,24.8,13.100000000000001,3.3000000000000003,89.0,16.1,16.002073,0.09792671203613423
2023-09-13 01:00:00,16.1,24.3,13.700000000000001,3.3000000000000003,84.0,16.2,16.45905,-0.25904922485351634
2023-09-13 02:00:00,16.2,24.400000000000002,18.0,2.7,78.0,15.8,16.697086,-0.8970863342285149
2023-09-13 03:00:00,15.8,24.200000000000003,19.0,2.6,76.0,13.200000000000001,16.224203,-3.02420310974121
2023-09-13 04:00:00,13.200000000000001,19.8,18.8,3.1,64.0,13.3,13.70589,-0.405889701843261
2023-09-13 05:00:00,13.3,20.700000000000003,18.0,3.0,58.0,13.700000000000001,13.856916,-0.15691642761230362
2023-09-13 06:00:00,13.700000000000001,20.700000000000003,19.900000000000002,2.0,53.0,15.0,14.747958,0.2520418167114258
2023-09-13 07:00:00,15.0,20.8,26.8,2.3000000000000003,51.0,15.3,16.280514,-0.9805137634277337
2023-09-13 08:00:00,15.3,22.900000000000002,35.800000000000004,2.5,31.0,14.9,15.815799,-0.9157987594604489
2023-09-13 09:00:00,14.9,24.0,41.2,3.1,28.0,16.2,13.978569,2.2214309692382805
2023-09-13 10:00:00,16.2,24.6,43.800000000000004,2.9000000000000004,30.0,13.9,15.337357,-1.4373565673828121
2023-09-13 11:00:00,13.9,22.8,32.300000000000004,2.9000000000000004,41.0,14.8,13.650725,1.1492746353149421
2023-09-13 12:00:00,14.8,25.0,29.6,2.8000000000000003,51.0,13.8,14.837237,-1.037237358093261
2023-09-13 13:00:00,13.8,21.3,25.700000000000003,2.5,57.0,12.9,13.959647,-1.059647178649902
2023-09-13 14:00:00,12.9,20.700000000000003,22.3,2.6,67.0,12.4,12.871713,-0.4717126846313473
2023-09-13 15:00:00,12.4,21.400000000000002,17.2,2.3000000000000003,82.0,12.4,12.571395,-0.17139492034912074
2023-09-13 16:00:00,12.4,22.900000000000002,17.400000000000002,2.4000000000000004,91.0,12.100000000000001,13.176338,-1.0763381958007798
2023-09-13 17:00:00,12.100000000000001,20.700000000000003,18.1,2.1,92.0,13.200000000000001,13.440681,-0.24068145751953018
2023-09-13 18:00:00,13.200000000000001,20.1,22.8,2.2,89.0,13.700000000000001,14.948218,-1.2482183456420888
2023-09-13 19:00:00,13.700000000000001,18.400000000000002,31.5,2.5,82.0,12.600000000000001,15.567919,-2.967918777465819
2023-09-13 20:00:00,12.600000000000001,19.5,37.800000000000004,3.1,65.0,12.4,15.188777,-2.7887769699096676
2023-09-13 21:00:00,12.4,19.200000000000003,34.800000000000004,3.5,53.0,12.4,14.732805,-2.332805252075195
2023-09-13 22:00:00,12.4,19.1,38.800000000000004,3.9000000000000004,35.0,13.9,14.143204,-0.24320373535156214
2023-09-13 23:00:00,13.9,20.400000000000002,32.2,4.2,36.0,11.5,14.545199,-3.045199394226074
2023-09-14 00:00:00,11.5,17.6,20.3,3.4000000000000004,43.0,10.700000000000001,11.573264,-0.8732641220092763
2023-09-14 01:00:00,10.700000000000001,16.0,19.700000000000003,3.1,40.0,9.700000000000001,10.668716,-0.9687164306640614
2023-09-14 02:00:00,9.700000000000001,16.900000000000002,22.900000000000002,3.5,30.0,10.8,9.871268,0.9287317276000984
2023-09-14 03:00:00,10.8,16.2,25.8,3.0,32.0,9.4,11.577931,-2.177931404113769
2023-09-14 04:00:00,9.4,16.900000000000002,23.0,2.8000000000000003,30.0,12.200000000000001,10.4279585,1.7720415115356456
2023-09-14 05:00:00,12.200000000000001,17.1,22.6,3.2,28.0,16.0,12.640019,3.359980583190918
2023-09-14 06:00:00,16.0,17.5,21.3,2.8000000000000003,21.0,15.600000000000001,16.192392,-0.5923923492431626
2023-09-14 07:00:00,15.600000000000001,17.1,26.0,3.0,12.0,16.6,16.474922,0.12507781982422017
2023-09-14 08:00:00,16.6,22.6,30.700000000000003,3.2,9.0,17.400000000000002,17.236624,0.1633762359619162
2023-09-14 09:00:00,17.400000000000002,21.0,28.5,3.2,12.0,16.400000000000002,15.927647,0.4723533630371115
2023-09-14 10:00:00,16.400000000000002,20.5,26.8,2.9000000000000004,16.0,12.4,15.224003,-2.8240028381347653
2023-09-14 11:00:00,12.4,19.0,25.900000000000002,3.4000000000000004,20.0,12.100000000000001,12.144273,-0.044272804260252485
2023-09-14 12:00:00,12.100000000000001,17.6,20.8,3.2,38.0,11.200000000000001,11.679217,-0.47921733856201065
2023-09-14 13:00:00,11.200000000000001,16.6,19.700000000000003,2.6,56.0,11.100000000000001,11.184019,-0.08401908874511577
2023-09-14 14:00:00,11.100000000000001,16.3,17.900000000000002,2.1,70.0,11.0,11.026308,-0.026308059692382812
2023-09-14 15:00:00,11.0,17.0,16.1,2.1,82.0,10.600000000000001,11.069018,-0.4690183639526353
2023-09-14 16:00:00,10.600000000000001,15.8,16.3,2.0,88.0,11.700000000000001,10.98021,0.7197896957397472
2023-09-14 17:00:00,11.700000000000001,16.2,16.2,2.2,93.0,13.200000000000001,12.377171,0.8228294372558604
2023-09-14 18:00:00,13.200000000000001,17.1,19.3,2.3000000000000003,103.0,13.5,14.247339,-0.7473392486572266
2023-09-14 19:00:00,13.5,17.0,23.0,2.1,92.0,16.6,14.892635,1.707364654541017
2023-09-14 20:00:00,16.6,19.1,29.400000000000002,2.2,89.0,18.2,18.681614,-0.48161392211914134
2023-09-14 21:00:00,18.2,20.700000000000003,28.700000000000003,2.1,75.0,16.7,19.271873,-2.5718734741210945
2023-09-14 22:00:00,16.7,20.200000000000003,31.200000000000003,2.3000000000000003,63.0,17.900000000000002,17.45614,0.44385948181152557
2023-09-14 23:00:00,17.900000000000002,21.8,33.0,2.3000000000000003,58.0,15.700000000000001,18.079609,-2.379608917236327
2023-09-15 00:00:00,15.700000000000001,21.3,30.700000000000003,2.2,53.0,14.200000000000001,15.5178175,-1.317817497253417
2023-09-15 01:00:00,14.200000000000001,20.700000000000003,24.400000000000002,1.8,51.0,11.700000000000001,14.197492,-2.497491645812987
2023-09-15 02:00:00,11.700000000000001,18.7,20.5,2.0,56.0,11.700000000000001,11.71927,-0.01926975250244034
2023-09-15 03:00:00,11.700000000000001,14.5,15.600000000000001,1.5,64.0,10.3,11.109682,-0.8096820831298821
2023-09-15 04:00:00,10.3,15.700000000000001,14.600000000000001,1.5,67.0,12.4,10.515266,1.884733581542969
2023-09-15 05:00:00,12.4,15.5,17.1,1.2000000000000002,61.0,12.600000000000001,11.817488,0.7825122833251967
2023-09-15 06:00:00,12.600000000000001,15.4,18.5,1.3,56.0,11.5,12.550033,-1.050032615661621
2023-09-15 07:00:00,11.5,16.0,25.700000000000003,1.7000000000000002,53.0,10.200000000000001,12.678918,-2.478917884826659
2023-09-15 08:00:00,10.200000000000001,13.200000000000001,33.0,2.0,52.0,11.700000000000001,10.030665,1.669334602355958
2023-09-15 09:00:00,11.700000000000001,14.8,29.8,1.8,54.0,11.100000000000001,10.851678,0.24832210540771626
2023-09-15 10:00:00,11.100000000000001,15.8,26.400000000000002,1.7000000000000002,52.0,10.9,10.615706,0.28429355621337926
2023-09-15 11:00:00,10.9,15.3,21.900000000000002,1.6,57.0,11.5,10.23736,1.2626399993896484
2023-09-15 12:00:00,11.5,14.200000000000001,19.200000000000003,1.5,56.0,11.700000000000001,10.702336,0.997663688659669
2023-09-15 13:00:00,11.700000000000001,12.700000000000001,17.3,1.6,63.0,10.3,10.707334,-0.40733356475830007
2023-09-15 14:00:00,10.3,12.9,16.3,1.8,75.0,10.9,9.896279,1.0037206649780277
2023-09-15 15:00:00,10.9,12.5,16.5,1.4000000000000001,83.0,10.0,10.394648,-0.39464759826660156
2023-09-15 16:00:00,10.0,12.5,16.400000000000002,1.3,93.0,9.600000000000001,9.727184,-0.12718429565429545
2023-09-15 17:00:00,9.600000000000001,12.5,15.5,1.4000000000000001,95.0,9.1,10.008272,-0.9082721710205082
2023-09-15 18:00:00,9.1,10.9,17.2,1.3,93.0,12.700000000000001,9.595677,3.104322624206544
2023-09-15 19:00:00,12.700000000000001,12.700000000000001,27.200000000000003,2.0,83.0,13.700000000000001,13.497478,0.2025224685668956
2023-09-15 20:00:00,13.700000000000001,13.600000000000001,30.700000000000003,2.3000000000000003,83.0,14.5,14.85657,-0.3565702438354492
2023-09-15 21:00:00,14.5,17.0,35.800000000000004,2.5,69.0,14.0,16.13236,-2.1323604583740234
2023-09-15 22:00:00,14.0,19.200000000000003,37.1,2.2,54.0,12.200000000000001,15.59709,-3.3970897674560536
2023-09-15 23:00:00,12.200000000000001,17.3,42.2,2.4000000000000004,40.0,12.9,13.527184,-0.6271835327148434
2023-09-16 00:00:00,12.9,14.700000000000001,38.2,1.9000000000000001,33.0,13.200000000000001,12.60915,0.5908500671386729
2023-09-16 01:00:00,13.200000000000001,13.200000000000001,31.200000000000003,1.9000000000000001,39.0,14.9,12.519308,2.3806919097900394
2023-09-16 02:00:00,14.9,17.6,26.900000000000002,2.1,38.0,12.8,14.565871,-1.7658712387084954
2023-09-16 03:00:00,12.8,16.7,23.8,1.6,42.0,12.100000000000001,12.427551,-0.3275512695312486
2023-09-16 04:00:00,12.100000000000001,16.0,19.700000000000003,1.8,40.0,13.200000000000001,12.02304,1.1769601821899425
2023-09-16 05:00:00,13.200000000000001,20.400000000000002,17.900000000000002,1.5,37.0,11.8,13.446533,-1.6465332031249993
2023-09-16 06:00:00,11.8,17.3,21.400000000000002,1.4000000000000001,28.0,14.0,12.558914,1.4410858154296875
2023-09-16 07:00:00,14.0,18.0,25.700000000000003,1.6,25.0,13.9,14.791779,-0.8917785644531246
2023-09-16 08:00:00,13.9,18.3,26.8,1.5,30.0,15.0,13.641696,1.3583040237426758
2023-09-16 09:00:00,15.0,18.6,25.700000000000003,1.5,33.0,14.9,13.682472,1.217527770996094
2023-09-16 10:00:00,14.9,19.3,26.0,1.9000000000000001,32.0,16.0,13.829887,2.1701126098632812
2023-09-16 11:00:00,16.0,20.0,25.6,2.0,42.0,16.2,14.91201,1.2879898071289055
2023-09-16 12:00:00,16.2,23.200000000000003,20.400000000000002,2.0,53.0,13.9,15.414112,-1.5141120910644528
2023-09-16 13:00:00,13.9,21.8,19.5,2.0,63.0,13.3,13.861959,-0.5619594573974602
2023-09-16 14:00:00,13.3,19.700000000000003,15.600000000000001,2.0,79.0,12.4,13.235928,-0.835927581787109
2023-09-16 15:00:00,12.4,19.200000000000003,14.200000000000001,1.9000000000000001,90.0,12.100000000000001,12.734723,-0.6347230911254869
2023-09-16 16:00:00,12.100000000000001,18.8,12.8,1.8,95.0,12.200000000000001,12.348026,-0.14802627563476456
2023-09-16 17:00:00,12.200000000000001,18.2,12.3,1.8,100.0,12.600000000000001,12.663279,-0.06327857971191264
2023-09-16 18:00:00,12.600000000000001,18.3,14.200000000000001,1.8,101.0,13.5,13.0668,0.4331998825073242
2023-09-16 19:00:00,13.5,18.2,22.3,2.0,92.0,13.200000000000001,15.178351,-1.9783514022827138
2023-09-16 20:00:00,13.200000000000001,18.900000000000002,25.5,2.0,75.0,10.3,15.042988,-4.742987823486327
2023-09-16 21:00:00,10.3,17.8,33.7,1.8,68.0,11.3,12.299824,-0.9998237609863274
2023-09-16 22:00:00,11.3,16.900000000000002,34.1,1.7000000000000002,56.0,11.700000000000001,12.053795,-0.3537948608398427
2023-09-16 23:00:00,11.700000000000001,16.7,32.9,1.9000000000000001,44.0,10.9,12.028157,-1.1281572341918942
2023-09-17 00:00:00,10.9,15.8,31.200000000000003,1.8,41.0,12.600000000000001,10.996068,1.6039319992065444
2023-09-17 01:00:00,12.600000000000001,18.5,30.700000000000003,1.7000000000000002,43.0,12.0,12.585396,-0.5853958129882812
2023-09-17 02:00:00,12.0,21.400000000000002,24.400000000000002,1.8,38.0,14.700000000000001,12.430572,2.2694284439086925
2023-09-17 03:00:00,14.700000000000001,20.3,21.1,1.7000000000000002,42.0,16.900000000000002,14.593454,2.306545639038088
2023-09-17 04:00:00,16.900000000000002,20.5,20.200000000000003,1.8,39.0,18.400000000000002,16.237095,2.1629051208496115
2023-09-17 05:00:00,18.400000000000002,19.8,19.1,1.8,33.0,16.400000000000002,17.557285,-1.1572853088378885
2023-09-17 06:00:00,16.400000000000002,22.900000000000002,17.3,1.7000000000000002,23.0,16.1,17.08976,-0.9897598266601548
2023-09-17 07:00:00,16.1,20.6,18.400000000000002,1.9000000000000001,24.0,18.2,16.52639,1.6736099243164055
2023-09-17 08:00:00,18.2,20.1,18.8,1.9000000000000001,23.0,16.6,16.67621,-0.07621040344238139
2023-09-17 09:00:00,16.6,23.0,16.5,2.1,25.0,16.3,15.195841,1.1041591644287116
2023-09-17 10:00:00,16.3,20.6,16.5,1.9000000000000001,30.0,17.400000000000002,14.794748,2.605251693725588
2023-09-17 11:00:00,17.400000000000002,23.400000000000002,17.2,2.6,34.0,16.0,16.422094,-0.42209434509277344
2023-09-17 12:00:00,16.0,21.400000000000002,16.3,2.5,48.0,13.200000000000001,14.72116,-1.5211599349975575
2023-09-17 13:00:00,13.200000000000001,19.0,12.3,2.0,65.0,11.3,13.051953,-1.7519533157348626
2023-09-17 14:00:00,11.3,17.2,10.100000000000001,1.8,76.0,11.200000000000001,11.23902,-0.03902034759521378
2023-09-17 15:00:00,11.200000000000001,16.900000000000002,8.6,1.4000000000000001,86.0,10.8,10.908952,-0.1089517593383782
2023-09-17 16:00:00,10.8,16.1,9.0,1.3,89.0,11.0,10.477646,0.5223541259765625
2023-09-17 17:00:00,11.0,16.5,8.700000000000001,1.5,87.0,11.100000000000001,11.112952,-0.012952232360838423
2023-09-17 18:00:00,11.100000000000001,16.1,12.700000000000001,1.8,84.0,12.200000000000001,11.996869,0.20313091278076278
2023-09-17 19:00:00,12.200000000000001,16.5,20.5,2.0,74.0,12.0,13.505915,-1.5059146881103516
2023-09-17 20:00:00,12.0,17.3,23.6,2.2,59.0,12.9,13.768538,-0.8685384750366207
2023-09-17 21:00:00,12.9,17.8,28.8,2.7,55.0,12.700000000000001,14.0337515,-1.3337514877319325
2023-09-17 22:00:00,12.700000000000001,17.5,33.1,3.0,38.0,13.0,13.694572,-0.6945724487304688
2023-09-17 23:00:00,13.0,18.1,36.800000000000004,2.4000000000000004,32.0,14.9,14.163075,0.7369245529174808
2023-09-18 00:00:00,14.9,19.0,34.6,2.4000000000000004,27.0,14.8,15.1842,-0.38420028686523366
2023-09-18 01:00:00,14.8,17.8,30.700000000000003,2.3000000000000003,23.0,14.8,14.256549,0.543451118469239
2023-09-18 02:00:00,14.8,17.1,32.300000000000004,2.2,27.0,13.700000000000001,14.117042,-0.4170415878295888
2023-09-18 03:00:00,13.700000000000001,23.3,25.3,1.9000000000000001,27.0,13.0,14.59335,-1.5933504104614258
2023-09-18 04:00:00,13.0,22.5,20.1,2.0,23.0,12.3,13.53396,-1.2339603424072259
2023-09-18 05:00:00,12.3,24.0,18.7,2.2,24.0,11.8,13.175027,-1.375026893615722
2023-09-18 06:00:00,11.8,26.400000000000002,18.5,2.2,26.0,15.700000000000001,13.553357,2.146642875671388
2023-09-18 07:00:00,15.700000000000001,23.8,23.5,1.8,14.0,16.8,17.472185,-0.6721851348876946
2023-09-18 08:00:00,16.8,30.1,34.6,2.0,12.0,17.0,17.773693,-0.7736930847167969
2023-09-18 09:00:00,17.0,27.6,33.300000000000004,2.1,12.0,15.8,17.11721,-1.317210388183593
2023-09-18 10:00:00,15.8,27.5,26.5,1.7000000000000002,17.0,17.2,15.196614,2.0033857345581048
2023-09-18 11:00:00,17.2,27.8,26.900000000000002,1.6,25.0,15.8,16.586733,-0.7867328643798821
2023-09-18 12:00:00,15.8,28.400000000000002,24.1,1.5,34.0,15.0,14.872089,0.12791061401367188
2023-09-18 13:00:00,15.0,30.200000000000003,22.400000000000002,1.5,39.0,17.3,14.25317,3.0468299865722663
2023-09-18 14:00:00,17.3,28.900000000000002,20.900000000000002,1.5,51.0,14.3,16.42102,-2.1210205078124993
2023-09-18 15:00:00,14.3,28.8,19.5,1.5,63.0,14.3,14.707117,-0.40711708068847585
2023-09-18 16:00:00,14.3,28.400000000000002,18.1,1.2000000000000002,67.0,12.700000000000001,14.832245,-2.132244873046874
2023-09-18 17:00:00,12.700000000000001,27.5,18.5,1.5,67.0,14.0,14.18597,-0.18597030639648438
2023-09-18 18:00:00,14.0,27.200000000000003,20.5,1.6,62.0,12.8,15.594745,-2.794744682312011
2023-09-18 19:00:00,12.8,27.700000000000003,27.8,1.8,60.0,14.0,15.016452,-1.0164518356323242
2023-09-18 20:00:00,14.0,27.700000000000003,35.300000000000004,2.0,48.0,12.9,16.781723,-3.881723022460937
2023-09-18 21:00:00,12.9,26.700000000000003,37.0,2.1,40.0,11.9,15.259492,-3.359491920471191
2023-09-18 22:00:00,11.9,25.900000000000002,37.2,2.3000000000000003,31.0,11.600000000000001,13.796166,-2.1961664199829087
2023-09-18 23:00:00,11.600000000000001,24.5,37.9,2.2,22.0,10.9,13.084291,-2.1842914581298825
2023-09-19 00:00:00,10.9,22.400000000000002,31.8,2.3000000000000003,22.0,10.8,11.439106,-0.6391059875488274
2023-09-19 01:00:00,10.8,22.1,25.1,1.4000000000000001,24.0,10.3,11.144743,-0.8447429656982415
2023-09-19 02:00:00,10.3,20.200000000000003,22.700000000000003,1.4000000000000001,22.0,10.3,10.594577,-0.2945768356323235
2023-09-19 03:00:00,10.3,17.8,21.6,1.4000000000000001,15.0,9.600000000000001,10.599414,-0.9994138717651353
2023-09-19 04:00:00,9.600000000000001,15.5,21.6,1.7000000000000002,11.0,10.100000000000001,9.878861,0.22113857269287251
2023-09-19 05:00:00,10.100000000000001,14.700000000000001,19.900000000000002,1.8,8.0,11.700000000000001,10.1942215,1.5057785034179698
2023-09-19 06:00:00,11.700000000000001,16.7,19.8,2.2,7.0,11.8,12.560913,-0.7609130859374993
2023-09-19 07:00:00,11.8,18.900000000000002,20.6,2.4000000000000004,8.0,10.9,13.420797,-2.5207973480224606
2023-09-19 08:00:00,10.9,15.700000000000001,23.900000000000002,3.2,10.0,10.100000000000001,10.986272,-0.8862718582153306
2023-09-19 09:00:00,10.100000000000001,18.1,22.0,4.1000000000000005,12.0,10.9,9.91099,0.9890102386474613
2023-09-19 10:00:00,10.9,19.5,20.0,4.3,13.0,12.0,10.242365,1.7576351165771484
2023-09-19 11:00:00,12.0,19.900000000000002,19.900000000000002,3.6,19.0,11.0,11.356208,-0.35620784759521484
2023-09-19 12:00:00,11.0,19.8,19.700000000000003,3.8000000000000003,27.0,11.9,10.536227,1.3637727737426761
2023-09-19 13:00:00,11.9,18.400000000000002,16.900000000000002,3.4000000000000004,47.0,11.700000000000001,11.612341,0.08765907287597763
2023-09-19 14:00:00,11.700000000000001,18.1,18.3,2.8000000000000003,59.0,12.0,11.794624,0.20537567138671875
2023-09-19 15:00:00,12.0,17.7,19.3,2.6,64.0,10.5,12.552381,-2.0523805618286133
2023-09-19 16:00:00,10.5,17.2,17.1,2.5,76.0,11.0,11.266722,-0.2667217254638672
2023-09-19 17:00:00,11.0,16.900000000000002,17.400000000000002,2.6,83.0,11.4,12.019197,-0.6191974639892575
2023-09-19 18:00:00,11.4,16.8,20.0,2.6,82.0,10.4,12.920903,-2.5209032058715817
2023-09-19 19:00:00,10.4,15.9,27.3,2.9000000000000004,82.0,10.200000000000001,12.955347,-2.7553470611572255
2023-09-19 20:00:00,10.200000000000001,15.8,38.300000000000004,2.9000000000000004,75.0,13.8,13.144626,0.6553743362426765
2023-09-19 21:00:00,13.8,17.0,42.7,3.0,52.0,18.0,15.450234,2.5497655868530273
2023-09-19 22:00:00,18.0,17.2,49.1,3.3000000000000003,30.0,15.600000000000001,18.066483,-2.466482543945311
2023-09-19 23:00:00,15.600000000000001,19.6,52.5,2.7,14.0,15.5,16.81192,-1.311920166015625
2023-09-20 00:00:00,15.5,20.0,45.800000000000004,2.5,11.0,15.100000000000001,15.736504,-0.6365036010742173
2023-09-20 01:00:00,15.100000000000001,22.5,43.6,1.9000000000000001,25.0,15.8,16.02082,-0.22082061767578054
2023-09-20 02:00:00,15.8,20.8,39.2,2.1,20.0,19.6,15.626384,3.973616218566896
2023-09-20 03:00:00,19.6,24.5,32.2,2.0,28.0,22.200000000000003,19.053518,3.146481704711917
2023-09-20 04:00:00,22.200000000000003,24.6,27.1,2.2,23.0,21.900000000000002,21.439365,0.4606346130371115
2023-09-20 05:00:00,21.900000000000002,25.6,27.6,2.0,18.0,19.5,22.005646,-2.505645751953125
2023-09-20 06:00:00,19.5,25.1,29.400000000000002,2.3000000000000003,15.0,18.3,20.692608,-2.392607879638671
2023-09-20 07:00:00,18.3,25.400000000000002,34.1,2.5,9.0,19.6,20.466558,-0.866558456420897
2023-09-20 08:00:00,19.6,26.700000000000003,36.4,2.5,7.0,20.3,19.742058,0.557942199707032
2023-09-20 09:00:00,20.3,30.200000000000003,41.900000000000006,2.4000000000000004,7.0,20.200000000000003,19.1971,1.0029003143310575
2023-09-20 10:00:00,20.200000000000003,29.3,34.7,2.4000000000000004,23.0,17.8,18.444138,-0.6441375732421868
2023-09-20 11:00:00,17.8,26.0,25.3,2.2,31.0,18.0,16.736473,1.2635269165039062
2023-09-20 12:00:00,18.0,27.6,21.900000000000002,1.8,40.0,17.900000000000002,16.863798,1.03620185852051
2023-09-20 13:00:00,17.900000000000002,27.0,20.1,1.7000000000000002,50.0,15.100000000000001,17.160105,-2.0601047515869126
2023-09-20 14:00:00,15.100000000000001,26.5,17.6,1.6,63.0,15.0,14.864922,0.13507843017578125
2023-09-20 15:00:00,15.0,22.900000000000002,17.3,1.8,75.0,13.200000000000001,14.878014,-1.6780136108398427
2023-09-20 16:00:00,13.200000000000001,21.900000000000002,15.8,1.7000000000000002,79.0,13.700000000000001,13.544139,0.1558610916137706
2023-09-20 17:00:00,13.700000000000001,22.5,18.1,1.7000000000000002,81.0,15.5,14.952854,0.5471458435058594
2023-09-20 18:00:00,15.5,22.3,25.700000000000003,2.1,77.0,16.3,17.916445,-1.616444778442382
2023-09-20 19:00:00,16.3,23.3,33.300000000000004,2.1,66.0,14.100000000000001,19.263674,-5.163673782348631
2023-09-20 20:00:00,14.100000000000001,21.6,39.400000000000006,1.9000000000000001,53.0,14.9,16.741102,-1.8411022186279293
2023-09-20 21:00:00,14.9,18.6,33.5,1.9000000000000001,45.0,14.4,15.711556,-1.3115564346313473
2023-09-20 22:00:00,14.4,18.8,33.5,2.3000000000000003,40.0,14.0,14.990257,-0.9902572631835938
2023-09-20 23:00:00,14.0,18.2,27.8,1.8,42.0,14.4,14.121413,0.27858676910400426
2023-09-21 00:00:00,14.4,18.7,21.1,1.9000000000000001,42.0,14.700000000000001,13.9648905,0.7351095199584972
2023-09-21 01:00:00,14.700000000000001,18.900000000000002,17.2,1.7000000000000002,41.0,14.0,14.141669,-0.14166927337646484
2023-09-21 02:00:00,14.0,19.200000000000003,16.400000000000002,1.7000000000000002,33.0,15.0,13.422146,1.5778541564941406
2023-09-21 03:00:00,15.0,18.1,14.0,1.9000000000000001,37.0,14.700000000000001,14.240002,0.4599983215332042
2023-09-21 04:00:00,14.700000000000001,20.0,14.0,1.6,34.0,14.0,14.494934,-0.49493408203125
2023-09-21 05:00:00,14.0,19.900000000000002,14.3,1.8,30.0,13.700000000000001,14.113755,-0.41375522613525284
2023-09-21 06:00:00,13.700000000000001,19.1,17.3,1.8,30.0,15.5,14.738275,0.7617254257202148
2023-09-21 07:00:00,15.5,21.900000000000002,20.8,1.9000000000000001,25.0,14.600000000000001,16.425133,-1.8251327514648423
2023-09-21 08:00:00,14.600000000000001,22.200000000000003,24.5,1.8,20.0,13.8,14.626764,-0.8267642974853509
2023-09-21 09:00:00,13.8,21.200000000000003,22.8,1.9000000000000001,21.0,13.200000000000001,12.755259,0.444741439819337
2023-09-21 10:00:00,13.200000000000001,19.8,19.5,1.7000000000000002,23.0,13.100000000000001,12.25037,0.8496299743652358
2023-09-21 11:00:00,13.100000000000001,21.0,19.200000000000003,1.7000000000000002,31.0,12.5,12.042777,0.45722293853759766
2023-09-21 12:00:00,12.5,17.400000000000002,16.900000000000002,1.8,37.0,13.700000000000001,11.5713825,2.1286174774169933
2023-09-21 13:00:00,13.700000000000001,18.7,15.8,2.0,48.0,13.5,12.9557085,0.5442914962768555
2023-09-21 14:00:00,13.5,20.400000000000002,15.5,2.0,53.0,10.100000000000001,13.356774,-3.2567743301391587
2023-09-21 15:00:00,10.100000000000001,16.0,15.9,1.4000000000000001,56.0,11.600000000000001,10.045586,1.5544143676757827
2023-09-21 16:00:00,11.600000000000001,17.8,16.900000000000002,1.2000000000000002,61.0,10.8,11.655481,-0.8554813385009759
2023-09-21 17:00:00,10.8,18.0,16.3,1.2000000000000002,57.0,12.600000000000001,11.471691,1.1283088684082045
2023-09-21 18:00:00,12.600000000000001,18.3,21.0,1.3,52.0,12.9,12.934932,-0.034931755065917613
2023-09-21 19:00:00,12.9,16.400000000000002,25.200000000000003,1.8,46.0,11.700000000000001,13.647662,-1.9476621627807607
2023-09-21 20:00:00,11.700000000000001,15.100000000000001,28.8,1.9000000000000001,43.0,12.3,12.871059,-0.5710594177246087
2023-09-21 21:00:00,12.3,15.3,26.3,2.1,40.0,12.3,13.011208,-0.7112075805664055
2023-09-21 22:00:00,12.3,16.1,25.3,2.0,40.0,12.600000000000001,12.6960125,-0.09601249694824077
2023-09-21 23:00:00,12.600000000000001,17.900000000000002,23.0,2.0,41.0,12.600000000000001,12.426566,0.17343387603759908
2023-09-22 00:00:00,12.600000000000001,16.400000000000002,17.6,1.9000000000000001,39.0,14.200000000000001,11.986001,2.2139989852905284
2023-09-22 01:00:00,14.200000000000001,16.6,15.8,1.3,41.0,15.5,12.985929,2.514071464538574
2023-09-22 02:00:00,15.5,19.0,14.4,1.5,43.0,11.8,14.695907,-2.8959066390991204
2023-09-22 03:00:00,11.8,16.400000000000002,12.600000000000001,1.3,46.0,10.600000000000001,11.235429,-0.6354288101196275
2023-09-22 04:00:00,10.600000000000001,14.3,9.600000000000001,1.8,50.0,10.4,10.566253,-0.16625270843505824
2023-09-22 05:00:00,10.4,13.5,8.5,1.7000000000000002,53.0,7.800000000000001,10.535768,-2.7357675552368157
2023-09-22 06:00:00,7.800000000000001,12.3,7.800000000000001,1.4000000000000001,59.0,8.5,8.285187,0.214813232421875
2023-09-22 07:00:00,8.5,11.3,10.0,1.4000000000000001,58.0,8.8,8.671223,0.12877731323242259
2023-09-22 08:00:00,8.8,12.700000000000001,14.0,1.7000000000000002,51.0,8.0,8.608051,-0.6080513000488281
2023-09-22 09:00:00,8.0,11.200000000000001,15.5,1.2000000000000002,48.0,8.9,7.3678536,1.5321463584899906
2023-09-22 10:00:00,8.9,12.9,17.3,1.0,49.0,8.1,8.227304,-0.12730445861816442
2023-09-22 11:00:00,8.1,12.3,16.400000000000002,0.8,52.0,8.200000000000001,7.506127,0.6938731193542491
2023-09-22 12:00:00,8.200000000000001,11.0,14.9,1.0,56.0,7.300000000000001,7.5617113,-0.2617113113403313
2023-09-22 13:00:00,7.300000000000001,10.4,15.600000000000001,1.1,59.0,7.300000000000001,7.067765,0.2322347640991218
2023-09-22 14:00:00,7.300000000000001,11.0,14.600000000000001,1.2000000000000002,60.0,7.4,7.2441287,0.15587129592895543
2023-09-22 15:00:00,7.4,10.9,16.1,1.3,57.0,6.7,7.308336,-0.6083357810974119
2023-09-22 16:00:00,6.7,11.4,16.8,1.3,59.0,6.5,6.9691734,-0.4691734313964844
2023-09-22 17:00:00,6.5,10.0,19.5,1.5,62.0,7.5,7.3058577,0.19414234161376953
2023-09-22 18:00:00,7.5,12.3,21.3,1.6,60.0,8.1,8.142707,-0.0427068710327152
2023-09-22 19:00:00,8.1,12.100000000000001,27.3,1.6,52.0,9.8,9.492248,0.3077524185180671
2023-09-22 20:00:00,9.8,13.0,31.8,2.2,46.0,9.0,11.246339,-2.2463388442993164
2023-09-22 21:00:00,9.0,11.700000000000001,29.900000000000002,2.1,41.0,8.9,9.968762,-1.068762397766113
2023-09-22 22:00:00,8.9,11.700000000000001,30.5,2.1,40.0,8.1,9.552158,-1.452158355712891
2023-09-22 23:00:00,8.1,13.100000000000001,34.0,2.0,37.0,7.1000000000000005,8.518244,-1.418243789672851
2023-09-23 00:00:00,7.1000000000000005,12.0,29.200000000000003,1.8,33.0,7.7,7.5983586,0.10164136886596697
2023-09-23 01:00:00,7.7,11.600000000000001,24.400000000000002,1.9000000000000001,31.0,7.9,7.8393974,0.06060256958007848
2023-09-23 02:00:00,7.9,11.0,18.400000000000002,1.5,41.0,7.0,7.71506,-0.7150602340698242
2023-09-23 03:00:00,7.0,9.4,15.5,1.6,43.0,5.1000000000000005,6.899897,-1.7998970985412592
2023-09-23 04:00:00,5.1000000000000005,8.200000000000001,13.8,1.6,43.0,5.7,5.4311695,0.26883049011230487
2023-09-23 05:00:00,5.7,7.9,14.4,1.7000000000000002,39.0,5.0,6.021224,-1.021224021911621
2023-09-23 06:00:00,5.0,7.4,11.8,1.9000000000000001,46.0,5.6000000000000005,5.507067,0.09293279647827202
2023-09-23 07:00:00,5.6000000000000005,8.5,15.0,1.8,50.0,5.9,6.12597,-0.2259698867797848
2023-09-23 08:00:00,5.9,9.0,18.8,1.2000000000000002,54.0,6.300000000000001,6.0178585,0.2821414947509773
2023-09-23 09:00:00,6.300000000000001,8.700000000000001,17.8,1.2000000000000002,56.0,5.6000000000000005,6.1097755,-0.5097755432128901
2023-09-23 10:00:00,5.6000000000000005,8.0,16.7,1.6,52.0,5.7,5.2369924,0.4630076408386232
2023-09-23 11:00:00,5.7,8.9,16.8,1.5,53.0,6.2,5.5908046,0.6091954231262209
2023-09-23 12:00:00,6.2,8.8,14.700000000000001,1.6,59.0,5.6000000000000005,6.0328927,-0.43289270401000923
2023-09-23 13:00:00,5.6000000000000005,8.200000000000001,14.200000000000001,1.9000000000000001,67.0,5.6000000000000005,5.7141843,-0.11418428421020455
2023-09-23 14:00:00,5.6000000000000005,8.3,12.600000000000001,1.6,68.0,5.0,5.685609,-0.6856088638305664
2023-09-23 15:00:00,5.0,8.3,11.600000000000001,1.4000000000000001,68.0,5.7,4.795717,0.9042832374572756
2023-09-23 16:00:00,5.7,8.6,11.100000000000001,1.6,68.0,5.2,5.9829693,-0.782969284057617
2023-09-23 17:00:00,5.2,8.5,13.200000000000001,1.7000000000000002,62.0,5.9,5.730785,0.16921510696411168
2023-09-23 18:00:00,5.9,8.4,17.5,1.6,55.0,6.0,6.566776,-0.5667757987976074
2023-09-23 19:00:00,6.0,8.9,23.5,2.0,41.0,6.9,6.9445057,-0.04450569152831996
2023-09-23 20:00:00,6.9,9.5,23.8,1.8,29.0,7.1000000000000005,7.8313107,-0.7313107490539545
2023-09-23 21:00:00,7.1000000000000005,9.0,22.8,2.0,26.0,5.300000000000001,7.275147,-1.9751469612121575
2023-09-23 22:00:00,5.300000000000001,8.700000000000001,21.200000000000003,2.1,25.0,5.1000000000000005,5.606079,-0.5060791015624995
2023-09-23 23:00:00,5.1000000000000005,7.6000000000000005,19.400000000000002,1.7000000000000002,31.0,4.7,4.985371,-0.28537111282348615
2023-09-24 00:00:00,4.7,6.300000000000001,17.3,1.7000000000000002,41.0,4.0,4.683461,-0.6834611892700195
2023-09-24 01:00:00,4.0,6.300000000000001,17.3,1.4000000000000001,39.0,3.9000000000000004,4.0337496,-0.13374958038330043
2023-09-24 02:00:00,3.9000000000000004,6.1000000000000005,18.8,1.6,32.0,4.5,4.121727,0.37827301025390625
2023-09-24 03:00:00,4.5,6.0,17.3,1.6,34.0,4.9,4.429943,0.4700569152832035
2023-09-24 04:00:00,4.9,7.300000000000001,15.3,1.7000000000000002,32.0,5.7,5.1876693,0.5123307228088381
2023-09-24 05:00:00,5.7,7.300000000000001,17.900000000000002,1.6,32.0,6.9,6.049057,0.8509429931640629
2023-09-24 06:00:00,6.9,8.700000000000001,20.900000000000002,1.9000000000000001,24.0,7.4,7.581258,-0.18125782012939418
2023-09-24 07:00:00,7.4,9.9,23.0,2.0,18.0,8.0,8.307737,-0.3077373504638672
2023-09-24 08:00:00,8.0,12.100000000000001,27.6,2.3000000000000003,12.0,7.7,8.85203,-1.1520298004150389
2023-09-24 09:00:00,7.7,11.9,23.5,2.2,15.0,8.0,7.936277,0.06372308731079102
2023-09-24 10:00:00,8.0,12.4,19.400000000000002,2.6,19.0,8.0,8.192909,-0.19290924072265625
2023-09-24 11:00:00,8.0,12.700000000000001,19.3,2.9000000000000004,26.0,7.0,8.224725,-1.2247247695922852
2023-09-24 12:00:00,7.0,11.8,18.400000000000002,2.8000000000000003,33.0,6.6000000000000005,7.240096,-0.6400960922241206
2023-09-24 13:00:00,6.6000000000000005,11.600000000000001,16.3,2.7,42.0,7.2,7.101257,0.09874315261840838
2023-09-24 14:00:00,7.2,12.5,16.400000000000002,2.6,50.0,6.300000000000001,7.7592964,-1.4592964172363274
2023-09-24 15:00:00,6.300000000000001,10.600000000000001,15.3,2.0,63.0,6.0,6.7199235,-0.7199234962463379
2023-09-24 16:00:00,6.0,9.3,13.600000000000001,1.8,76.0,6.6000000000000005,6.614277,-0.014276885986327592
2023-09-24 17:00:00,6.6000000000000005,9.200000000000001,12.5,1.8,80.0,7.0,7.239668,-0.2396678924560547
2023-09-24 18:00:00,7.0,9.4,14.9,2.0,80.0,7.5,7.851583,-0.35158300399780273
2023-09-24 19:00:00,7.5,9.200000000000001,19.200000000000003,2.2,69.0,8.9,8.595904,0.30409564971923864
2023-09-24 20:00:00,8.9,11.200000000000001,30.3,2.8000000000000003,65.0,10.5,11.181349,-0.6813488006591797
2023-09-24 21:00:00,10.5,12.3,44.2,3.1,44.0,9.9,11.75363,-1.8536296844482418
2023-09-24 22:00:00,9.9,12.3,51.400000000000006,2.9000000000000004,16.0,8.9,11.904203,-3.004203414916992
2023-09-24 23:00:00,8.9,14.600000000000001,55.900000000000006,2.3000000000000003,8.0,10.700000000000001,10.839175,-0.13917522430419815
2023-09-25 00:00:00,10.700000000000001,15.100000000000001,54.300000000000004,2.4000000000000004,5.0,10.700000000000001,12.8590765,-2.1590764999389638
2023-09-25 01:00:00,10.700000000000001,13.4,49.800000000000004,2.4000000000000004,5.0,10.5,10.0871525,0.41284751892089844
2023-09-25 02:00:00,10.5,12.700000000000001,45.300000000000004,2.2,12.0,12.600000000000001,10.248681,2.3513189315795913
2023-09-25 03:00:00,12.600000000000001,15.100000000000001,30.5,1.8,19.0,10.700000000000001,12.300761,-1.6007612228393544
2023-09-25 04:00:00,10.700000000000001,16.5,24.8,1.8,22.0,10.4,11.083815,-0.6838146209716793
2023-09-25 05:00:00,10.4,15.3,18.6,1.9000000000000001,22.0,9.200000000000001,11.016843,-1.8168428421020497
2023-09-25 06:00:00,9.200000000000001,14.4,19.3,2.1,21.0,9.3,10.817777,-1.517776679992675
2023-09-25 07:00:00,9.3,14.100000000000001,28.0,2.0,13.0,10.700000000000001,11.303811,-0.6038110733032216
2023-09-25 08:00:00,10.700000000000001,16.2,31.6,2.4000000000000004,7.0,12.4,11.948688,0.45131244659423864
2023-09-25 09:00:00,12.4,18.6,37.5,2.8000000000000003,12.0,11.4,12.6113405,-1.211340522766113
2023-09-25 10:00:00,11.4,17.7,35.0,3.1,14.0,10.200000000000001,11.374115,-1.174114990234374
2023-09-25 11:00:00,10.200000000000001,17.8,31.700000000000003,3.9000000000000004,26.0,10.5,9.900193,0.5998067855834961
2023-09-25 12:00:00,10.5,17.0,25.3,3.7,42.0,10.3,10.667609,-0.36760921478271413
2023-09-25 13:00:00,10.3,15.3,21.400000000000002,3.0,55.0,8.3,10.348508,-2.04850788116455
2023-09-25 14:00:00,8.3,13.700000000000001,19.400000000000002,2.6,65.0,7.6000000000000005,8.850804,-1.2508043289184565
2023-09-25 15:00:00,7.6000000000000005,12.3,16.7,2.2,76.0,7.6000000000000005,8.038106,-0.438105964660644
2023-09-25 16:00:00,7.6000000000000005,12.700000000000001,15.3,2.3000000000000003,84.0,7.9,8.368654,-0.46865425109863246
2023-09-25 17:00:00,7.9,13.3,16.8,2.7,89.0,7.7,8.959051,-1.2590511322021483
2023-09-25 18:00:00,7.7,11.100000000000001,21.3,2.9000000000000004,81.0,8.9,9.094286,-0.19428596496581996
2023-09-25 19:00:00,8.9,11.9,33.5,3.1,77.0,9.600000000000001,11.2952585,-1.69525852203369
2023-09-25 20:00:00,9.600000000000001,14.700000000000001,38.2,4.1000000000000005,78.0,11.4,12.592079,-1.192079162597656
2023-09-25 21:00:00,11.4,17.0,44.300000000000004,3.8000000000000003,57.0,11.4,13.82165,-2.421649551391601
2023-09-25 22:00:00,11.4,17.6,47.2,3.0,33.0,10.3,13.026816,-2.7268163681030266
2023-09-25 23:00:00,10.3,17.0,47.2,2.7,17.0,10.100000000000001,11.669506,-1.5695060729980455
2023-09-26 00:00:00,10.100000000000001,17.2,47.800000000000004,2.6,11.0,10.0,10.055189,-0.05518913269042969
2023-09-26 01:00:00,10.0,16.900000000000002,42.300000000000004,2.4000000000000004,8.0,9.9,9.821167,0.07883300781250036
2023-09-26 02:00:00,9.9,17.5,41.1,2.1,11.0,11.3,9.849489,1.450510787963868
2023-09-26 03:00:00,11.3,17.0,33.0,1.9000000000000001,14.0,10.9,11.459303,-0.5593029022216793
2023-09-26 04:00:00,10.9,18.400000000000002,28.200000000000003,2.0,15.0,12.100000000000001,11.426628,0.6733718872070327
2023-09-26 05:00:00,12.100000000000001,17.900000000000002,27.1,2.0,14.0,11.100000000000001,12.719052,-1.6190523147582994
2023-09-26 06:00:00,11.100000000000001,17.6,28.5,2.0,8.0,10.9,13.17503,-2.2750297546386715
2023-09-26 07:00:00,10.9,18.900000000000002,29.0,2.3000000000000003,5.0,11.9,13.804412,-1.9044118881225582
2023-09-26 08:00:00,11.9,20.900000000000002,33.7,2.3000000000000003,4.0,13.9,13.081288,0.8187116622924808
2023-09-26 09:00:00,13.9,24.1,39.5,2.6,11.0,13.8,14.062457,-0.262457084655761
2023-09-26 10:00:00,13.8,22.8,34.9,2.5,14.0,14.600000000000001,13.466819,1.133181190490724
2023-09-26 11:00:00,14.600000000000001,23.700000000000003,34.2,4.0,18.0,14.3,14.123435,0.17656497955322337
2023-09-26 12:00:00,14.3,25.5,32.6,3.6,35.0,16.900000000000002,13.892428,3.007571601867678
2023-09-26 13:00:00,16.900000000000002,23.900000000000002,26.700000000000003,3.0,55.0,14.100000000000001,16.748644,-2.648643875122069
2023-09-26 14:00:00,14.100000000000001,20.5,22.6,2.9000000000000004,69.0,11.8,14.0089445,-2.2089445114135735
2023-09-26 15:00:00,11.8,20.200000000000003,18.8,3.0,82.0,10.9,12.5114155,-1.6114154815673825
2023-09-26 16:00:00,10.9,17.400000000000002,16.2,2.9000000000000004,96.0,11.4,11.563135,-0.1631351470947262
2023-09-26 17:00:00,11.4,17.400000000000002,17.1,2.6,99.0,12.5,12.693063,-0.19306278228759766
2023-09-26 18:00:00,12.5,18.900000000000002,23.3,2.7,95.0,13.8,14.196201,-0.3962013244628899
2023-09-26 19:00:00,13.8,21.200000000000003,34.1,3.1,87.0,15.4,16.680094,-1.2800937652587887
2023-09-26 20:00:00,15.4,22.6,55.0,4.2,77.0,15.5,17.793985,-2.293985366821289
2023-09-26 21:00:00,15.5,22.900000000000002,65.2,3.9000000000000004,59.0,16.5,19.022974,-2.5229740142822266
2023-09-26 22:00:00,16.5,24.0,68.60000000000001,3.1,28.0,15.0,18.487202,-3.487201690673828
2023-09-26 23:00:00,15.0,24.400000000000002,64.4,2.9000000000000004,17.0,15.200000000000001,16.730595,-1.5305946350097646
2023-09-27 00:00:00,15.200000000000001,25.700000000000003,58.900000000000006,2.9000000000000004,9.0,17.0,17.214022,-0.2140216827392578
2023-09-27 01:00:00,17.0,24.5,48.6,2.4000000000000004,15.0,15.9,17.657448,-1.757447814941406
2023-09-27 02:00:00,15.9,24.6,45.0,2.2,25.0,15.8,16.497066,-0.6970664978027337
2023-09-27 03:00:00,15.8,23.0,36.7,2.0,29.0,15.8,16.419172,-0.619172286987304
2023-09-27 04:00:00,15.8,24.3,31.200000000000003,2.2,34.0,17.6,16.191458,1.4085422515869155
2023-09-27 05:00:00,17.6,23.1,30.5,2.2,29.0,19.900000000000002,18.09139,1.8086093902587912
2023-09-27 06:00:00,19.900000000000002,23.5,29.0,2.3000000000000003,21.0,20.200000000000003,20.619354,-0.41935424804687216
2023-09-27 07:00:00,20.200000000000003,25.700000000000003,32.2,2.5,8.0,19.700000000000003,22.089495,-2.3894947052001925
2023-09-27 08:00:00,19.700000000000003,31.1,40.300000000000004,2.9000000000000004,3.0,20.8,21.919935,-1.119935226440429
2023-09-27 09:00:00,20.8,35.5,44.6,2.6,8.0,22.5,20.008707,2.491292953491211
2023-09-27 10:00:00,22.5,35.9,40.300000000000004,3.0,10.0,23.6,21.4055,2.1944995880126967
2023-09-27 11:00:00,23.6,34.6,36.4,4.2,33.0,20.6,22.165478,-1.5654777526855455
2023-09-27 12:00:00,20.6,32.800000000000004,29.8,4.4,51.0,19.700000000000003,18.700829,0.9991714477539091
2023-09-27 13:00:00,19.700000000000003,28.400000000000002,25.700000000000003,3.8000000000000003,63.0,16.900000000000002,19.027443,-2.127442932128904
2023-09-27 14:00:00,16.900000000000002,26.0,23.900000000000002,3.8000000000000003,77.0,15.100000000000001,16.978783,-1.8787826538085923
2023-09-27 15:00:00,15.100000000000001,25.700000000000003,17.7,3.5,86.0,15.4,15.275014,0.12498607635498082
2023-09-27 16:00:00,15.4,26.0,12.700000000000001,3.0,91.0,14.100000000000001,15.803201,-1.7032007217407212
2023-09-27 17:00:00,14.100000000000001,25.900000000000002,14.0,2.4000000000000004,102.0,14.5,15.393456,-0.8934564590454102
2023-09-27 18:00:00,14.5,28.1,17.2,2.6,99.0,16.8,16.399755,0.4002445220947273
2023-09-27 19:00:00,16.8,29.6,31.1,3.0,89.0,16.400000000000002,20.154152,-3.754151916503904
2023-09-27 20:00:00,16.400000000000002,30.900000000000002,49.0,3.1,75.0,19.700000000000003,19.31393,0.38606948852539347
2023-09-27 21:00:00,19.700000000000003,33.9,55.7,3.5,63.0,22.200000000000003,22.39623,-0.1962306976318331
2023-09-27 22:00:00,22.200000000000003,35.1,61.2,3.4000000000000004,39.0,23.200000000000003,24.039005,-0.8390052795410128
2023-09-27 23:00:00,23.200000000000003,36.9,58.400000000000006,3.2,36.0,24.200000000000003,23.963005,0.2369949340820341
2023-09-28 00:00:00,24.200000000000003,36.0,47.300000000000004,2.8000000000000003,41.0,22.3,25.939463,-3.6394626617431634
2023-09-28 01:00:00,22.3,35.1,40.7,2.6,37.0,18.7,23.352005,-4.652005004882813
2023-09-28 02:00:00,18.7,33.2,35.9,2.6,33.0,18.900000000000002,19.872726,-0.9727264404296854
2023-09-28 03:00:00,18.900000000000002,31.1,29.400000000000002,2.5,32.0,18.7,19.477337,-0.7773368835449226
2023-09-28 04:00:00,18.7,27.900000000000002,30.5,2.7,30.0,20.6,19.07329,1.526710128784181
2023-09-28 05:00:00,20.6,28.3,29.400000000000002,2.9000000000000004,27.0,22.1,21.10699,0.993009185791017
2023-09-28 06:00:00,22.1,31.3,35.5,2.9000000000000004,21.0,25.6,23.518196,2.08180389404297
2023-09-28 07:00:00,25.6,34.4,37.1,3.0,15.0,26.5,27.28942,-0.7894191741943359
2023-09-28 08:00:00,26.5,35.4,44.900000000000006,2.9000000000000004,8.0,25.900000000000002,26.905996,-1.0059963226318338
2023-09-28 09:00:00,25.900000000000002,36.7,44.2,3.0,13.0,21.200000000000003,24.545628,-3.345627593994138
2023-09-28 10:00:00,21.200000000000003,36.2,41.800000000000004,3.3000000000000003,16.0,21.0,20.170324,0.8296756744384766
2023-09-28 11:00:00,21.0,36.2,42.6,4.0,32.0,19.5,19.411966,0.08803367614746094
2023-09-28 12:00:00,19.5,37.6,39.7,3.7,49.0,19.400000000000002,18.717457,0.682543182373049
2023-09-28 13:00:00,19.400000000000002,35.1,31.400000000000002,3.7,65.0,19.6,19.065653,0.5343471527099624
2023-09-28 14:00:00,19.6,33.5,21.6,3.9000000000000004,82.0,16.900000000000002,18.897213,-1.9972129821777322
2023-09-28 15:00:00,16.900000000000002,32.300000000000004,15.4,4.0,96.0,16.900000000000002,16.05641,0.8435901641845724
2023-09-28 16:00:00,16.900000000000002,32.2,14.0,3.8000000000000003,105.0,18.5,16.938913,1.561086654663086
2023-09-28 17:00:00,18.5,31.8,15.9,3.5,108.0,17.900000000000002,20.452316,-2.5523162841796854
2023-09-28 18:00:00,17.900000000000002,32.4,19.700000000000003,3.5,107.0,19.3,21.354921,-2.054921340942382
2023-09-28 19:00:00,19.3,33.5,36.1,3.6,104.0,22.200000000000003,24.252407,-2.0524070739746065
2023-09-28 20:00:00,22.200000000000003,35.800000000000004,50.800000000000004,4.0,89.0,22.8,25.662031,-2.862031173706054
2023-09-28 21:00:00,22.8,40.400000000000006,60.6,3.7,61.0,23.400000000000002,26.682268,-3.282268142700193
2023-09-28 22:00:00,23.400000000000002,37.300000000000004,63.800000000000004,3.5,35.0,24.0,26.99562,-2.9956207275390625
2023-09-28 23:00:00,24.0,38.400000000000006,64.3,3.4000000000000004,17.0,24.6,25.85799,-1.2579902648925767
2023-09-29 00:00:00,24.6,37.5,58.400000000000006,3.4000000000000004,11.0,23.8,27.026152,-3.2261516571044915
2023-09-29 01:00:00,23.8,37.4,51.800000000000004,3.0,15.0,23.6,25.30165,-1.7016490936279283
2023-09-29 02:00:00,23.6,38.1,48.5,2.8000000000000003,16.0,24.400000000000002,24.357883,0.04211654663086151
2023-09-29 03:00:00,24.400000000000002,36.300000000000004,40.800000000000004,2.2,22.0,26.8,24.623558,2.176441955566407
2023-09-29 04:00:00,26.8,36.9,35.7,2.4000000000000004,25.0,28.900000000000002,26.313593,2.5864070892334006
2023-09-29 05:00:00,28.900000000000002,35.800000000000004,33.1,2.7,18.0,30.3,28.164263,2.1357372283935554
2023-09-29 06:00:00,30.3,33.6,32.6,2.4000000000000004,15.0,33.2,29.830954,3.369046401977542
2023-09-29 07:00:00,33.2,38.6,36.0,2.9000000000000004,7.0,32.6,33.473743,-0.8737434387207017
2023-09-29 08:00:00,32.6,42.0,41.900000000000006,3.1,3.0,30.400000000000002,34.061523,-3.661523437499998
2023-09-29 09:00:00,30.400000000000002,44.2,49.2,3.3000000000000003,8.0,31.900000000000002,29.367353,2.5326465606689474
2023-09-29 10:00:00,31.900000000000002,45.0,50.900000000000006,3.3000000000000003,12.0,33.5,30.3705,3.1294994354248047
2023-09-29 11:00:00,33.5,47.300000000000004,50.0,4.2,30.0,34.300000000000004,32.09314,2.2068603515625043
2023-09-29 12:00:00,34.300000000000004,46.300000000000004,41.5,4.4,45.0,31.900000000000002,32.61595,-0.7159515380859354
2023-09-29 13:00:00,31.900000000000002,42.800000000000004,33.7,4.5,70.0,31.700000000000003,30.278948,1.4210521697998075
2023-09-29 14:00:00,31.700000000000003,43.1,28.6,3.9000000000000004,84.0,27.5,30.871225,-3.371225357055664
2023-09-29 15:00:00,27.5,39.900000000000006,25.0,3.4000000000000004,97.0,27.6,27.297705,0.302295303344728
2023-09-29 16:00:00,27.6,39.300000000000004,20.200000000000003,3.7,119.0,24.1,28.312494,-4.2124942779541
2023-09-29 17:00:00,24.1,38.2,22.400000000000002,3.8000000000000003,127.0,24.6,26.186771,-1.5867713928222642
2023-09-29 18:00:00,24.6,36.800000000000004,24.6,4.1000000000000005,119.0,23.700000000000003,27.411938,-3.711937713623044
2023-09-29 19:00:00,23.700000000000003,38.400000000000006,35.2,4.1000000000000005,108.0,26.8,28.120304,-1.320304107666015
2023-09-29 20:00:00,26.8,39.5,55.7,4.3,102.0,30.5,29.862103,0.6378974914550781
2023-09-29 21:00:00,30.5,43.300000000000004,68.4,4.2,71.0,31.400000000000002,34.50728,-3.1072784423828104
2023-09-29 22:00:00,31.400000000000002,48.1,73.10000000000001,4.0,43.0,33.5,35.6029,-2.1029014587402344
2023-09-29 23:00:00,33.5,45.5,89.4,4.0,24.0,35.300000000000004,36.103405,-0.8034049987792926
2023-09-30 00:00:00,35.300000000000004,46.900000000000006,87.0,3.7,12.0,32.7,37.951614,-5.25161437988281
2023-09-30 01:00:00,32.7,43.800000000000004,76.7,3.4000000000000004,16.0,30.900000000000002,33.850285,-2.9502845764160135
2023-09-30 02:00:00,30.900000000000002,46.2,81.0,3.6,14.0,33.0,33.96898,-0.9689788818359375
2023-09-30 03:00:00,33.0,45.0,76.4,2.8000000000000003,17.0,32.9,34.10849,-1.2084899902343764
2023-09-30 04:00:00,32.9,48.800000000000004,44.5,2.5,12.0,30.5,33.15042,-2.650421142578125
2023-09-30 05:00:00,30.5,44.400000000000006,38.400000000000006,2.4000000000000004,12.0,28.700000000000003,31.047138,-2.3471382141113253
2023-09-30 06:00:00,28.700000000000003,40.1,35.2,2.5,17.0,27.400000000000002,29.938505,-2.53850517272949
2023-09-30 07:00:00,27.400000000000002,37.800000000000004,38.2,2.5,12.0,25.1,29.62275,-4.52274932861328
2023-09-30 08:00:00,25.1,40.800000000000004,38.2,2.8000000000000003,8.0,29.1,26.281206,2.818793869018556
2023-09-30 09:00:00,29.1,44.2,48.300000000000004,2.9000000000000004,19.0,30.400000000000002,29.269472,1.1305278778076193
2023-09-30 10:00:00,30.400000000000002,48.1,44.6,3.1,24.0,31.6,29.761263,1.8387371063232436
2023-09-30 11:00:00,31.6,50.800000000000004,39.7,3.5,36.0,34.300000000000004,29.975382,4.324618148803715
2023-09-30 12:00:00,34.300000000000004,51.0,35.5,3.5,55.0,33.9,33.3244,0.5755981445312486
2023-09-30 13:00:00,33.9,50.900000000000006,28.400000000000002,3.6,75.0,30.1,32.106354,-2.0063537597656236
2023-09-30 14:00:00,30.1,47.0,24.6,3.9000000000000004,100.0,26.900000000000002,28.631927,-1.7319274902343729
2023-09-30 15:00:00,26.900000000000002,42.300000000000004,19.8,3.7,123.0,23.700000000000003,26.97868,-3.278679656982419
2023-09-30 16:00:00,23.700000000000003,38.7,16.6,4.1000000000000005,130.0,22.6,24.712223,-2.112223052978514
2023-09-30 17:00:00,22.6,40.5,16.900000000000002,4.2,137.0,21.6,23.59438,-1.9943794250488267
2023-09-30 18:00:00,21.6,40.1,18.0,4.4,138.0,21.5,23.515745,-2.015745162963867
2023-09-30 19:00:00,21.5,38.7,29.900000000000002,3.8000000000000003,133.0,25.0,25.641125,-0.6411247253417969
2023-09-30 20:00:00,25.0,38.1,37.300000000000004,3.8000000000000003,122.0,27.5,28.92306,-1.4230594635009766
2023-09-30 21:00:00,27.5,42.7,47.300000000000004,4.4,88.0,27.200000000000003,29.677841,-2.4778411865234347
2023-09-30 22:00:00,27.200000000000003,46.2,54.6,4.0,59.0,29.400000000000002,30.416998,-1.0169979095458963
2023-09-30 23:00:00,29.400000000000002,51.5,57.400000000000006,3.3000000000000003,49.0,28.900000000000002,31.633078,-2.733077621459959
2023-10-01 00:00:00,28.900000000000002,43.900000000000006,55.1,3.0,28.0,26.900000000000002,30.76625,-3.8662506103515604
2023-10-01 01:00:00,26.900000000000002,41.6,47.0,2.8000000000000003,30.0,25.1,28.00494,-2.904940032958983
2023-10-01 02:00:00,25.1,46.300000000000004,43.5,2.6,23.0,28.8,25.963566,2.836434173583985
2023-10-01 03:00:00,28.8,41.900000000000006,41.400000000000006,2.5,25.0,32.4,28.439604,3.9603961944580064
2023-10-01 04:00:00,32.4,41.400000000000006,38.300000000000004,2.3000000000000003,26.0,33.0,31.858927,1.141073226928711
2023-10-01 05:00:00,33.0,41.300000000000004,33.7,2.2,26.0,33.5,32.330074,1.1699256896972656
2023-10-01 06:00:00,33.5,42.7,30.400000000000002,2.2,25.0,34.300000000000004,33.144833,1.1551673889160199
2023-10-01 07:00:00,34.300000000000004,39.800000000000004,29.3,2.5,18.0,33.2,33.800167,-0.6001670837402315
2023-10-01 08:00:00,33.2,40.800000000000004,41.0,2.7,17.0,35.1,32.881496,2.218503570556642
2023-10-01 09:00:00,35.1,49.1,35.5,2.6,19.0,35.4,35.60136,-0.2013603210449233
2023-10-01 10:00:00,35.4,47.0,29.8,2.8000000000000003,23.0,37.6,35.561775,2.03822479248047
2023-10-01 11:00:00,37.6,45.300000000000004,25.0,3.6,42.0,34.800000000000004,36.29673,-1.496730041503902
2023-10-01 12:00:00,34.800000000000004,46.2,21.200000000000003,3.9000000000000004,58.0,34.300000000000004,33.08518,1.2148216247558636
2023-10-01 13:00:00,34.300000000000004,43.800000000000004,19.200000000000003,3.6,77.0,30.3,32.852062,-2.552062225341796
2023-10-01 14:00:00,30.3,40.0,15.4,3.7,95.0,26.8,28.025995,-1.2259952545166009
2023-10-01 15:00:00,26.8,37.9,12.4,3.9000000000000004,115.0,25.400000000000002,26.372438,-0.9724384307861307
2023-10-01 16:00:00,25.400000000000002,36.4,11.8,4.1000000000000005,126.0,25.6,25.64158,-0.04158058166503764
2023-10-01 17:00:00,25.6,36.1,12.9,3.2,130.0,26.900000000000002,26.292418,0.6075824737548849
2023-10-01 18:00:00,26.900000000000002,35.6,16.3,3.1,126.0,27.5,28.565315,-1.0653152465820312
2023-10-01 19:00:00,27.5,37.300000000000004,21.8,3.5,121.0,31.200000000000003,30.370377,0.8296234130859403
2023-10-01 20:00:00,31.200000000000003,39.400000000000006,35.6,4.0,107.0,34.1,32.50985,1.5901504516601577
2023-10-01 21:00:00,34.1,45.300000000000004,45.300000000000004,4.0,78.0,37.6,36.891,0.7090011596679702
2023-10-01 22:00:00,37.6,45.2,54.0,3.3000000000000003,48.0,38.800000000000004,38.27723,0.522770690917973
2023-10-01 23:00:00,38.800000000000004,45.6,59.0,3.1,35.0,37.1,39.77235,-2.6723503112792955
2023-10-02 00:00:00,37.1,47.1,51.2,2.8000000000000003,27.0,33.7,37.396538,-3.696537780761716
2023-10-02 01:00:00,33.7,44.7,39.800000000000004,2.7,26.0,33.2,32.722992,0.47700805664062784
2023-10-02 02:00:00,33.2,45.5,37.9,2.7,28.0,34.1,33.108974,0.991025543212892
2023-10-02 03:00:00,34.1,45.2,34.2,2.3000000000000003,29.0,36.300000000000004,33.280148,3.01985244750977
2023-10-02 04:00:00,36.300000000000004,47.0,33.6,2.3000000000000003,24.0,38.300000000000004,36.373566,1.9264343261718793
2023-10-02 05:00:00,38.300000000000004,47.1,32.6,2.3000000000000003,20.0,38.0,38.086273,-0.086273193359375
2023-10-02 06:00:00,38.0,47.5,32.4,2.4000000000000004,14.0,38.900000000000006,38.515465,0.38453521728516193
2023-10-02 07:00:00,38.900000000000006,51.5,34.9,3.0,10.0,38.800000000000004,40.359707,-1.5597068786621051
2023-10-02 08:00:00,38.800000000000004,48.1,44.2,3.3000000000000003,6.0,38.300000000000004,38.27593,0.024071502685551138
2023-10-02 09:00:00,38.300000000000004,50.800000000000004,46.900000000000006,3.9000000000000004,12.0,44.6,37.684216,6.9157844543457045
2023-10-02 10:00:00,44.6,57.800000000000004,47.5,3.5,17.0,41.6,42.51066,-0.9106582641601548
2023-10-02 11:00:00,41.6,54.1,46.900000000000006,4.4,33.0,40.900000000000006,38.911934,1.9880661010742244
2023-10-02 12:00:00,40.900000000000006,53.2,41.400000000000006,4.4,52.0,40.2,37.667686,2.532313537597659
2023-10-02 13:00:00,40.2,53.900000000000006,32.9,3.9000000000000004,74.0,37.9,37.991924,-0.0919242858886733
2023-10-02 14:00:00,37.9,51.2,27.400000000000002,3.6,90.0,37.0,35.381927,1.618072509765625
2023-10-02 15:00:00,37.0,48.400000000000006,24.200000000000003,3.4000000000000004,116.0,36.300000000000004,34.654736,1.6452644348144574
2023-10-02 16:00:00,36.300000000000004,45.800000000000004,17.400000000000002,3.3000000000000003,124.0,34.300000000000004,35.044773,-0.7447731018066364
2023-10-02 17:00:00,34.300000000000004,43.6,19.400000000000002,3.5,133.0,31.200000000000003,33.791286,-2.5912864685058565
2023-10-02 18:00:00,31.200000000000003,43.1,23.6,3.3000000000000003,126.0,32.800000000000004,32.334854,0.46514587402344176
2023-10-02 19:00:00,32.800000000000004,44.300000000000004,36.800000000000004,4.4,109.0,38.5,37.121014,1.3789863586425781
2023-10-02 20:00:00,38.5,48.5,52.2,4.7,94.0,37.9,40.798473,-2.8984733581542983
2023-10-02 21:00:00,37.9,50.0,62.1,4.7,69.0,43.0,38.538044,4.461956024169922
2023-10-02 22:00:00,43.0,50.300000000000004,71.60000000000001,3.9000000000000004,45.0,44.2,44.41056,-0.2105606079101534
2023-10-02 23:00:00,44.2,53.5,80.30000000000001,3.4000000000000004,21.0,46.1,46.815865,-0.7158645629882798
2023-10-03 00:00:00,46.1,55.7,83.5,3.1,12.0,45.0,48.558838,-3.558837890625
2023-10-03 01:00:00,45.0,54.0,65.8,2.3000000000000003,8.0,41.1,45.2742,-4.174200439453124
2023-10-03 02:00:00,41.1,53.7,55.2,2.6,12.0,44.6,41.22505,3.374948120117189
2023-10-03 03:00:00,44.6,55.400000000000006,50.7,2.4000000000000004,13.0,43.0,42.276318,0.7236824035644531
2023-10-03 04:00:00,43.0,57.5,44.1,2.6,17.0,42.0,43.09114,-1.0911407470703125
2023-10-03 05:00:00,42.0,53.2,36.2,3.0,19.0,41.300000000000004,42.372696,-1.0726959228515582
2023-10-03 06:00:00,41.300000000000004,50.7,34.300000000000004,2.9000000000000004,20.0,40.6,41.94179,-1.3417915344238267
2023-10-03 07:00:00,40.6,51.800000000000004,34.4,3.4000000000000004,16.0,40.1,41.701687,-1.601686859130858
2023-10-03 08:00:00,40.1,52.5,46.0,3.6,8.0,43.7,40.146133,3.5538665771484403
2023-10-03 09:00:00,43.7,52.7,47.5,3.2,8.0,43.800000000000004,41.897614,1.9023864746093793
2023-10-03 10:00:00,43.800000000000004,56.6,46.800000000000004,3.5,17.0,40.6,42.52322,-1.923220062255858
2023-10-03 11:00:00,40.6,56.400000000000006,43.6,4.6000000000000005,25.0,38.0,39.010704,-1.0107040405273438
2023-10-03 12:00:00,38.0,56.0,37.4,4.7,46.0,38.300000000000004,37.32473,0.9752700805664105
2023-10-03 13:00:00,38.300000000000004,54.1,28.8,5.5,77.0,36.9,36.93059,-0.030591583251954546
2023-10-03 14:00:00,36.9,49.300000000000004,23.3,5.300000000000001,90.0,34.9,34.032463,0.8675369262695298
2023-10-03 15:00:00,34.9,47.0,20.8,4.9,110.0,32.5,32.640396,-0.1403961181640625
2023-10-03 16:00:00,32.5,45.900000000000006,18.1,4.6000000000000005,121.0,31.400000000000002,31.66245,-0.2624507904052713
2023-10-03 17:00:00,31.400000000000002,45.2,15.100000000000001,4.1000000000000005,124.0,30.900000000000002,30.272594,0.6274055480957053
2023-10-03 18:00:00,30.900000000000002,48.2,17.2,3.7,112.0,32.300000000000004,33.45099,-1.1509887695312457
2023-10-03 19:00:00,32.300000000000004,48.1,24.900000000000002,4.1000000000000005,99.0,35.2,34.947117,0.2528831481933622
2023-10-03 20:00:00,35.2,50.7,35.6,4.3,100.0,29.6,39.268913,-9.668913269042967
2023-10-03 21:00:00,29.6,44.400000000000006,30.0,4.4,86.0,25.8,29.892876,-4.092875671386718
2023-10-03 22:00:00,25.8,36.1,23.1,4.0,75.0,24.1,26.508095,-2.408094787597655
2023-10-03 23:00:00,24.1,36.7,17.6,3.7,75.0,22.6,23.858324,-1.258324050903319
2023-10-04 00:00:00,22.6,37.7,13.8,3.5,73.0,22.8,23.006659,-0.20665855407714773
2023-10-04 01:00:00,22.8,34.9,11.9,3.5,70.0,23.700000000000003,23.06517,0.6348297119140653
2023-10-04 02:00:00,23.700000000000003,34.9,11.8,3.7,66.0,22.8,24.116081,-1.316081237792968
2023-10-04 03:00:00,22.8,31.900000000000002,13.600000000000001,3.6,56.0,17.2,22.309649,-5.109648513793946
2023-10-04 04:00:00,17.2,28.700000000000003,12.4,3.9000000000000004,48.0,19.5,17.231731,2.268268585205078
2023-10-04 05:00:00,19.5,29.200000000000003,14.600000000000001,4.1000000000000005,37.0,22.0,19.646317,2.3536834716796875
2023-10-04 06:00:00,22.0,25.400000000000002,19.0,3.9000000000000004,28.0,25.400000000000002,22.948044,2.4519561767578146
2023-10-04 07:00:00,25.400000000000002,32.0,30.6,5.0,19.0,27.8,26.569376,1.2306240081787116
2023-10-04 08:00:00,27.8,38.5,43.900000000000006,4.0,18.0,28.900000000000002,28.490952,0.40904846191406463
2023-10-04 09:00:00,28.900000000000002,38.1,44.7,3.9000000000000004,15.0,26.400000000000002,26.836533,-0.43653259277343537
2023-10-04 10:00:00,26.400000000000002,32.1,42.0,3.9000000000000004,29.0,20.1,23.495066,-3.3950656890869126
2023-10-04 11:00:00,20.1,27.8,34.4,3.8000000000000003,39.0,18.400000000000002,18.44922,-0.04922065734863068
2023-10-04 12:00:00,18.400000000000002,27.5,27.700000000000003,4.0,48.0,20.5,17.183754,3.3162460327148438
2023-10-04 13:00:00,20.5,33.2,22.400000000000002,4.1000000000000005,71.0,30.1,19.503326,10.596673583984376
2023-10-04 14:00:00,30.1,40.0,17.1,3.6,85.0,29.3,26.846418,2.453581619262696
2023-10-04 15:00:00,29.3,40.900000000000006,12.0,2.9000000000000004,92.0,25.1,27.915508,-2.8155082702636705
2023-10-04 16:00:00,25.1,41.5,12.0,3.0,100.0,27.900000000000002,24.9092,2.990799331665041
2023-10-04 17:00:00,27.900000000000002,43.7,15.100000000000001,2.6,101.0,26.8,28.876234,-2.076234054565429
2023-10-04 18:00:00,26.8,37.6,15.0,1.8,103.0,25.6,27.684462,-2.0844615936279283
2023-10-04 19:00:00,25.6,40.300000000000004,19.6,2.2,101.0,25.0,27.501678,-2.501678466796875
2023-10-04 20:00:00,25.0,40.300000000000004,21.0,2.6,94.0,24.700000000000003,26.787125,-2.0871246337890597
2023-10-04 21:00:00,24.700000000000003,40.2,23.900000000000002,2.8000000000000003,79.0,26.200000000000003,26.594425,-0.3944252014160128
2023-10-04 22:00:00,26.200000000000003,40.400000000000006,25.400000000000002,2.6,72.0,27.0,27.352093,-0.3520927429199219
2023-10-04 23:00:00,27.0,41.1,22.400000000000002,2.8000000000000003,66.0,25.8,26.970057,-1.1700565338134759
2023-10-05 00:00:00,25.8,39.1,19.8,2.4000000000000004,63.0,24.8,25.638456,-0.8384563446044915
2023-10-05 01:00:00,24.8,37.0,17.400000000000002,2.3000000000000003,59.0,25.3,23.93456,1.3654392242431648
2023-10-05 02:00:00,25.3,37.5,16.900000000000002,2.5,55.0,23.6,24.160255,-0.5602554321289048
2023-10-05 03:00:00,23.6,32.5,18.0,2.5,50.0,25.200000000000003,22.833536,2.366463851928714
2023-10-05 04:00:00,25.200000000000003,31.5,17.1,2.0,46.0,25.200000000000003,23.301794,1.8982059478759794
2023-10-05 05:00:00,25.200000000000003,31.3,17.400000000000002,2.2,39.0,24.400000000000002,24.01118,0.38881912231445526
2023-10-05 06:00:00,24.400000000000002,31.400000000000002,18.2,2.1,33.0,26.1,24.115894,1.9841056823730483
2023-10-05 07:00:00,26.1,30.700000000000003,24.6,2.5,19.0,26.3,26.276352,0.02364807128906321
2023-10-05 08:00:00,26.3,30.900000000000002,35.300000000000004,2.8000000000000003,11.0,23.1,26.298948,-3.1989482879638658
2023-10-05 09:00:00,23.1,28.900000000000002,42.1,2.6,13.0,21.3,20.949707,0.3502929687500007
2023-10-05 10:00:00,21.3,27.6,40.2,3.2,20.0,19.400000000000002,19.124527,0.27547302246093963
2023-10-05 11:00:00,19.400000000000002,27.6,27.5,2.7,36.0,18.5,17.99034,0.5096607208251953
2023-10-05 12:00:00,18.5,28.5,24.8,2.7,52.0,17.5,17.308367,0.1916332244873047
2023-10-05 13:00:00,17.5,24.1,22.1,2.7,60.0,20.1,16.792912,3.307088470458986
2023-10-05 14:00:00,20.1,27.5,20.0,2.5,68.0,18.900000000000002,19.415422,-0.5154224395751932
2023-10-05 15:00:00,18.900000000000002,26.5,18.3,2.5,80.0,19.400000000000002,18.732185,0.6678146362304709
2023-10-05 16:00:00,19.400000000000002,25.5,18.0,2.4000000000000004,82.0,18.6,19.946873,-1.3468727111816392
2023-10-05 17:00:00,18.6,25.3,18.8,2.4000000000000004,88.0,18.7,20.186436,-1.4864356994628913
2023-10-05 18:00:00,18.7,24.1,21.8,2.4000000000000004,82.0,20.700000000000003,20.709438,-0.009438323974606533
2023-10-05 19:00:00,20.700000000000003,30.6,33.1,3.2,73.0,22.700000000000003,24.079613,-1.379612731933591
2023-10-05 20:00:00,22.700000000000003,31.1,45.0,3.4000000000000004,61.0,23.200000000000003,25.938522,-2.7385223388671847
2023-10-05 21:00:00,23.200000000000003,30.1,49.400000000000006,3.5,47.0,22.200000000000003,24.553972,-2.3539722442626925
2023-10-05 22:00:00,22.200000000000003,31.0,56.300000000000004,3.3000000000000003,27.0,22.6,23.931581,-1.3315814971923814
2023-10-05 23:00:00,22.6,32.5,60.2,3.1,10.0,22.200000000000003,23.530457,-1.3304565429687472
2023-10-06 00:00:00,22.200000000000003,32.2,55.2,2.8000000000000003,9.0,23.1,25.79165,-2.691650772094725
2023-10-06 01:00:00,23.1,31.700000000000003,54.2,2.7,4.0,21.700000000000003,24.370697,-2.670697021484372
2023-10-06 02:00:00,21.700000000000003,29.400000000000002,60.6,2.9000000000000004,5.0,27.1,22.080294,5.019706344604494
2023-10-06 03:00:00,27.1,33.300000000000004,55.5,2.6,6.0,27.200000000000003,27.900322,-0.7003219604492159
2023-10-06 04:00:00,27.200000000000003,33.0,46.5,2.4000000000000004,8.0,27.200000000000003,27.073616,0.1263839721679716
2023-10-06 05:00:00,27.200000000000003,37.9,42.400000000000006,2.5,11.0,30.3,28.681286,1.6187141418457038
2023-10-06 06:00:00,30.3,39.300000000000004,38.2,2.6,11.0,33.0,30.937449,2.062551498413086
2023-10-06 07:00:00,33.0,40.900000000000006,35.1,2.9000000000000004,9.0,34.4,34.111916,0.28808441162109233
2023-10-06 08:00:00,34.4,42.400000000000006,39.0,2.8000000000000003,8.0,35.5,34.64288,0.8571205139160156
2023-10-06 09:00:00,35.5,46.2,42.400000000000006,2.7,11.0,35.800000000000004,35.83068,-0.030680847167964487
2023-10-06 10:00:00,35.800000000000004,45.5,40.1,2.4000000000000004,16.0,34.800000000000004,34.326923,0.47307662963867614
2023-10-06 11:00:00,34.800000000000004,45.5,33.7,2.2,30.0,32.7,33.052956,-0.3529556274414034
2023-10-06 12:00:00,32.7,43.7,28.3,2.2,38.0,30.0,31.428617,-1.4286174774169922
2023-10-06 13:00:00,30.0,40.2,23.200000000000003,2.5,53.0,28.6,27.442997,1.1570030212402358
2023-10-06 14:00:00,28.6,39.5,20.3,3.0,64.0,27.700000000000003,26.770407,0.9295932769775419
2023-10-06 15:00:00,27.700000000000003,39.2,19.6,3.1,78.0,26.400000000000002,27.551424,-1.1514240264892557
2023-10-06 16:00:00,26.400000000000002,39.5,17.6,3.1,90.0,25.6,27.57636,-1.976360702514647
2023-10-06 17:00:00,25.6,37.6,18.5,2.9000000000000004,94.0,26.900000000000002,26.965284,-0.06528434753417756
2023-10-06 18:00:00,26.900000000000002,38.0,21.8,2.9000000000000004,92.0,25.8,29.410402,-3.610402297973632
2023-10-06 19:00:00,25.8,38.400000000000006,33.7,2.9000000000000004,69.0,31.0,29.13097,1.8690299987792969
2023-10-06 20:00:00,31.0,40.400000000000006,47.300000000000004,3.4000000000000004,55.0,32.800000000000004,33.712975,-0.9129745483398395
2023-10-06 21:00:00,32.800000000000004,42.6,58.5,3.5,38.0,33.5,35.423836,-1.9238357543945312
2023-10-06 22:00:00,33.5,44.400000000000006,64.0,3.4000000000000004,21.0,33.4,35.412685,-2.012685394287111
2023-10-06 23:00:00,33.4,46.2,63.900000000000006,3.0,11.0,34.1,34.823532,-0.7235321044921861
2023-10-07 00:00:00,34.1,41.1,64.2,2.6,9.0,30.5,36.43163,-5.931629180908203
2023-10-07 01:00:00,30.5,41.0,55.7,2.3000000000000003,6.0,31.700000000000003,31.207338,0.49266166687012003
2023-10-07 02:00:00,31.700000000000003,43.0,53.400000000000006,2.3000000000000003,5.0,31.700000000000003,31.00217,0.6978294372558622
2023-10-07 03:00:00,31.700000000000003,40.400000000000006,48.7,2.5,7.0,32.5,30.083788,2.4162120819091797
2023-10-07 04:00:00,32.5,40.400000000000006,40.0,2.0,6.0,30.8,30.700169,0.09983139038086009
2023-10-07 05:00:00,30.8,38.7,32.6,2.1,8.0,29.6,30.588654,-0.9886535644531236
2023-10-07 06:00:00,29.6,37.0,35.300000000000004,2.4000000000000004,3.0,30.1,31.117111,-1.017111206054686
2023-10-07 07:00:00,30.1,38.5,32.0,2.7,3.0,33.4,31.709755,1.6902450561523423
2023-10-07 08:00:00,33.4,39.1,39.900000000000006,3.2,1.0,32.6,33.547993,-0.9479927062988267
2023-10-07 09:00:00,32.6,39.0,41.6,3.3000000000000003,6.0,30.900000000000002,31.723297,-0.8232971191406229
2023-10-07 10:00:00,30.900000000000002,43.400000000000006,33.4,3.4000000000000004,14.0,29.0,29.21449,-0.2144908905029297
2023-10-07 11:00:00,29.0,38.900000000000006,32.6,4.0,23.0,27.6,27.02534,0.5746608734130874
2023-10-07 12:00:00,27.6,37.9,28.900000000000002,3.8000000000000003,35.0,24.8,25.417877,-0.6178771972656243
2023-10-07 13:00:00,24.8,33.6,23.700000000000003,3.3000000000000003,54.0,23.900000000000002,24.197058,-0.2970577239990213
2023-10-07 14:00:00,23.900000000000002,31.700000000000003,18.8,3.6,72.0,22.5,23.586733,-1.0867328643798828
2023-10-07 15:00:00,22.5,30.900000000000002,14.0,3.8000000000000003,85.0,21.6,21.898205,-0.29820480346679545
2023-10-07 16:00:00,21.6,30.200000000000003,12.700000000000001,4.0,97.0,20.900000000000002,21.11061,-0.21060905456542756
2023-10-07 17:00:00,20.900000000000002,29.5,11.4,4.0,103.0,22.400000000000002,21.295898,1.1041015625000021
2023-10-07 18:00:00,22.400000000000002,32.2,15.0,4.4,101.0,24.5,24.237862,0.26213836669921875
2023-10-07 19:00:00,24.5,33.2,22.5,4.3,86.0,24.700000000000003,27.571976,-2.8719757080078097
2023-10-07 20:00:00,24.700000000000003,35.5,27.3,4.4,80.0,28.400000000000002,27.906479,0.49352111816406463
2023-10-07 21:00:00,28.400000000000002,37.0,36.2,4.4,57.0,29.3,29.853209,-0.5532085418701165
2023-10-07 22:00:00,29.3,41.900000000000006,41.900000000000006,3.7,37.0,32.1,30.752213,1.347787475585939
2023-10-07 23:00:00,32.1,42.300000000000004,44.900000000000006,3.2,21.0,31.0,32.857304,-1.8573036193847656
2023-10-08 00:00:00,31.0,42.7,45.5,3.2,9.0,31.200000000000003,30.429947,0.7700531005859403
2023-10-08 01:00:00,31.200000000000003,44.0,40.800000000000004,2.9000000000000004,7.0,31.1,30.258896,0.8411041259765639
2023-10-08 02:00:00,31.1,43.400000000000006,40.900000000000006,2.6,10.0,29.700000000000003,29.663305,0.036694717407229405
2023-10-08 03:00:00,29.700000000000003,42.5,40.5,2.9000000000000004,11.0,25.700000000000003,28.908468,-3.208468246459958
2023-10-08 04:00:00,25.700000000000003,36.9,36.4,2.8000000000000003,14.0,29.400000000000002,24.870632,4.529367828369143
2023-10-08 05:00:00,29.400000000000002,40.7,31.200000000000003,3.0,16.0,28.3,29.880653,-1.5806533813476555
2023-10-08 06:00:00,28.3,43.0,30.1,3.5,14.0,27.1,29.849808,-2.749807739257811
2023-10-08 07:00:00,27.1,39.5,33.4,3.4000000000000004,10.0,26.200000000000003,28.26938,-2.069380569458005
2023-10-08 08:00:00,26.200000000000003,35.1,28.3,2.9000000000000004,6.0,23.900000000000002,26.93199,-3.0319896697998026
2023-10-08 09:00:00,23.900000000000002,36.800000000000004,25.0,3.3000000000000003,10.0,25.3,23.63177,1.6682308197021491
2023-10-08 10:00:00,25.3,35.1,20.8,3.3000000000000003,15.0,21.8,23.736038,-1.9360382080078118
2023-10-08 11:00:00,21.8,36.5,18.7,3.5,22.0,19.200000000000003,20.059198,-0.8591983795165987
2023-10-08 12:00:00,19.200000000000003,29.700000000000003,17.5,3.5,33.0,17.8,18.347513,-0.5475131988525384
2023-10-08 13:00:00,17.8,26.5,16.3,4.4,47.0,16.400000000000002,16.773237,-0.37323722839355256
2023-10-08 14:00:00,16.400000000000002,26.3,12.3,3.8000000000000003,58.0,14.200000000000001,16.380457,-2.1804569244384755
2023-10-08 15:00:00,14.200000000000001,26.900000000000002,11.200000000000001,3.8000000000000003,66.0,14.9,14.637003,0.2629970550537113
2023-10-08 16:00:00,14.9,27.900000000000002,10.9,3.6,70.0,15.100000000000001,15.124094,-0.02409400939941264
2023-10-08 17:00:00,15.100000000000001,28.0,14.100000000000001,3.8000000000000003,74.0,17.900000000000002,16.719118,1.1808818817138693
2023-10-08 18:00:00,17.900000000000002,27.1,20.1,4.2,72.0,16.400000000000002,21.151436,-4.751435852050779
2023-10-08 19:00:00,16.400000000000002,26.400000000000002,33.1,4.6000000000000005,60.0,18.0,20.961649,-2.961648941040039
2023-10-08 20:00:00,18.0,28.6,32.300000000000004,4.2,51.0,19.5,21.204887,-1.7048873901367188
2023-10-08 21:00:00,19.5,34.7,38.400000000000006,3.4000000000000004,39.0,20.8,22.663063,-1.8630630493164055
2023-10-08 22:00:00,20.8,36.4,44.1,2.7,24.0,22.0,22.20621,-0.2062091827392578
2023-10-08 23:00:00,22.0,36.800000000000004,39.7,2.6,13.0,22.700000000000003,22.899084,-0.1990840911865206
2023-10-09 00:00:00,22.700000000000003,35.9,44.300000000000004,2.7,7.0,20.0,23.622398,-3.6223983764648438
2023-10-09 01:00:00,20.0,34.300000000000004,40.5,2.6,7.0,18.3,20.836617,-2.5366165161132805
2023-10-09 02:00:00,18.3,36.7,43.6,2.9000000000000004,9.0,19.200000000000003,19.953842,-0.7538421630859347
2023-10-09 03:00:00,19.200000000000003,37.5,36.9,2.5,10.0,18.400000000000002,21.211,-2.8110004425048807
2023-10-09 04:00:00,18.400000000000002,35.0,24.700000000000003,2.3000000000000003,6.0,17.900000000000002,18.941969,-1.0419689178466776
2023-10-09 05:00:00,17.900000000000002,33.0,22.900000000000002,2.6,6.0,17.0,19.496185,-2.496185302734375
2023-10-09 06:00:00,17.0,32.2,22.400000000000002,2.8000000000000003,4.0,16.5,19.03782,-2.537820816040039
2023-10-09 07:00:00,16.5,31.700000000000003,26.400000000000002,3.0,4.0,17.6,19.413977,-1.813976669311522
2023-10-09 08:00:00,17.6,33.5,28.5,3.5,1.0,19.700000000000003,19.1528,0.5472003936767607
2023-10-09 09:00:00,19.700000000000003,39.0,31.8,3.9000000000000004,3.0,17.6,20.889944,-3.2899440765380845
2023-10-09 10:00:00,17.6,35.5,30.3,4.9,7.0,18.400000000000002,16.81374,1.586260223388674
2023-10-09 11:00:00,18.400000000000002,40.800000000000004,28.900000000000002,4.6000000000000005,13.0,18.6,18.295118,0.30488166809082173
2023-10-09 12:00:00,18.6,39.1,27.5,4.4,21.0,17.1,18.067854,-0.9678539276123033
2023-10-09 13:00:00,17.1,38.0,26.700000000000003,4.1000000000000005,30.0,16.7,16.971756,-0.2717559814453132
2023-10-09 14:00:00,16.7,36.800000000000004,27.6,4.4,41.0,16.3,16.728884,-0.4288837432861321
2023-10-09 15:00:00,16.3,36.4,22.0,3.7,50.0,16.5,17.457205,-0.9572048187255859
2023-10-09 16:00:00,16.5,39.0,18.2,3.1,64.0,16.6,18.597052,-1.997051620483397
2023-10-09 17:00:00,16.6,41.6,19.6,3.5,71.0,17.3,19.732937,-2.4329368591308587
2023-10-09 18:00:00,17.3,42.0,24.700000000000003,4.2,65.0,17.900000000000002,21.28595,-3.385949707031248
2023-10-09 19:00:00,17.900000000000002,41.2,29.400000000000002,4.4,65.0,18.8,22.905735,-4.10573501586914
2023-10-09 20:00:00,18.8,40.400000000000006,32.1,4.4,59.0,17.0,23.299067,-6.299066543579102
2023-10-09 21:00:00,17.0,40.0,36.5,4.1000000000000005,43.0,16.5,21.633615,-5.133615493774414
2023-10-09 22:00:00,16.5,38.0,35.1,3.7,39.0,15.700000000000001,18.872196,-3.1721961975097646
2023-10-09 23:00:00,15.700000000000001,32.1,26.700000000000003,4.0,45.0,15.0,16.583694,-1.5836944580078125
2023-10-10 00:00:00,15.0,31.8,19.400000000000002,3.4000000000000004,50.0,14.3,15.889065,-1.5890647888183587
2023-10-10 01:00:00,14.3,29.400000000000002,15.700000000000001,3.4000000000000004,52.0,14.5,14.206064,0.29393577575683594
2023-10-10 02:00:00,14.5,28.900000000000002,13.600000000000001,3.1,53.0,14.9,14.412113,0.48788681030273473
2023-10-10 03:00:00,14.9,30.3,12.9,2.6,55.0,16.2,14.806064,1.393936347961425
2023-10-10 04:00:00,16.2,29.6,12.5,2.8000000000000003,54.0,15.9,16.256014,-0.35601387023925746
2023-10-10 05:00:00,15.9,30.900000000000002,11.5,2.8000000000000003,49.0,16.7,16.860703,-0.1607025146484382
2023-10-10 06:00:00,16.7,31.5,13.9,3.0,43.0,18.400000000000002,17.400272,0.9997276306152365
2023-10-10 07:00:00,18.400000000000002,32.0,21.1,3.4000000000000004,30.0,22.200000000000003,19.248669,2.951331329345706
2023-10-10 08:00:00,22.200000000000003,35.9,30.0,3.6,13.0,22.8,22.933023,-0.13302345275878835
2023-10-10 09:00:00,22.8,36.300000000000004,32.5,3.9000000000000004,5.0,24.700000000000003,22.80675,1.8932506561279325
2023-10-10 10:00:00,24.700000000000003,42.2,32.800000000000004,3.8000000000000003,7.0,24.3,24.773405,-0.4734050750732415
2023-10-10 11:00:00,24.3,48.2,31.6,4.1000000000000005,19.0,23.900000000000002,25.073933,-1.173932647705076
2023-10-10 12:00:00,23.900000000000002,47.7,37.2,5.2,30.0,21.0,24.422207,-3.4222068786621094
2023-10-10 13:00:00,21.0,45.0,34.5,5.5,47.0,19.3,21.032927,-1.7329265594482415
2023-10-10 14:00:00,19.3,43.0,29.400000000000002,4.7,64.0,17.2,19.822554,-2.6225536346435554
2023-10-10 15:00:00,17.2,42.7,25.400000000000002,4.2,74.0,17.6,18.921057,-1.321056747436522
2023-10-10 16:00:00,17.6,41.7,22.6,3.6,83.0,17.8,19.511332,-1.7113315582275384
2023-10-10 17:00:00,17.8,41.300000000000004,24.6,3.4000000000000004,81.0,19.900000000000002,21.25715,-1.357150650024412
2023-10-10 18:00:00,19.900000000000002,44.900000000000006,33.4,3.9000000000000004,66.0,23.1,23.705685,-0.605684661865233
2023-10-10 19:00:00,23.1,45.900000000000006,48.0,4.4,57.0,23.6,27.753532,-4.153532409667967
2023-10-10 20:00:00,23.6,53.6,63.0,4.6000000000000005,45.0,25.8,29.927202,-4.127202224731445
2023-10-10 21:00:00,25.8,58.300000000000004,66.7,4.5,27.0,31.8,34.212776,-2.4127761840820305
2023-10-10 22:00:00,31.8,59.400000000000006,76.4,4.1000000000000005,15.0,27.1,37.556816,-10.456816101074217
2023-10-10 23:00:00,27.1,48.1,57.2,3.9000000000000004,16.0,23.700000000000003,30.341429,-6.641428756713864
2023-10-11 00:00:00,23.700000000000003,41.300000000000004,42.5,3.4000000000000004,19.0,19.0,24.705393,-5.705392837524414
2023-10-11 01:00:00,19.0,35.300000000000004,29.6,3.0,30.0,21.400000000000002,19.823431,1.5765689849853537
2023-10-11 02:00:00,21.400000000000002,40.0,31.5,3.2,35.0,23.400000000000002,22.271378,1.1286224365234396
2023-10-11 03:00:00,23.400000000000002,41.900000000000006,33.5,3.5,27.0,26.3,24.814562,1.4854381561279304
2023-10-11 04:00:00,26.3,49.900000000000006,34.4,3.2,16.0,27.1,27.70462,-0.6046203613281236
2023-10-11 05:00:00,27.1,43.300000000000004,31.8,3.0,13.0,26.900000000000002,28.261059,-1.3610588073730447
2023-10-11 06:00:00,26.900000000000002,43.900000000000006,30.0,2.6,9.0,27.5,29.283394,-1.7833938598632812
2023-10-11 07:00:00,27.5,44.2,33.7,2.8000000000000003,7.0,29.8,30.887035,-1.0870353698730462
2023-10-11 08:00:00,29.8,46.6,38.900000000000006,3.2,2.0,31.5,32.379482,-0.8794822692871094
2023-10-11 09:00:00,31.5,49.0,46.5,3.8000000000000003,4.0,34.0,31.542933,2.4570674896240234
2023-10-11 10:00:00,34.0,64.10000000000001,42.400000000000006,3.9000000000000004,8.0,35.2,33.094437,2.1055633544921903
2023-10-11 11:00:00,35.2,66.10000000000001,41.300000000000004,4.0,22.0,33.800000000000004,34.36081,-0.5608093261718707
2023-10-11 12:00:00,33.800000000000004,59.400000000000006,34.1,4.7,39.0,30.900000000000002,31.226118,-0.32611808776855256
2023-10-11 13:00:00,30.900000000000002,60.900000000000006,32.800000000000004,4.5,61.0,31.3,31.446964,-0.14696426391601491
2023-10-11 14:00:00,31.3,57.800000000000004,31.3,3.6,76.0,32.5,32.168785,0.33121490478515625
2023-10-11 15:00:00,32.5,55.900000000000006,24.400000000000002,2.9000000000000004,95.0,32.800000000000004,32.6809,0.11909942626953551
2023-10-11 16:00:00,32.800000000000004,56.2,20.6,2.7,107.0,30.700000000000003,31.782635,-1.082634735107419
2023-10-11 17:00:00,30.700000000000003,55.5,18.6,2.6,116.0,29.3,30.577147,-1.2771465301513665
2023-10-11 18:00:00,29.3,56.7,25.6,2.9000000000000004,109.0,33.6,30.360533,3.2394672393798842
2023-10-11 19:00:00,33.6,60.1,35.7,3.2,92.0,32.800000000000004,38.49468,-5.694678497314449
2023-10-11 20:00:00,32.800000000000004,59.7,46.1,3.6,94.0,33.4,37.89361,-4.49360809326172
2023-10-11 21:00:00,33.4,61.5,51.1,3.0,68.0,30.8,36.91051,-6.110511016845702
2023-10-11 22:00:00,30.8,61.900000000000006,56.400000000000006,3.6,42.0,32.6,35.96797,-3.367971801757811
2023-10-11 23:00:00,32.6,64.7,62.900000000000006,3.5,16.0,33.9,36.557102,-2.657102203369142
2023-10-12 00:00:00,33.9,67.10000000000001,59.900000000000006,3.2,10.0,31.0,37.333218,-6.333217620849609
2023-10-12 01:00:00,31.0,60.1,51.0,3.2,12.0,33.4,32.181904,1.2180961608886705
2023-10-12 02:00:00,33.4,63.1,41.2,3.2,14.0,30.8,35.395283,-4.595282745361327
2023-10-12 03:00:00,30.8,52.800000000000004,36.300000000000004,2.8000000000000003,23.0,31.3,31.575743,-0.2757427215576165
2023-10-12 04:00:00,31.3,53.400000000000006,29.0,2.9000000000000004,30.0,29.400000000000002,31.735416,-2.3354164123535135
2023-10-12 05:00:00,29.400000000000002,48.1,19.5,3.0,31.0,26.700000000000003,30.779673,-4.079672622680661
2023-10-12 06:00:00,26.700000000000003,45.0,21.6,3.3000000000000003,32.0,27.3,28.951572,-1.65157241821289
2023-10-12 07:00:00,27.3,44.7,24.700000000000003,3.4000000000000004,17.0,25.3,29.781004,-4.4810039520263665
2023-10-12 08:00:00,25.3,44.6,34.9,3.4000000000000004,19.0,25.700000000000003,26.698483,-0.9984825134277315
2023-10-12 09:00:00,25.700000000000003,45.300000000000004,39.0,3.4000000000000004,17.0,31.3,26.093403,5.206597137451173
2023-10-12 10:00:00,31.3,47.5,33.1,3.8000000000000003,20.0,25.6,29.545874,-3.945873641967772
2023-10-12 11:00:00,25.6,46.7,29.400000000000002,3.8000000000000003,28.0,23.1,25.491446,-2.3914455413818345
2023-10-12 12:00:00,23.1,41.6,24.8,3.7,41.0,22.6,22.532549,0.06745109558105611
2023-10-12 13:00:00,22.6,39.400000000000006,21.200000000000003,3.0,50.0,20.6,21.688519,-1.0885185241699205
2023-10-12 14:00:00,20.6,36.4,19.8,2.7,63.0,20.3,19.921413,0.37858657836914134
2023-10-12 15:00:00,20.3,35.6,17.1,2.2,74.0,20.1,19.487856,0.6121440887451186
2023-10-12 16:00:00,20.1,33.1,16.2,2.2,83.0,20.1,21.00148,-0.9014801025390611
2023-10-12 17:00:00,20.1,33.0,14.200000000000001,2.2,91.0,19.700000000000003,21.893208,-2.1932075500488253
2023-10-12 18:00:00,19.700000000000003,37.0,18.0,2.7,80.0,21.700000000000003,21.962355,-0.26235466003417685
2023-10-12 19:00:00,21.700000000000003,37.300000000000004,36.300000000000004,3.6,71.0,24.8,24.723318,0.07668190002441477
2023-10-12 20:00:00,24.8,41.2,49.800000000000004,4.0,56.0,29.0,28.11839,0.8816108703613281
2023-10-12 21:00:00,29.0,44.5,44.900000000000006,4.1000000000000005,42.0,30.400000000000002,31.179699,-0.7796989440917947
2023-10-12 22:00:00,30.400000000000002,44.7,49.800000000000004,3.9000000000000004,28.0,26.200000000000003,32.116035,-5.916035461425778
2023-10-12 23:00:00,26.200000000000003,39.1,30.400000000000002,3.5,38.0,18.900000000000002,26.534945,-7.634944534301756
2023-10-13 00:00:00,18.900000000000002,32.5,23.200000000000003,3.3000000000000003,39.0,17.0,19.12876,-2.1287593841552734
2023-10-13 01:00:00,17.0,29.6,20.0,3.3000000000000003,42.0,17.8,17.145306,0.6546943664550788
2023-10-13 02:00:00,17.8,30.3,18.7,3.4000000000000004,43.0,16.7,17.749577,-1.0495765686035163
2023-10-13 03:00:00,16.7,26.3,19.400000000000002,3.5,40.0,16.6,17.28393,-0.6839298248291001
2023-10-13 04:00:00,16.6,24.5,20.0,3.7,34.0,14.600000000000001,17.079987,-2.4799865722656236
2023-10-13 05:00:00,14.600000000000001,25.200000000000003,20.200000000000003,3.8000000000000003,28.0,14.3,15.405655,-1.1056549072265618
2023-10-13 06:00:00,14.3,23.400000000000002,20.700000000000003,3.9000000000000004,23.0,15.700000000000001,16.43104,-0.731039810180663
2023-10-13 07:00:00,15.700000000000001,24.900000000000002,29.400000000000002,3.7,18.0,16.0,17.883926,-1.8839263916015625
2023-10-13 08:00:00,16.0,24.400000000000002,31.5,3.8000000000000003,17.0,17.400000000000002,16.358833,1.0411666870117209
2023-10-13 09:00:00,17.400000000000002,26.700000000000003,39.6,4.1000000000000005,15.0,17.7,16.42075,1.2792503356933587
2023-10-13 10:00:00,17.7,29.6,27.6,2.8000000000000003,20.0,15.100000000000001,17.088247,-1.9882472991943345
2023-10-13 11:00:00,15.100000000000001,29.8,26.6,2.3000000000000003,29.0,15.4,14.691838,0.7081617355346683
2023-10-13 12:00:00,15.4,28.6,20.0,2.1,37.0,16.2,14.672853,1.5271465301513665
2023-10-13 13:00:00,16.2,27.900000000000002,18.5,2.2,51.0,15.3,15.994579,-0.6945793151855462
2023-10-13 14:00:00,15.3,24.700000000000003,17.400000000000002,2.0,62.0,15.4,14.832134,0.5678657531738285
2023-10-13 15:00:00,15.4,24.1,16.1,2.1,71.0,14.5,15.390788,-0.8907880783081055
2023-10-13 16:00:00,14.5,23.8,11.600000000000001,2.0,76.0,16.400000000000002,14.710487,1.6895126342773459
2023-10-13 17:00:00,16.400000000000002,25.1,12.700000000000001,2.2,84.0,17.1,17.372602,-0.27260246276855327
2023-10-13 18:00:00,17.1,27.1,16.2,2.3000000000000003,77.0,19.3,19.187181,0.1128185272216804
2023-10-13 19:00:00,19.3,28.6,32.2,2.8000000000000003,56.0,18.400000000000002,22.57274,-4.172740554809568
2023-10-13 20:00:00,18.400000000000002,29.3,39.6,3.4000000000000004,42.0,17.5,21.28435,-3.7843494415283203
2023-10-13 21:00:00,17.5,30.5,32.5,2.7,49.0,16.2,19.478382,-3.278382110595704
2023-10-13 22:00:00,16.2,28.1,29.6,3.2,48.0,15.600000000000001,18.15258,-2.5525802612304673
2023-10-13 23:00:00,15.600000000000001,25.5,25.5,3.2,48.0,15.0,16.611135,-1.611135482788086
2023-10-14 00:00:00,15.0,24.900000000000002,17.1,3.3000000000000003,47.0,14.700000000000001,14.926237,-0.22623710632324112
2023-10-14 01:00:00,14.700000000000001,23.8,16.6,2.9000000000000004,45.0,14.4,15.010724,-0.6107240676879879
2023-10-14 02:00:00,14.4,23.900000000000002,16.400000000000002,2.3000000000000003,40.0,14.3,14.666689,-0.3666889190673821
2023-10-14 03:00:00,14.3,24.400000000000002,16.6,2.2,39.0,13.4,14.453417,-1.05341682434082
2023-10-14 04:00:00,13.4,21.6,17.6,3.0,33.0,14.4,14.094116,0.30588378906250036
2023-10-14 05:00:00,14.4,22.700000000000003,19.200000000000003,3.3000000000000003,29.0,15.600000000000001,15.627435,-0.027434730529783735
2023-10-14 06:00:00,15.600000000000001,24.200000000000003,23.0,3.5,30.0,16.900000000000002,16.998974,-0.09897384643554474
2023-10-14 07:00:00,16.900000000000002,26.900000000000002,25.8,3.4000000000000004,22.0,17.7,18.56124,-0.8612392425537116
2023-10-14 08:00:00,17.7,24.400000000000002,29.900000000000002,3.2,14.0,17.1,18.12916,-1.0291599273681626
2023-10-14 09:00:00,17.1,23.6,33.9,3.2,16.0,14.700000000000001,16.470078,-1.7700775146484364
2023-10-14 10:00:00,14.700000000000001,25.8,31.6,2.4000000000000004,20.0,14.4,14.261864,0.1381362915039066
2023-10-14 11:00:00,14.4,25.3,19.5,2.1,33.0,14.5,14.078415,0.4215850830078125
2023-10-14 12:00:00,14.5,24.900000000000002,15.8,2.2,46.0,13.8,14.029041,-0.22904129028320241
2023-10-14 13:00:00,13.8,24.200000000000003,14.600000000000001,2.3000000000000003,58.0,14.200000000000001,14.017891,0.18210906982421982
2023-10-14 14:00:00,14.200000000000001,23.1,11.0,2.4000000000000004,71.0,14.3,14.272681,0.027318763732910867
2023-10-14 15:00:00,14.3,22.700000000000003,9.3,2.5,78.0,13.3,14.456459,-1.1564590454101555
2023-10-14 16:00:00,13.3,23.1,8.6,2.5,83.0,13.5,13.602717,-0.10271739959716797
2023-10-14 17:00:00,13.5,23.6,9.5,2.5,84.0,13.600000000000001,14.695933,-1.095933341979979
2023-10-14 18:00:00,13.600000000000001,24.200000000000003,14.9,2.8000000000000003,77.0,15.0,15.648724,-0.6487236022949219
2023-10-14 19:00:00,15.0,24.8,19.5,3.4000000000000004,66.0,15.8,17.200272,-1.4002716064453118
2023-10-14 20:00:00,15.8,25.0,25.5,3.9000000000000004,57.0,17.2,18.353565,-1.1535652160644538
2023-10-14 21:00:00,17.2,27.8,30.8,3.9000000000000004,36.0,17.6,19.2609,-1.660900497436522
2023-10-14 22:00:00,17.6,29.700000000000003,38.0,3.5,30.0,17.8,19.152626,-1.3526260375976555
2023-10-14 23:00:00,17.8,27.200000000000003,33.2,3.5,32.0,18.2,18.679558,-0.47955780029296946
2023-10-15 00:00:00,18.2,26.900000000000002,22.6,3.3000000000000003,37.0,16.8,18.493141,-1.6931411743164055
2023-10-15 01:00:00,16.8,25.900000000000002,19.5,3.7,32.0,17.3,16.770763,0.5292366027832038
2023-10-15 02:00:00,17.3,27.3,20.3,3.4000000000000004,32.0,17.7,17.385033,0.31496734619140554
2023-10-15 03:00:00,17.7,23.6,22.5,2.8000000000000003,28.0,14.5,17.921787,-3.4217872619628906
2023-10-15 04:00:00,14.5,19.5,22.200000000000003,2.7,24.0,14.200000000000001,14.3951435,-0.19514350891113175
2023-10-15 05:00:00,14.200000000000001,19.1,22.400000000000002,2.5,20.0,12.700000000000001,14.325968,-1.625967788696288
2023-10-15 06:00:00,12.700000000000001,18.8,22.6,2.6,17.0,10.8,13.767632,-2.967631530761718
2023-10-15 07:00:00,10.8,19.5,26.700000000000003,2.6,12.0,10.200000000000001,12.748057,-2.5480573654174794
2023-10-15 08:00:00,10.200000000000001,18.2,27.700000000000003,2.4000000000000004,7.0,11.200000000000001,11.50868,-0.3086803436279286
2023-10-15 09:00:00,11.200000000000001,16.6,23.200000000000003,2.4000000000000004,10.0,9.1,10.89121,-1.7912096023559574
2023-10-15 10:00:00,9.1,13.0,16.5,2.3000000000000003,13.0,7.0,8.751795,-1.7517948150634766
2023-10-15 11:00:00,7.0,12.100000000000001,13.8,1.6,27.0,7.2,7.138396,0.06160421371459979
2023-10-15 12:00:00,7.2,13.700000000000001,11.700000000000001,1.2000000000000002,35.0,6.6000000000000005,6.756364,-0.15636386871337837
2023-10-15 13:00:00,6.6000000000000005,11.100000000000001,9.9,1.1,45.0,5.800000000000001,6.290878,-0.4908778190612786
2023-10-15 14:00:00,5.800000000000001,11.100000000000001,10.0,1.0,55.0,6.2,5.776325,0.42367477416992205
2023-10-15 15:00:00,6.2,11.600000000000001,8.0,0.9,64.0,6.300000000000001,6.2419715,0.058028507232666726
2023-10-15 16:00:00,6.300000000000001,11.3,7.0,1.1,70.0,6.9,6.615168,0.2848319053649906
2023-10-15 17:00:00,6.9,10.9,7.800000000000001,1.4000000000000001,69.0,7.7,7.0206523,0.6793477058410646
2023-10-15 18:00:00,7.7,12.600000000000001,11.4,2.5,70.0,9.5,8.712926,0.787074089050293
2023-10-15 19:00:00,9.5,12.8,16.1,2.2,68.0,11.700000000000001,10.842452,0.85754795074463
2023-10-15 20:00:00,11.700000000000001,15.3,19.3,3.4000000000000004,62.0,13.100000000000001,13.331498,-0.23149814605712749
2023-10-15 21:00:00,13.100000000000001,15.700000000000001,19.200000000000003,3.0,63.0,13.700000000000001,14.048089,-0.3480890274047841
2023-10-15 22:00:00,13.700000000000001,16.0,18.7,3.2,63.0,12.3,13.97544,-1.6754400253295891
2023-10-15 23:00:00,12.3,14.600000000000001,18.900000000000002,2.9000000000000004,50.0,11.8,12.156638,-0.35663814544677663
2023-10-16 00:00:00,11.8,15.8,11.8,2.6,41.0,12.200000000000001,11.527747,0.6722528457641612
2023-10-16 01:00:00,12.200000000000001,16.5,10.200000000000001,2.0,40.0,10.600000000000001,11.370687,-0.7706865310668931
2023-10-16 02:00:00,10.600000000000001,16.7,8.4,2.0,44.0,8.8,10.246122,-1.4461223602294915
2023-10-16 03:00:00,8.8,16.2,7.300000000000001,2.0,44.0,6.9,9.022782,-2.1227823257446286
2023-10-16 04:00:00,6.9,13.8,7.9,2.2,43.0,7.300000000000001,7.548605,-0.24860496520996023
2023-10-16 05:00:00,7.300000000000001,11.8,9.200000000000001,2.0,41.0,7.1000000000000005,7.6893578,-0.5893577575683588
2023-10-16 06:00:00,7.1000000000000005,12.3,10.600000000000001,2.0,40.0,7.2,8.136763,-0.9367626190185545
2023-10-16 07:00:00,7.2,13.600000000000001,14.700000000000001,2.0,39.0,8.0,8.670412,-0.6704120635986328
2023-10-16 08:00:00,8.0,13.9,18.400000000000002,2.2,34.0,7.9,8.21821,-0.3182102203369137
2023-10-16 09:00:00,7.9,13.700000000000001,21.8,2.2,34.0,7.1000000000000005,7.698008,-0.5980080604553217
2023-10-16 10:00:00,7.1000000000000005,13.9,19.5,2.0,37.0,7.4,7.04404,0.35595979690551793
2023-10-16 11:00:00,7.4,14.3,18.0,2.1,39.0,7.2,7.2839537,-0.08395366668701154
2023-10-16 12:00:00,7.2,14.700000000000001,14.0,2.0,45.0,7.4,7.095718,0.30428209304809606
2023-10-16 13:00:00,7.4,15.5,11.3,1.7000000000000002,53.0,7.4,7.512727,-0.11272678375244105
2023-10-16 14:00:00,7.4,15.3,10.4,1.9000000000000001,57.0,7.2,7.6752877,-0.4752877235412596
2023-10-16 15:00:00,7.2,14.100000000000001,10.600000000000001,1.9000000000000001,62.0,7.0,7.451322,-0.451322078704834
2023-10-16 16:00:00,7.0,14.100000000000001,11.600000000000001,1.9000000000000001,64.0,7.1000000000000005,7.5156107,-0.4156106948852534
2023-10-16 17:00:00,7.1000000000000005,15.3,12.600000000000001,1.8,64.0,8.0,8.010103,-0.010103225708007812
2023-10-16 18:00:00,8.0,16.7,21.5,2.2,56.0,7.9,9.67708,-1.777080154418945
2023-10-16 19:00:00,7.9,17.1,32.2,2.7,41.0,9.3,10.082696,-0.7826959609985344
2023-10-16 20:00:00,9.3,17.6,40.900000000000006,3.0,34.0,10.9,11.944762,-1.0447622299194332
2023-10-16 21:00:00,10.9,19.400000000000002,44.5,2.9000000000000004,22.0,11.5,13.024449,-1.524449348449707
2023-10-16 22:00:00,11.5,19.5,44.6,2.9000000000000004,13.0,11.5,13.088554,-1.5885543823242188
2023-10-16 23:00:00,11.5,21.5,45.5,2.6,15.0,12.600000000000001,13.374093,-0.7740930557250962
2023-10-17 00:00:00,12.600000000000001,21.900000000000002,42.800000000000004,2.6,14.0,10.8,12.944587,-2.144586753845214
2023-10-17 01:00:00,10.8,22.200000000000003,36.9,2.5,15.0,15.0,11.300265,3.699734687805176
2023-10-17 02:00:00,15.0,23.900000000000002,37.800000000000004,2.5,11.0,14.9,15.664876,-0.7648759841918942
2023-10-17 03:00:00,14.9,26.5,38.7,2.3000000000000003,7.0,16.1,15.522755,0.5772453308105483
2023-10-17 04:00:00,16.1,26.700000000000003,38.0,2.4000000000000004,6.0,14.200000000000001,16.693438,-2.4934375762939442
2023-10-17 05:00:00,14.200000000000001,25.8,36.9,2.6,11.0,12.100000000000001,16.018665,-3.9186653137207017
2023-10-17 06:00:00,12.100000000000001,25.6,36.5,2.7,9.0,12.4,15.22746,-2.827459907531738
2023-10-17 07:00:00,12.4,24.8,40.400000000000006,2.8000000000000003,5.0,14.200000000000001,15.443612,-1.2436120986938466
2023-10-17 08:00:00,14.200000000000001,24.1,45.5,3.4000000000000004,3.0,13.0,16.470894,-3.4708938598632812
2023-10-17 09:00:00,13.0,28.1,46.800000000000004,3.9000000000000004,2.0,12.600000000000001,15.118031,-2.5180305480957017
2023-10-17 10:00:00,12.600000000000001,27.700000000000003,40.2,3.3000000000000003,8.0,12.0,12.979598,-0.9795980453491211
2023-10-17 11:00:00,12.0,28.900000000000002,36.0,4.3,16.0,12.600000000000001,12.337655,0.26234493255615376
2023-10-17 12:00:00,12.600000000000001,27.5,28.400000000000002,4.1000000000000005,33.0,12.200000000000001,12.711256,-0.5112560272216786
2023-10-17 13:00:00,12.200000000000001,26.200000000000003,26.5,3.6,43.0,10.200000000000001,12.698482,-2.498481559753417
2023-10-17 14:00:00,10.200000000000001,23.900000000000002,22.3,3.1,58.0,10.200000000000001,11.891384,-1.6913841247558583
2023-10-17 15:00:00,10.200000000000001,22.900000000000002,19.3,2.9000000000000004,63.0,9.600000000000001,11.5522175,-1.9522174835205064
2023-10-17 16:00:00,9.600000000000001,23.5,19.900000000000002,2.9000000000000004,68.0,10.0,11.614991,-1.6149911880493164
2023-10-17 17:00:00,10.0,23.6,22.3,2.9000000000000004,66.0,11.100000000000001,13.124149,-2.024149322509764
2023-10-17 18:00:00,11.100000000000001,25.900000000000002,29.6,3.3000000000000003,54.0,13.0,14.165208,-1.165207862854004
2023-10-17 19:00:00,13.0,27.1,39.7,3.4000000000000004,34.0,9.9,16.296932,-6.396932220458984
2023-10-17 20:00:00,9.9,29.700000000000003,52.5,4.1000000000000005,28.0,11.4,15.273728,-3.8737283706665036
2023-10-17 21:00:00,11.4,27.5,56.300000000000004,3.8000000000000003,15.0,12.700000000000001,15.768111,-3.06811122894287
2023-10-17 22:00:00,12.700000000000001,26.8,62.5,3.6,6.0,13.700000000000001,14.717381,-1.0173805236816396
2023-10-17 23:00:00,13.700000000000001,28.700000000000003,63.5,3.7,2.0,13.5,16.191671,-2.691671371459961
2023-10-18 00:00:00,13.5,30.1,59.7,3.4000000000000004,1.0,14.0,17.73627,-3.7362709045410156
2023-10-18 01:00:00,14.0,29.400000000000002,55.5,3.1,2.0,15.100000000000001,15.201721,-0.10172119140624858
2023-10-18 02:00:00,15.100000000000001,35.6,51.1,2.7,6.0,19.700000000000003,15.835593,3.8644067764282255
2023-10-18 03:00:00,19.700000000000003,33.300000000000004,44.0,2.7,9.0,22.400000000000002,20.595104,1.8048957824707053
2023-10-18 04:00:00,22.400000000000002,34.6,38.6,2.5,14.0,23.200000000000003,22.916946,0.28305358886719034
2023-10-18 05:00:00,23.200000000000003,34.800000000000004,35.6,2.5,17.0,25.3,24.552515,0.7474849700927741
2023-10-18 06:00:00,25.3,37.0,33.6,2.6,16.0,27.0,26.016102,0.9838981628417969
2023-10-18 07:00:00,27.0,36.300000000000004,34.4,2.8000000000000003,12.0,27.400000000000002,29.219845,-1.8198448181152322
2023-10-18 08:00:00,27.400000000000002,36.6,38.900000000000006,3.1,12.0,27.0,28.80754,-1.8075408935546875
2023-10-18 09:00:00,27.0,36.800000000000004,40.900000000000006,3.4000000000000004,11.0,25.400000000000002,25.550434,-0.150434112548826
2023-10-18 10:00:00,25.400000000000002,37.800000000000004,41.800000000000004,2.9000000000000004,15.0,22.400000000000002,23.838009,-1.4380088806152322
2023-10-18 11:00:00,22.400000000000002,35.9,37.6,2.8000000000000003,17.0,21.8,21.374514,0.4254863739013679
2023-10-18 12:00:00,21.8,36.300000000000004,36.9,2.7,25.0,21.700000000000003,20.690083,1.0099174499511747
2023-10-18 13:00:00,21.700000000000003,34.1,36.0,2.7,28.0,22.6,20.984854,1.6151462554931655
2023-10-18 14:00:00,22.6,32.0,34.300000000000004,2.7,35.0,20.900000000000002,21.18564,-0.2856403350830057
2023-10-18 15:00:00,20.900000000000002,34.800000000000004,32.0,2.6,38.0,21.400000000000002,20.925484,0.4745162963867209
2023-10-18 16:00:00,21.400000000000002,32.300000000000004,30.3,2.6,41.0,21.0,22.917233,-1.9172325134277344
2023-10-18 17:00:00,21.0,31.3,32.7,2.6,43.0,21.900000000000002,23.901049,-2.001048660278318
2023-10-18 18:00:00,21.900000000000002,31.8,36.6,2.5,40.0,23.200000000000003,25.478292,-2.278292465209958
2023-10-18 19:00:00,23.200000000000003,33.2,40.0,2.7,35.0,22.1,25.769165,-3.6691650390624986
2023-10-18 20:00:00,22.1,31.200000000000003,38.900000000000006,2.7,29.0,23.3,24.995296,-1.6952964782714837
2023-10-18 21:00:00,23.3,31.1,32.9,2.7,22.0,22.8,24.01835,-1.2183506011962884
2023-10-18 22:00:00,22.8,29.6,35.4,2.8000000000000003,20.0,23.5,22.781391,0.7186088562011719
2023-10-18 23:00:00,23.5,30.0,32.2,2.7,18.0,22.1,23.16087,-1.0608695983886705
2023-10-19 00:00:00,22.1,30.3,30.200000000000003,2.4000000000000004,18.0,22.0,22.050236,-0.050235748291015625
2023-10-19 01:00:00,22.0,30.400000000000002,28.0,2.4000000000000004,18.0,22.8,21.85694,0.9430606842041023
2023-10-19 02:00:00,22.8,29.700000000000003,28.200000000000003,2.4000000000000004,16.0,22.8,22.14774,0.6522605895996101
2023-10-19 03:00:00,22.8,29.200000000000003,31.900000000000002,2.2,13.0,21.900000000000002,21.998018,-0.09801826477050568
2023-10-19 04:00:00,21.900000000000002,24.900000000000002,25.8,2.3000000000000003,12.0,22.6,21.391754,1.2082458496093764
2023-10-19 05:00:00,22.6,24.900000000000002,23.8,2.5,11.0,22.400000000000002,22.148539,0.25146141052246307
2023-10-19 06:00:00,22.400000000000002,25.0,26.400000000000002,2.4000000000000004,9.0,21.5,23.098074,-1.598073959350586
2023-10-19 07:00:00,21.5,24.0,29.400000000000002,2.4000000000000004,4.0,20.700000000000003,23.100626,-2.400625991821286
2023-10-19 08:00:00,20.700000000000003,25.3,35.0,2.5,0.0,22.700000000000003,21.879217,0.8207828521728544
2023-10-19 09:00:00,22.700000000000003,27.6,38.0,2.4000000000000004,1.0,23.5,22.206606,1.2933940887451172
2023-10-19 10:00:00,23.5,26.3,35.0,2.4000000000000004,1.0,20.700000000000003,22.640167,-1.9401672363281222
2023-10-19 11:00:00,20.700000000000003,24.400000000000002,29.3,2.8000000000000003,2.0,23.0,19.105574,3.8944263458251953
2023-10-19 12:00:00,23.0,22.0,26.900000000000002,2.8000000000000003,5.0,21.8,20.41764,1.3823593139648445
2023-10-19 13:00:00,21.8,23.0,30.0,2.7,7.0,19.200000000000003,19.927832,-0.7278316497802706
2023-10-19 14:00:00,19.200000000000003,21.900000000000002,32.300000000000004,2.5,7.0,16.8,18.308676,-1.5086757659912102
2023-10-19 15:00:00,16.8,17.900000000000002,32.5,2.4000000000000004,7.0,16.400000000000002,16.489828,-0.0898281097412088
2023-10-19 16:00:00,16.400000000000002,15.8,32.6,1.9000000000000001,7.0,14.200000000000001,16.37345,-2.1734493255615224
2023-10-19 17:00:00,14.200000000000001,15.3,34.300000000000004,2.3000000000000003,5.0,15.9,15.301191,0.5988086700439457
2023-10-19 18:00:00,15.9,17.1,37.7,2.2,2.0,17.0,16.739918,0.2600822448730469
2023-10-19 19:00:00,17.0,18.3,38.300000000000004,2.3000000000000003,1.0,17.0,18.119307,-1.1193065643310547
2023-10-19 20:00:00,17.0,18.400000000000002,37.300000000000004,2.4000000000000004,0.0,17.3,18.259699,-0.9596988677978509
2023-10-19 21:00:00,17.3,19.1,33.9,2.3000000000000003,0.0,17.5,17.790403,-0.2904033660888672
2023-10-19 22:00:00,17.5,20.5,33.0,2.3000000000000003,0.0,17.8,17.737253,0.06274681091308665
2023-10-19 23:00:00,17.8,19.700000000000003,29.8,2.2,2.0,19.0,16.220488,2.779512405395508
2023-10-20 00:00:00,19.0,18.5,26.700000000000003,2.0,3.0,18.5,16.907463,1.5925369262695312
2023-10-20 01:00:00,18.5,17.5,25.700000000000003,2.0,4.0,17.2,15.956695,1.2433053970336907
2023-10-20 02:00:00,17.2,17.0,23.8,2.1,6.0,13.8,15.536121,-1.7361213684082024
2023-10-20 03:00:00,13.8,16.400000000000002,22.3,1.8,11.0,11.4,12.8744,-1.4744001388549801
2023-10-20 04:00:00,11.4,13.3,21.0,1.6,11.0,11.3,10.998904,0.3010957717895515
2023-10-20 05:00:00,11.3,13.600000000000001,21.6,1.5,9.0,10.700000000000001,10.995678,-0.2956779479980458
2023-10-20 06:00:00,10.700000000000001,12.5,22.5,1.5,8.0,8.9,11.400816,-2.500815963745117
2023-10-20 07:00:00,8.9,12.200000000000001,23.0,1.3,9.0,10.0,10.02102,-0.021019935607910156
2023-10-20 08:00:00,10.0,13.9,21.900000000000002,1.6,7.0,10.8,9.798655,1.0013454437255866
2023-10-20 09:00:00,10.8,15.100000000000001,23.3,2.0,9.0,11.5,10.546848,0.9531517028808594
2023-10-20 10:00:00,11.5,15.3,20.700000000000003,1.8,13.0,11.3,10.793503,0.5064971923828132
2023-10-20 11:00:00,11.3,14.8,19.900000000000002,1.8,17.0,11.8,10.339302,1.4606979370117195
2023-10-20 12:00:00,11.8,14.100000000000001,18.8,1.2000000000000002,24.0,10.8,10.623187,0.176812934875489
2023-10-20 13:00:00,10.8,16.3,16.8,1.4000000000000001,30.0,11.3,10.1782055,1.121794509887696
2023-10-20 14:00:00,11.3,14.700000000000001,17.6,1.8,33.0,10.8,10.800513,-0.0005132675170891332
2023-10-20 15:00:00,10.8,15.200000000000001,18.7,1.7000000000000002,32.0,9.4,10.874533,-1.4745326995849606
2023-10-20 16:00:00,9.4,15.200000000000001,18.1,1.5,33.0,10.8,9.814009,0.985991287231446
2023-10-20 17:00:00,10.8,15.100000000000001,20.5,1.9000000000000001,36.0,8.5,11.679313,-3.1793127059936523
2023-10-20 18:00:00,8.5,15.3,25.1,2.2,33.0,13.3,9.850926,3.4490736007690437
2023-10-20 19:00:00,13.3,19.400000000000002,33.1,2.6,30.0,12.5,15.100072,-2.600071907043457
2023-10-20 20:00:00,12.5,17.900000000000002,40.300000000000004,2.1,27.0,13.8,14.19078,-0.3907796859741204
2023-10-20 21:00:00,13.8,19.3,43.1,2.5,19.0,13.600000000000001,15.805564,-2.205563926696776
2023-10-20 22:00:00,13.600000000000001,17.2,35.4,2.5,10.0,14.200000000000001,14.139242,0.06075782775879013
2023-10-20 23:00:00,14.200000000000001,19.6,35.0,2.4000000000000004,14.0,11.5,14.93046,-3.430459976196289
2023-10-21 00:00:00,11.5,19.0,31.700000000000003,2.3000000000000003,13.0,12.3,11.629301,0.6706989288330085
2023-10-21 01:00:00,12.3,17.5,28.6,2.5,17.0,10.3,12.000152,-1.7001516342163079
2023-10-21 02:00:00,10.3,16.2,23.3,2.2,21.0,9.3,10.460887,-1.1608869552612298
2023-10-21 03:00:00,9.3,15.700000000000001,23.6,1.7000000000000002,21.0,8.6,9.995113,-1.3951133728027347
2023-10-21 04:00:00,8.6,14.600000000000001,19.400000000000002,2.0,20.0,7.4,8.907189,-1.5071893692016598
2023-10-21 05:00:00,7.4,12.4,18.3,1.8,18.0,7.4,7.87045,-0.4704500198364254
2023-10-21 06:00:00,7.4,11.8,17.5,2.0,23.0,8.5,8.38963,0.11036968231201172
2023-10-21 07:00:00,8.5,13.200000000000001,23.900000000000002,2.2,25.0,9.9,9.964607,-0.0646072387695309
2023-10-21 08:00:00,9.9,15.200000000000001,28.1,2.2,25.0,10.4,10.255851,0.144149208068848
2023-10-21 09:00:00,10.4,16.0,33.0,2.4000000000000004,22.0,10.3,10.436327,-0.1363269805908196
2023-10-21 10:00:00,10.3,16.2,26.5,2.1,19.0,11.100000000000001,10.249242,0.8507581710815444
2023-10-21 11:00:00,11.100000000000001,16.3,25.0,2.0,20.0,11.600000000000001,10.821264,0.778735733032228
2023-10-21 12:00:00,11.600000000000001,15.200000000000001,23.3,1.9000000000000001,27.0,11.0,11.323176,-0.32317638397216797
2023-10-21 13:00:00,11.0,16.900000000000002,22.200000000000003,1.8,29.0,10.5,10.675946,-0.17594623565673828
2023-10-21 14:00:00,10.5,17.0,20.700000000000003,1.9000000000000001,34.0,9.600000000000001,10.748339,-1.148338699340819
2023-10-21 15:00:00,9.600000000000001,12.200000000000001,21.3,1.7000000000000002,40.0,8.1,9.471961,-1.3719610214233402
2023-10-21 16:00:00,8.1,10.3,20.400000000000002,1.7000000000000002,44.0,7.2,8.2113695,-1.0113695144653319
2023-10-21 17:00:00,7.2,8.6,19.6,1.6,44.0,8.4,7.2271957,1.1728042602539066
2023-10-21 18:00:00,8.4,10.200000000000001,21.8,1.4000000000000001,45.0,10.100000000000001,8.857481,1.2425189971923842
2023-10-21 19:00:00,10.100000000000001,11.9,27.3,1.4000000000000001,37.0,10.100000000000001,10.751496,-0.65149631500244
2023-10-21 20:00:00,10.100000000000001,14.200000000000001,35.7,1.7000000000000002,28.0,11.0,11.438112,-0.4381122589111328
2023-10-21 21:00:00,11.0,14.3,39.400000000000006,2.0,20.0,9.5,11.946071,-2.446070671081543
2023-10-21 22:00:00,9.5,12.5,42.300000000000004,1.9000000000000001,10.0,8.5,10.045532,-1.5455322265625
2023-10-21 23:00:00,8.5,13.100000000000001,42.400000000000006,1.6,15.0,7.2,9.2572,-2.057200241088867
2023-10-22 00:00:00,7.2,11.4,39.2,1.4000000000000001,18.0,7.2,7.5443316,-0.34433155059814435
2023-10-22 01:00:00,7.2,9.700000000000001,32.4,1.3,22.0,7.0,6.9184766,0.08152341842651367
2023-10-22 02:00:00,7.0,12.8,25.400000000000002,2.0,21.0,6.7,7.532824,-0.8328240394592283
2023-10-22 03:00:00,6.7,11.4,25.5,1.9000000000000001,31.0,7.4,7.32369,0.07631006240844762
2023-10-22 04:00:00,7.4,14.0,21.3,1.9000000000000001,38.0,7.1000000000000005,8.165485,-1.0654853820800776
2023-10-22 05:00:00,7.1000000000000005,11.3,17.400000000000002,1.8,48.0,6.4,7.8294244,-1.4294243812561032
2023-10-22 06:00:00,6.4,9.600000000000001,17.2,1.9000000000000001,39.0,6.9,7.4511585,-0.55115852355957
2023-10-22 07:00:00,6.9,11.100000000000001,22.5,2.3000000000000003,29.0,7.4,8.199422,-0.7994218826293942
2023-10-22 08:00:00,7.4,12.0,31.0,2.3000000000000003,20.0,6.800000000000001,7.9461637,-1.1461636543273919
2023-10-22 09:00:00,6.800000000000001,12.200000000000001,28.400000000000002,2.3000000000000003,15.0,7.1000000000000005,7.244542,-0.1445421218872065
2023-10-22 10:00:00,7.1000000000000005,12.600000000000001,23.5,2.5,10.0,8.0,7.726982,0.27301788330078125
2023-10-22 11:00:00,8.0,12.600000000000001,22.3,2.6,15.0,8.200000000000001,8.313092,-0.11309223175048722
2023-10-22 12:00:00,8.200000000000001,13.100000000000001,19.5,2.7,23.0,8.6,8.187935,0.4120651245117184
2023-10-22 13:00:00,8.6,13.0,16.1,2.2,37.0,8.4,8.389775,0.010224723815918324
2023-10-22 14:00:00,8.4,12.100000000000001,13.8,2.1,49.0,8.0,8.236935,-0.23693466186523438
2023-10-22 15:00:00,8.0,11.700000000000001,12.600000000000001,2.0,56.0,7.5,8.394231,-0.894230842590332
2023-10-22 16:00:00,7.5,11.700000000000001,12.3,1.9000000000000001,64.0,7.1000000000000005,7.935123,-0.8351229667663569
2023-10-22 17:00:00,7.1000000000000005,11.700000000000001,15.4,2.1,67.0,8.0,7.920288,0.0797119140625
2023-10-22 18:00:00,8.0,13.5,17.1,2.5,64.0,9.8,9.470548,0.32945232391357493
2023-10-22 19:00:00,9.8,14.0,30.1,2.8000000000000003,53.0,9.9,12.259137,-2.359137153625488
2023-10-22 20:00:00,9.9,14.5,39.1,2.9000000000000004,36.0,12.100000000000001,12.092012,0.007987594604493609
2023-10-22 21:00:00,12.100000000000001,17.7,47.5,3.0,16.0,8.8,14.298865,-5.498865318298339
2023-10-22 22:00:00,8.8,17.6,52.0,3.1,7.0,9.9,12.091523,-2.191523170471191
2023-10-22 23:00:00,9.9,19.200000000000003,50.300000000000004,2.6,5.0,10.700000000000001,12.697257,-1.9972570419311513
2023-10-23 00:00:00,10.700000000000001,19.3,46.1,2.9000000000000004,7.0,9.9,10.703068,-0.8030677795410153
2023-10-23 01:00:00,9.9,16.1,43.800000000000004,2.7,9.0,12.9,9.338457,3.561542892456055
2023-10-23 02:00:00,12.9,16.1,35.2,2.6,12.0,15.100000000000001,12.474545,2.625455474853517
2023-10-23 03:00:00,15.100000000000001,19.6,32.4,2.7,14.0,14.4,15.013379,-0.6133790969848629
2023-10-23 04:00:00,14.4,19.1,27.400000000000002,2.6,11.0,13.700000000000001,14.695206,-0.9952056884765614
2023-10-23 05:00:00,13.700000000000001,19.200000000000003,23.3,2.6,12.0,15.100000000000001,14.360888,0.7391124725341811
2023-10-23 06:00:00,15.100000000000001,20.1,21.8,2.8000000000000003,9.0,15.600000000000001,16.810066,-1.2100662231445298
2023-10-23 07:00:00,15.600000000000001,24.400000000000002,30.6,2.8000000000000003,4.0,18.400000000000002,18.465971,-0.06597099304199006
2023-10-23 08:00:00,18.400000000000002,23.5,36.4,2.8000000000000003,4.0,16.8,20.01309,-3.2130901336669915
2023-10-23 09:00:00,16.8,25.900000000000002,38.2,3.3000000000000003,3.0,16.5,17.142282,-0.6422824859619141
2023-10-23 10:00:00,16.5,23.700000000000003,39.0,3.2,3.0,20.6,16.832079,3.767921066284181
2023-10-23 11:00:00,20.6,25.1,37.6,3.0,6.0,18.2,18.589712,-0.38971214294433665
2023-10-23 12:00:00,18.2,25.900000000000002,37.1,3.0,16.0,17.2,17.046135,0.15386505126953054
2023-10-23 13:00:00,17.2,24.900000000000002,33.5,2.8000000000000003,21.0,18.400000000000002,16.968307,1.4316925048828146
2023-10-23 14:00:00,18.400000000000002,26.1,30.900000000000002,2.7,21.0,16.8,17.746607,-0.9466068267822259
2023-10-23 15:00:00,16.8,24.700000000000003,31.3,2.5,29.0,14.4,17.258373,-2.8583732604980465
2023-10-23 16:00:00,14.4,25.0,33.0,2.7,24.0,15.9,15.988081,-0.08808097839355433
2023-10-23 17:00:00,15.9,24.5,37.6,2.9000000000000004,21.0,16.5,18.685514,-2.185514450073242
2023-10-23 18:00:00,16.5,25.0,45.400000000000006,2.7,8.0,17.2,19.465576,-2.2655761718750007
2023-10-23 19:00:00,17.2,25.1,52.400000000000006,3.0,3.0,16.2,20.879234,-4.6792343139648445
2023-10-23 20:00:00,16.2,25.1,48.1,2.8000000000000003,2.0,16.3,19.54941,-3.249409866333007
2023-10-23 21:00:00,16.3,22.8,50.0,2.6,2.0,15.5,17.305887,-1.805887222290039
2023-10-23 22:00:00,15.5,21.200000000000003,46.5,2.8000000000000003,5.0,14.9,16.591547,-1.6915470123291012
2023-10-23 23:00:00,14.9,22.5,40.6,2.7,8.0,16.8,15.664129,1.1358707427978523
2023-10-24 00:00:00,16.8,23.0,34.5,2.6,10.0,16.2,16.841606,-0.6416061401367195
2023-10-24 01:00:00,16.2,21.200000000000003,30.3,2.7,13.0,14.4,15.605328,-1.2053276062011715
2023-10-24 02:00:00,14.4,20.0,26.0,2.6,17.0,12.4,14.374056,-1.9740558624267575
2023-10-24 03:00:00,12.4,14.600000000000001,28.700000000000003,2.2,16.0,12.100000000000001,11.864394,0.23560581207275533
2023-10-24 04:00:00,12.100000000000001,14.200000000000001,24.1,2.2,19.0,11.700000000000001,11.925869,-0.2258689880371083
2023-10-24 05:00:00,11.700000000000001,13.9,21.3,2.1,18.0,11.4,11.64326,-0.2432600021362301
2023-10-24 06:00:00,11.4,14.3,26.700000000000003,2.1,18.0,11.9,12.690136,-0.7901359558105465
2023-10-24 07:00:00,11.9,13.200000000000001,26.5,2.3000000000000003,18.0,12.8,13.076041,-0.27604122161865163
2023-10-24 08:00:00,12.8,15.4,34.7,2.4000000000000004,14.0,13.200000000000001,12.512798,0.6872016906738292
2023-10-24 09:00:00,13.200000000000001,15.100000000000001,40.1,2.3000000000000003,18.0,11.700000000000001,12.374508,-0.6745079040527333
2023-10-24 10:00:00,11.700000000000001,13.100000000000001,31.8,1.9000000000000001,19.0,9.4,10.653781,-1.2537809371948239
2023-10-24 11:00:00,9.4,12.8,31.400000000000002,1.9000000000000001,17.0,10.100000000000001,9.087472,1.0125280380249038
2023-10-24 12:00:00,10.100000000000001,12.3,31.8,1.7000000000000002,17.0,10.200000000000001,9.435826,0.764173698425294
2023-10-24 13:00:00,10.200000000000001,11.5,31.0,1.9000000000000001,19.0,10.8,9.652292,1.1477077484130866
2023-10-24 14:00:00,10.8,11.3,30.400000000000002,1.8,19.0,10.600000000000001,10.336589,0.26341114044189595
2023-10-24 15:00:00,10.600000000000001,11.600000000000001,28.400000000000002,1.9000000000000001,20.0,9.600000000000001,10.627239,-1.0272392272949205
2023-10-24 16:00:00,9.600000000000001,10.8,26.3,1.8,19.0,7.5,9.553135,-2.0531349182128906
2023-10-24 17:00:00,7.5,9.8,29.8,1.7000000000000002,17.0,9.0,8.258392,0.741607666015625
2023-10-24 18:00:00,9.0,10.9,36.800000000000004,2.2,9.0,12.700000000000001,10.255656,2.4443437576293956
2023-10-24 19:00:00,12.700000000000001,13.200000000000001,42.400000000000006,2.7,7.0,13.9,13.573044,0.32695617675781286
2023-10-24 20:00:00,13.9,15.4,44.0,2.6,4.0,15.0,14.789986,0.21001434326171875
2023-10-24 21:00:00,15.0,15.9,40.2,3.0,3.0,13.100000000000001,15.7734,-2.6734003067016587
2023-10-24 22:00:00,13.100000000000001,13.100000000000001,36.300000000000004,3.0,6.0,12.8,12.924659,-0.12465877532958913
2023-10-24 23:00:00,12.8,12.3,27.700000000000003,3.3000000000000003,9.0,12.5,11.839988,0.6600122451782227
2023-10-25 00:00:00,12.5,11.5,22.700000000000003,3.4000000000000004,12.0,11.100000000000001,10.729684,0.37031612396240376
2023-10-25 01:00:00,11.100000000000001,14.4,26.1,3.2,16.0,13.600000000000001,10.700485,2.899514770507814
2023-10-25 02:00:00,13.600000000000001,16.3,20.900000000000002,3.1,16.0,15.600000000000001,13.035113,2.5648866653442397
2023-10-25 03:00:00,15.600000000000001,20.6,20.900000000000002,3.2,20.0,17.6,15.019126,2.580874061584474
2023-10-25 04:00:00,17.6,20.8,22.0,3.4000000000000004,16.0,18.8,16.817236,1.9827640533447273
2023-10-25 05:00:00,18.8,20.1,19.3,3.2,11.0,18.400000000000002,18.229109,0.17089118957519744
2023-10-25 06:00:00,18.400000000000002,20.0,24.400000000000002,2.6,8.0,17.7,19.27539,-1.5753906250000007
2023-10-25 07:00:00,17.7,19.6,24.3,2.8000000000000003,6.0,17.900000000000002,19.082323,-1.1823230743408182
2023-10-25 08:00:00,17.900000000000002,20.200000000000003,30.6,3.3000000000000003,2.0,19.400000000000002,17.965757,1.434242630004885
2023-10-25 09:00:00,19.400000000000002,21.8,33.7,3.4000000000000004,3.0,21.900000000000002,17.80329,4.096710586547854
2023-10-25 10:00:00,21.900000000000002,22.8,32.5,3.5,6.0,23.1,19.594286,3.505714035034181
2023-10-25 11:00:00,23.1,25.200000000000003,34.300000000000004,3.9000000000000004,6.0,18.400000000000002,20.795366,-2.395366287231443
2023-10-25 12:00:00,18.400000000000002,23.200000000000003,32.1,2.6,14.0,18.5,16.237366,2.26263427734375
2023-10-25 13:00:00,18.5,20.5,27.0,2.1,15.0,16.7,16.527334,0.17266578674316335
2023-10-25 14:00:00,16.7,19.3,26.1,2.0,22.0,15.4,15.590496,-0.19049606323242152
2023-10-25 15:00:00,15.4,19.6,25.0,1.9000000000000001,23.0,16.6,15.112634,1.4873662948608413
2023-10-25 16:00:00,16.6,17.8,23.900000000000002,2.2,28.0,18.3,16.712828,1.5871723175048835
2023-10-25 17:00:00,18.3,21.900000000000002,27.3,2.1,30.0,17.8,19.656809,-1.8568088531494134
2023-10-25 18:00:00,17.8,22.700000000000003,36.1,2.5,22.0,22.400000000000002,20.090998,2.3090023040771506
2023-10-25 19:00:00,22.400000000000002,25.5,47.400000000000006,2.5,11.0,23.400000000000002,24.269928,-0.8699279785156229
2023-10-25 20:00:00,23.400000000000002,24.700000000000003,51.6,3.2,6.0,23.8,24.636486,-0.8364860534667962
2023-10-25 21:00:00,23.8,26.5,49.300000000000004,3.0,3.0,25.900000000000002,25.102533,0.7974666595459006
2023-10-25 22:00:00,25.900000000000002,30.700000000000003,50.0,3.6,2.0,24.700000000000003,25.925999,-1.2259986877441378
2023-10-25 23:00:00,24.700000000000003,29.0,46.7,3.3000000000000003,2.0,25.1,24.536764,0.5632358551025405
2023-10-26 00:00:00,25.1,27.8,47.900000000000006,3.2,1.0,23.400000000000002,24.41305,-1.0130496978759744
2023-10-26 01:00:00,23.400000000000002,25.5,46.0,3.1,1.0,23.5,22.741959,0.7580413818359375
2023-10-26 02:00:00,23.5,27.200000000000003,40.5,2.8000000000000003,1.0,23.1,22.751423,0.3485771179199233
2023-10-26 03:00:00,23.1,30.6,39.900000000000006,2.6,2.0,25.0,23.010742,1.9892578125
2023-10-26 04:00:00,25.0,33.5,33.4,2.5,5.0,25.0,24.796104,0.20389556884765625
2023-10-26 05:00:00,25.0,31.400000000000002,28.400000000000002,2.4000000000000004,4.0,24.8,25.384253,-0.5842525482177727
2023-10-26 06:00:00,24.8,34.2,25.3,2.9000000000000004,4.0,26.700000000000003,26.31698,0.3830196380615263
2023-10-26 07:00:00,26.700000000000003,33.800000000000004,25.5,3.2,3.0,24.900000000000002,28.631107,-3.7311073303222635
2023-10-26 08:00:00,24.900000000000002,30.400000000000002,30.200000000000003,4.5,3.0,27.200000000000003,25.148111,2.051888656616214
2023-10-26 09:00:00,27.200000000000003,36.5,26.3,4.6000000000000005,4.0,25.400000000000002,26.507738,-1.1077381134033182
2023-10-26 10:00:00,25.400000000000002,33.800000000000004,26.5,4.9,5.0,26.400000000000002,24.0823,2.3176998138427756
2023-10-26 11:00:00,26.400000000000002,34.1,28.1,4.800000000000001,5.0,24.200000000000003,24.86582,-0.6658199310302706
2023-10-26 12:00:00,24.200000000000003,33.9,28.700000000000003,4.4,6.0,23.3,23.469591,-0.1695911407470696
2023-10-26 13:00:00,23.3,31.700000000000003,28.200000000000003,3.4000000000000004,11.0,21.900000000000002,22.357851,-0.4578510284423807
2023-10-26 14:00:00,21.900000000000002,29.0,26.6,2.7,11.0,20.6,21.162262,-0.5622619628906236
2023-10-26 15:00:00,20.6,27.400000000000002,28.1,2.5,12.0,19.5,20.632599,-1.132598876953125
2023-10-26 16:00:00,19.5,25.400000000000002,30.6,2.9000000000000004,13.0,19.5,21.059067,-1.5590667724609375
2023-10-26 17:00:00,19.5,27.1,41.800000000000004,3.4000000000000004,10.0,21.3,22.08016,-0.7801601409912102
2023-10-26 18:00:00,21.3,30.3,43.400000000000006,3.8000000000000003,7.0,20.700000000000003,24.491856,-3.791855621337888
2023-10-26 19:00:00,20.700000000000003,28.5,44.900000000000006,3.7,6.0,19.0,23.18713,-4.187129974365234
2023-10-26 20:00:00,19.0,28.400000000000002,40.0,3.2,4.0,19.900000000000002,21.97439,-2.0743900299072244
2023-10-26 21:00:00,19.900000000000002,24.8,36.4,2.5,3.0,19.700000000000003,20.230347,-0.5303466796874972
2023-10-26 22:00:00,19.700000000000003,27.0,32.4,2.3000000000000003,4.0,19.400000000000002,19.711246,-0.3112464904785135
2023-10-26 23:00:00,19.400000000000002,24.0,30.200000000000003,2.2,7.0,18.5,18.628687,-0.12868690490722656
2023-10-27 00:00:00,18.5,24.1,26.900000000000002,2.2,10.0,18.900000000000002,17.971348,0.9286521911621115
2023-10-27 01:00:00,18.900000000000002,26.700000000000003,28.900000000000002,2.2,7.0,19.1,18.749311,0.35068855285644673
2023-10-27 02:00:00,19.1,26.700000000000003,25.5,2.2,12.0,16.0,18.84265,-2.842649459838867
2023-10-27 03:00:00,16.0,20.900000000000002,21.900000000000002,1.8,15.0,13.0,14.954961,-1.954960823059082
2023-10-27 04:00:00,13.0,15.8,17.5,1.6,20.0,10.4,12.3122425,-1.91224250793457
2023-10-27 05:00:00,10.4,13.5,17.3,1.9000000000000001,19.0,11.100000000000001,10.766464,0.3335357666015639
2023-10-27 06:00:00,11.100000000000001,13.8,17.7,2.2,15.0,13.200000000000001,11.943742,1.2562582015991222
2023-10-27 07:00:00,13.200000000000001,16.0,25.0,2.5,13.0,13.5,14.189745,-0.6897449493408203
2023-10-27 08:00:00,13.5,15.700000000000001,27.0,2.9000000000000004,11.0,12.200000000000001,13.617499,-1.4174993515014638
2023-10-27 09:00:00,12.200000000000001,13.100000000000001,24.900000000000002,3.6,10.0,12.600000000000001,11.245706,1.3542943954467788
2023-10-27 10:00:00,12.600000000000001,14.700000000000001,21.6,3.2,12.0,10.5,11.438156,-0.9381561279296875
2023-10-27 11:00:00,10.5,13.9,21.5,2.7,22.0,11.200000000000001,10.097565,1.102435302734376
2023-10-27 12:00:00,11.200000000000001,13.600000000000001,18.2,3.0,26.0,11.5,10.885589,0.6144113540649414
2023-10-27 13:00:00,11.5,14.100000000000001,17.8,2.8000000000000003,31.0,10.100000000000001,11.166928,-1.0669282913207994
2023-10-27 14:00:00,10.100000000000001,13.0,15.8,3.1,39.0,9.700000000000001,9.920187,-0.22018699645995987
2023-10-27 15:00:00,9.700000000000001,12.3,15.200000000000001,2.9000000000000004,45.0,11.100000000000001,9.669725,1.430274581909181
2023-10-27 16:00:00,11.100000000000001,13.600000000000001,17.7,2.8000000000000003,44.0,11.100000000000001,11.342719,-0.24271907806396342
2023-10-27 17:00:00,11.100000000000001,13.0,25.200000000000003,3.3000000000000003,42.0,10.8,12.375059,-1.5750591278076165
2023-10-27 18:00:00,10.8,13.200000000000001,30.400000000000002,3.4000000000000004,36.0,12.100000000000001,12.579309,-0.47930946350097514
2023-10-27 19:00:00,12.100000000000001,13.100000000000001,36.9,4.3,35.0,14.5,14.0025835,0.49741649627685547
2023-10-27 20:00:00,14.5,16.6,41.0,4.7,13.0,14.100000000000001,16.342886,-2.2428859710693345
2023-10-27 21:00:00,14.100000000000001,17.6,51.1,4.9,4.0,13.9,16.229683,-2.329682922363281
2023-10-27 22:00:00,13.9,17.900000000000002,55.400000000000006,4.4,1.0,16.5,14.51597,1.984029769897461
2023-10-27 23:00:00,16.5,17.900000000000002,47.900000000000006,4.1000000000000005,0.0,17.5,17.110434,0.38956642150878906
2023-10-28 00:00:00,17.5,19.0,47.6,4.2,1.0,17.1,16.797678,0.30232200622558736
2023-10-28 01:00:00,17.1,18.5,44.5,3.9000000000000004,0.0,16.6,14.718698,1.8813024520874038
2023-10-28 02:00:00,16.6,20.400000000000002,42.5,3.7,1.0,15.700000000000001,16.038668,-0.33866767883300675
2023-10-28 03:00:00,15.700000000000001,20.700000000000003,36.6,3.7,1.0,15.0,15.580236,-0.5802364349365234
2023-10-28 04:00:00,15.0,20.0,36.2,3.6,1.0,15.3,15.576249,-0.2762491226196282
2023-10-28 05:00:00,15.3,20.400000000000002,36.6,3.3000000000000003,1.0,14.200000000000001,16.391775,-2.191775131225585
2023-10-28 06:00:00,14.200000000000001,21.5,29.200000000000003,3.2,1.0,15.600000000000001,17.11427,-1.5142692565917955
2023-10-28 07:00:00,15.600000000000001,21.5,29.400000000000002,3.2,0.0,14.8,18.107157,-3.3071567535400384
2023-10-28 08:00:00,14.8,20.200000000000003,32.7,3.2,2.0,15.3,16.204958,-0.9049579620361321
2023-10-28 09:00:00,15.3,20.400000000000002,24.8,3.4000000000000004,4.0,13.5,15.2557335,-1.7557334899902344
2023-10-28 10:00:00,13.5,19.5,25.5,3.3000000000000003,8.0,15.0,14.48838,0.5116195678710938
2023-10-28 11:00:00,15.0,20.8,27.1,3.4000000000000004,13.0,14.5,14.129015,0.3709850311279297
2023-10-28 12:00:00,14.5,20.400000000000002,29.8,3.3000000000000003,18.0,14.200000000000001,14.265185,-0.06518535614013565
2023-10-28 13:00:00,14.200000000000001,20.5,28.400000000000002,3.2,24.0,13.700000000000001,14.390911,-0.6909111022949208
2023-10-28 14:00:00,13.700000000000001,19.6,25.3,3.2,27.0,14.200000000000001,14.155513,0.0444871902465831
2023-10-28 15:00:00,14.200000000000001,18.8,22.900000000000002,3.2,36.0,15.600000000000001,14.46303,1.136970138549806
2023-10-28 16:00:00,15.600000000000001,20.1,24.5,3.4000000000000004,42.0,15.3,16.706148,-1.406148147583007
2023-10-28 17:00:00,15.3,20.1,30.3,3.1,46.0,16.8,17.613787,-0.8137866973876946
2023-10-28 18:00:00,16.8,20.8,35.800000000000004,3.2,34.0,17.0,19.03947,-2.039470672607422
2023-10-28 19:00:00,17.0,23.1,39.0,3.2,31.0,17.400000000000002,20.056335,-2.656335449218748
2023-10-28 20:00:00,17.400000000000002,22.400000000000002,41.6,2.8000000000000003,21.0,18.6,19.675274,-1.0752738952636705
2023-10-28 21:00:00,18.6,24.5,47.7,2.9000000000000004,12.0,21.0,19.993587,1.0064125061035156
2023-10-28 22:00:00,21.0,25.3,48.800000000000004,2.7,4.0,21.900000000000002,21.664902,0.23509826660156463
2023-10-28 23:00:00,21.900000000000002,26.900000000000002,51.2,2.6,5.0,20.0,21.652061,-1.6520614624023438
2023-10-29 00:00:00,20.0,26.700000000000003,46.5,2.4000000000000004,7.0,18.8,19.868916,-1.0689155578613274
2023-10-29 01:00:00,18.8,25.900000000000002,40.7,2.4000000000000004,9.0,19.1,18.582891,0.517108535766603
2023-10-29 02:00:00,19.1,26.400000000000002,35.5,2.2,9.0,15.3,19.030504,-3.7305042266845696
2023-10-29 03:00:00,15.3,22.900000000000002,30.1,2.4000000000000004,13.0,12.600000000000001,15.402903,-2.8029026031494126
2023-10-29 03:00:00,12.600000000000001,19.400000000000002,25.5,2.2,12.0,14.200000000000001,12.615209,1.584791374206544
2023-10-29 04:00:00,14.200000000000001,20.0,21.900000000000002,2.1,18.0,14.100000000000001,14.105987,-0.005986595153807173
2023-10-29 05:00:00,14.100000000000001,18.900000000000002,19.6,1.9000000000000001,21.0,13.5,14.236247,-0.7362470626831055
2023-10-29 06:00:00,13.5,19.0,25.0,1.9000000000000001,14.0,11.100000000000001,15.025996,-3.9259962081909165
2023-10-29 07:00:00,11.100000000000001,18.7,25.8,2.1,11.0,10.200000000000001,12.631675,-2.4316747665405263
2023-10-29 08:00:00,10.200000000000001,18.400000000000002,28.1,1.9000000000000001,13.0,9.200000000000001,10.844533,-1.6445329666137685
2023-10-29 09:00:00,9.200000000000001,15.700000000000001,22.200000000000003,1.7000000000000002,20.0,9.3,9.328627,-0.028626632690428977
2023-10-29 10:00:00,9.3,14.600000000000001,21.200000000000003,1.8,27.0,8.700000000000001,9.078367,-0.3783672332763661
2023-10-29 11:00:00,8.700000000000001,12.9,21.5,1.8,37.0,8.4,8.568326,-0.16832599639892543
2023-10-29 12:00:00,8.4,12.3,19.1,1.8,43.0,7.5,8.100197,-0.6001968383789062
2023-10-29 13:00:00,7.5,12.3,17.6,1.8,45.0,7.5,7.638689,-0.1386890411376953
2023-10-29 14:00:00,7.5,12.600000000000001,15.8,1.9000000000000001,46.0,7.6000000000000005,7.747357,-0.14735689163207955
2023-10-29 15:00:00,7.6000000000000005,12.9,16.2,2.0,48.0,8.200000000000001,8.241342,-0.04134159088134659
2023-10-29 16:00:00,8.200000000000001,12.4,17.1,1.9000000000000001,45.0,8.9,8.59811,0.301889801025391
2023-10-29 17:00:00,8.9,13.100000000000001,22.0,1.9000000000000001,42.0,7.9,9.827122,-1.9271217346191403
2023-10-29 18:00:00,7.9,12.8,25.200000000000003,2.1,33.0,9.0,9.414824,-0.4148235321044922
2023-10-29 19:00:00,9.0,13.200000000000001,28.900000000000002,1.9000000000000001,30.0,9.200000000000001,10.649088,-1.449087905883788
2023-10-29 20:00:00,9.200000000000001,13.200000000000001,31.200000000000003,2.2,25.0,10.4,11.111805,-0.7118049621582028
2023-10-29 21:00:00,10.4,12.700000000000001,32.5,1.7000000000000002,25.0,9.8,11.2824335,-1.4824335098266594
2023-10-29 22:00:00,9.8,13.5,31.0,1.8,26.0,8.3,10.282655,-1.9826547622680657
2023-10-29 23:00:00,8.3,11.100000000000001,28.400000000000002,1.7000000000000002,22.0,8.9,8.333583,0.5664171218872074
2023-10-30 00:00:00,8.9,12.3,26.1,1.6,19.0,12.5,8.559088,3.9409122467041016
2023-10-30 01:00:00,12.5,17.400000000000002,25.0,1.6,18.0,13.5,11.917079,1.582921028137207
2023-10-30 02:00:00,13.5,16.8,26.3,1.7000000000000002,15.0,14.9,12.777001,2.12299861907959
2023-10-30 03:00:00,14.9,19.0,24.900000000000002,2.1,13.0,15.9,14.43781,1.4621900558471683
2023-10-30 04:00:00,15.9,17.900000000000002,21.0,2.0,15.0,14.5,15.00658,-0.5065803527832031
2023-10-30 05:00:00,14.5,18.900000000000002,21.8,2.1,15.0,15.5,14.550031,0.9499692916870117
2023-10-30 06:00:00,15.5,18.900000000000002,24.8,2.2,15.0,16.5,16.42173,0.07826995849609375
2023-10-30 07:00:00,16.5,21.0,25.900000000000002,2.3000000000000003,7.0,18.2,18.403624,-0.2036235809326179
2023-10-30 08:00:00,18.2,24.400000000000002,31.8,2.4000000000000004,6.0,15.0,19.119905,-4.119905471801758
2023-10-30 09:00:00,15.0,23.6,31.8,2.2,2.0,14.0,15.520011,-1.5200109481811523
2023-10-30 10:00:00,14.0,21.3,28.700000000000003,1.9000000000000001,9.0,14.9,13.621577,1.2784227371215824
2023-10-30 11:00:00,14.9,22.5,28.0,1.8,9.0,13.9,14.070928,-0.17092761993408168
2023-10-30 12:00:00,13.9,20.200000000000003,27.8,1.7000000000000002,9.0,15.0,13.585332,1.414668083190918
2023-10-30 13:00:00,15.0,20.700000000000003,25.5,1.8,13.0,15.8,14.024043,1.7759569168090827
2023-10-30 14:00:00,15.8,23.0,25.400000000000002,1.7000000000000002,12.0,13.3,15.388499,-2.0884992599487298
2023-10-30 15:00:00,13.3,19.1,26.8,1.2000000000000002,10.0,11.9,13.59933,-1.6993299484252926
2023-10-30 16:00:00,11.9,16.2,28.200000000000003,1.1,11.0,11.5,12.308868,-0.808868408203125
2023-10-30 17:00:00,11.5,15.200000000000001,30.400000000000002,1.4000000000000001,10.0,11.100000000000001,12.537516,-1.4375156402587876
2023-10-30 18:00:00,11.100000000000001,14.200000000000001,32.9,1.7000000000000002,15.0,10.9,11.918315,-1.0183149337768551
2023-10-30 19:00:00,10.9,14.0,30.0,2.1,20.0,10.3,11.882633,-1.582633209228515
2023-10-30 20:00:00,10.3,12.8,25.6,1.6,29.0,10.100000000000001,10.97099,-0.8709901809692369
2023-10-30 21:00:00,10.100000000000001,12.5,19.5,1.7000000000000002,31.0,8.5,10.241356,-1.7413558959960938
2023-10-30 22:00:00,8.5,11.100000000000001,18.3,1.8,25.0,10.3,8.032545,2.267454910278321
2023-10-30 23:00:00,10.3,12.200000000000001,14.9,1.8,29.0,10.3,9.447648,0.8523519515991218
2023-10-31 00:00:00,10.3,11.700000000000001,17.2,2.2,25.0,10.700000000000001,9.449184,1.2508155822753917
2023-10-31 01:00:00,10.700000000000001,13.200000000000001,17.3,2.5,11.0,9.8,9.539285,0.26071529388427805
2023-10-31 02:00:00,9.8,12.600000000000001,19.6,2.4000000000000004,13.0,8.4,9.056407,-0.6564069747924801
2023-10-31 03:00:00,8.4,9.600000000000001,17.1,2.0,9.0,8.6,7.9708304,0.6291695594787594
2023-10-31 04:00:00,8.6,12.100000000000001,15.100000000000001,1.9000000000000001,12.0,6.5,8.448681,-1.9486808776855469
2023-10-31 05:00:00,6.5,8.4,17.0,1.6,17.0,5.9,6.4320107,-0.5320106506347653
2023-10-31 06:00:00,5.9,8.4,14.9,1.3,43.0,5.7,6.4586453,-0.7586453437805174
2023-10-31 07:00:00,5.7,8.700000000000001,14.3,1.0,64.0,6.7,6.3900394,0.3099605560302736
2023-10-31 08:00:00,6.7,9.200000000000001,20.5,1.6,66.0,6.2,6.6014724,-0.40147237777709943
2023-10-31 09:00:00,6.2,9.4,22.900000000000002,2.8000000000000003,57.0,5.9,6.203985,-0.3039852142333981
2023-10-31 10:00:00,5.9,9.3,17.3,3.0,57.0,5.7,6.263871,-0.5638711929321287
2023-10-31 11:00:00,5.7,9.0,16.6,2.9000000000000004,49.0,5.0,5.6648254,-0.664825439453125
2023-10-31 12:00:00,5.0,7.1000000000000005,15.700000000000001,3.1,53.0,4.7,4.857279,-0.15727882385253888
2023-10-31 13:00:00,4.7,6.800000000000001,13.4,2.6,58.0,4.9,5.1522627,-0.2522626876831051
2023-10-31 14:00:00,4.9,5.800000000000001,14.600000000000001,2.5,63.0,5.1000000000000005,4.7899213,0.3100787162780767
2023-10-31 15:00:00,5.1000000000000005,6.6000000000000005,15.700000000000001,3.1,63.0,6.0,5.139379,0.8606209754943848
2023-10-31 16:00:00,6.0,8.3,18.6,3.3000000000000003,59.0,6.9,6.700171,0.19982900619506871
2023-10-31 17:00:00,6.9,10.100000000000001,30.1,3.1,45.0,8.0,8.6128025,-0.6128025054931641
2023-10-31 18:00:00,8.0,10.700000000000001,43.800000000000004,3.2,21.0,10.0,9.778482,0.22151756286621094
2023-10-31 19:00:00,10.0,13.4,58.800000000000004,3.5,0.0,10.200000000000001,13.933363,-3.7333629608154286
2023-10-31 20:00:00,10.200000000000001,15.8,64.8,2.9000000000000004,0.0,12.3,14.018049,-1.718049240112304
2023-10-31 21:00:00,12.3,17.7,57.7,2.9000000000000004,0.0,14.5,13.859226,0.6407737731933594
2023-10-31 22:00:00,14.5,18.5,49.0,2.7,1.0,14.3,14.980547,-0.6805469512939446
2023-10-31 23:00:00,14.3,19.0,43.800000000000004,3.3000000000000003,1.0,11.5,15.076409,-3.576409339904785
2023-11-01 00:00:00,11.5,15.0,41.800000000000004,3.4000000000000004,2.0,10.600000000000001,11.0529375,-0.4529375076293931
2023-11-01 01:00:00,10.600000000000001,15.5,37.4,2.8000000000000003,3.0,12.5,10.237928,2.2620716094970703
2023-11-01 02:00:00,12.5,15.0,35.7,2.6,1.0,12.5,11.687427,0.8125734329223633
2023-11-01 03:00:00,12.5,14.5,34.1,2.6,1.0,13.9,12.070343,1.8296569824218754
2023-11-01 04:00:00,13.9,16.1,34.9,2.8000000000000003,1.0,15.8,13.844402,1.9555976867675788
2023-11-01 05:00:00,15.8,16.6,34.2,2.9000000000000004,0.0,15.4,16.052946,-0.6529460906982418
2023-11-01 06:00:00,15.4,17.7,31.700000000000003,2.5,0.0,19.6,16.863878,2.736121749877931
2023-11-01 07:00:00,19.6,19.6,30.5,2.8000000000000003,1.0,18.5,20.737038,-2.2370376586914062
2023-11-01 08:00:00,18.5,22.1,30.8,2.7,4.0,17.6,18.811491,-1.2114910125732408
2023-11-01 09:00:00,17.6,20.3,29.5,2.8000000000000003,6.0,17.1,16.547352,0.5526481628417983
2023-11-01 10:00:00,17.1,21.200000000000003,26.6,2.7,15.0,14.700000000000001,15.4984665,-0.7984664916992177
2023-11-01 11:00:00,14.700000000000001,17.1,22.700000000000003,2.8000000000000003,21.0,12.5,13.194294,-0.6942939758300781
2023-11-01 12:00:00,12.5,17.400000000000002,20.900000000000002,2.6,27.0,12.0,11.797421,0.20257854461669922
2023-11-01 13:00:00,12.0,15.8,21.1,2.4000000000000004,31.0,12.8,11.536899,1.2631013870239265
2023-11-01 14:00:00,12.8,16.6,21.6,2.3000000000000003,29.0,12.200000000000001,12.309872,-0.10987167358398331
2023-11-01 15:00:00,12.200000000000001,17.6,20.700000000000003,2.2,29.0,13.600000000000001,12.65197,0.9480300903320327
2023-11-01 16:00:00,13.600000000000001,18.7,21.5,2.4000000000000004,30.0,12.700000000000001,14.472854,-1.772853660583495
2023-11-01 17:00:00,12.700000000000001,15.8,27.6,2.4000000000000004,20.0,14.8,13.695898,1.1041019439697273
2023-11-01 18:00:00,14.8,16.3,38.5,2.2,16.0,14.5,16.539284,-2.0392837524414062
2023-11-01 19:00:00,14.5,17.5,38.6,2.4000000000000004,8.0,13.8,16.171036,-2.371035766601562
2023-11-01 20:00:00,13.8,15.0,41.0,2.7,4.0,12.9,15.02581,-2.1258102416992184
2023-11-01 21:00:00,12.9,18.0,39.400000000000006,2.5,2.0,14.600000000000001,13.390475,1.2095247268676772
2023-11-01 22:00:00,14.600000000000001,18.900000000000002,38.7,2.5,2.0,15.8,14.733547,1.0664527893066413
2023-11-01 23:00:00,15.8,19.6,33.7,2.2,3.0,14.700000000000001,15.051421,-0.35142116546630753
2023-11-02 00:00:00,14.700000000000001,16.5,34.0,2.0,5.0,15.700000000000001,12.109701,3.59029884338379
2023-11-02 01:00:00,15.700000000000001,18.400000000000002,29.8,2.0,8.0,15.0,14.32616,0.6738395690917969
2023-11-02 02:00:00,15.0,18.400000000000002,26.6,2.4000000000000004,12.0,15.600000000000001,13.7184305,1.8815694808959975
2023-11-02 03:00:00,15.600000000000001,19.400000000000002,23.900000000000002,2.3000000000000003,14.0,15.8,14.697078,1.1029222488403327
2023-11-02 04:00:00,15.8,20.3,20.5,2.1,16.0,16.1,14.930034,1.169966316223146
2023-11-02 05:00:00,16.1,20.200000000000003,17.8,1.9000000000000001,17.0,13.8,15.807096,-2.007095527648925
2023-11-02 06:00:00,13.8,17.1,17.8,1.8,17.0,12.600000000000001,14.134287,-1.5342868804931626
2023-11-02 07:00:00,12.600000000000001,20.200000000000003,22.200000000000003,2.1,15.0,14.200000000000001,14.188176,0.011823844909669035
2023-11-02 08:00:00,14.200000000000001,18.7,24.8,2.1,17.0,13.200000000000001,14.159117,-0.9591167449951161
2023-11-02 09:00:00,13.200000000000001,14.5,22.3,2.1,17.0,11.3,12.10804,-0.8080398559570305
2023-11-02 10:00:00,11.3,11.4,24.0,2.0,22.0,9.0,10.158532,-1.1585321426391602
2023-11-02 11:00:00,9.0,10.200000000000001,22.700000000000003,1.8,26.0,8.1,7.844287,0.2557130813598629
2023-11-02 12:00:00,8.1,8.3,21.3,1.8,32.0,8.4,6.992681,1.4073189735412601
2023-11-02 13:00:00,8.4,9.0,21.3,1.3,35.0,8.3,7.449298,0.850702095031739
2023-11-02 14:00:00,8.3,8.5,19.0,1.4000000000000001,38.0,7.5,7.6521845,-0.15218448638916016
2023-11-02 15:00:00,7.5,7.9,17.6,1.3,37.0,7.800000000000001,7.199819,0.600180912017823
2023-11-02 16:00:00,7.800000000000001,8.200000000000001,21.8,1.8,32.0,8.4,7.642481,0.7575191497802738
2023-11-02 17:00:00,8.4,9.200000000000001,24.6,1.4000000000000001,25.0,8.1,8.843413,-0.743413352966309
2023-11-02 18:00:00,8.1,8.4,29.5,1.8,18.0,10.5,8.9685335,1.5314664840698242
2023-11-02 19:00:00,10.5,10.8,33.0,1.9000000000000001,7.0,11.9,10.893763,1.0062374114990238
2023-11-02 20:00:00,11.9,10.600000000000001,32.800000000000004,2.2,6.0,8.4,11.850287,-3.4502874374389645
2023-11-02 21:00:00,8.4,8.5,32.7,2.7,6.0,10.700000000000001,9.092127,1.6078731536865245
2023-11-02 22:00:00,10.700000000000001,10.3,30.5,3.2,4.0,10.700000000000001,10.445426,0.2545740127563487
2023-11-02 23:00:00,10.700000000000001,10.9,32.1,3.2,7.0,11.600000000000001,10.599807,1.0001932144165053
2023-11-03 00:00:00,11.600000000000001,13.100000000000001,32.7,2.9000000000000004,5.0,9.200000000000001,10.303956,-1.1039560317993153
2023-11-03 01:00:00,9.200000000000001,14.3,29.700000000000003,2.8000000000000003,3.0,9.200000000000001,8.746896,0.4531042098999034
2023-11-03 02:00:00,9.200000000000001,11.8,30.8,2.4000000000000004,1.0,8.200000000000001,8.92285,-0.7228496551513661
2023-11-03 03:00:00,8.200000000000001,9.5,25.400000000000002,2.6,2.0,8.4,8.490461,-0.09046134948730433
2023-11-03 04:00:00,8.4,8.9,25.3,2.1,2.0,7.0,8.640183,-1.640183448791504
2023-11-03 05:00:00,7.0,8.4,19.8,2.3000000000000003,4.0,6.7,6.9971557,-0.2971556663513182
2023-11-03 06:00:00,6.7,9.200000000000001,21.6,2.0,7.0,6.2,7.8229866,-1.622986602783203
2023-11-03 07:00:00,6.2,8.1,20.700000000000003,2.0,19.0,6.6000000000000005,7.1122017,-0.5122016906738276
2023-11-03 08:00:00,6.6000000000000005,9.1,21.5,2.1,19.0,5.9,6.8941665,-0.9941664695739743
2023-11-03 09:00:00,5.9,8.3,24.6,2.3000000000000003,41.0,6.9,5.8759394,1.0240606307983402
2023-11-03 10:00:00,6.9,9.9,21.5,2.7,36.0,6.5,6.750211,-0.2502107620239258
2023-11-03 11:00:00,6.5,7.5,18.2,2.4000000000000004,37.0,4.6000000000000005,6.0089083,-1.4089082717895502
2023-11-03 12:00:00,4.6000000000000005,7.300000000000001,16.7,2.7,38.0,5.5,4.4054217,1.0945782661437988
2023-11-03 13:00:00,5.5,6.4,16.6,2.3000000000000003,42.0,5.7,5.0564237,0.6435763359069826
2023-11-03 14:00:00,5.7,7.4,15.100000000000001,2.3000000000000003,44.0,6.2,5.8061275,0.39387245178222674
2023-11-03 15:00:00,6.2,7.800000000000001,15.600000000000001,2.5,46.0,6.6000000000000005,6.3553576,0.24464235305786186
2023-11-03 16:00:00,6.6000000000000005,8.4,19.400000000000002,3.4000000000000004,39.0,6.7,7.499328,-0.7993281364440916
2023-11-03 17:00:00,6.7,8.9,31.200000000000003,3.2,29.0,6.2,8.407628,-2.207628059387207
2023-11-03 18:00:00,6.2,10.600000000000001,44.2,3.3000000000000003,12.0,9.200000000000001,8.684489,0.5155107498168956
2023-11-03 19:00:00,9.200000000000001,13.100000000000001,49.300000000000004,3.7,2.0,10.8,11.691761,-0.8917610168457024
2023-11-03 20:00:00,10.8,14.700000000000001,53.400000000000006,3.7,0.0,12.100000000000001,13.60759,-1.507589721679686
2023-11-03 21:00:00,12.100000000000001,16.3,54.1,3.8000000000000003,0.0,11.700000000000001,13.173705,-1.4737051010131825
2023-11-03 22:00:00,11.700000000000001,15.3,50.300000000000004,4.1000000000000005,0.0,10.4,13.311782,-2.9117818832397457
2023-11-03 23:00:00,10.4,14.8,47.0,3.8000000000000003,0.0,11.3,13.115276,-1.8152763366699212
2023-11-04 00:00:00,11.3,13.9,47.2,2.9000000000000004,0.0,13.100000000000001,10.627098,2.4729019165039077
2023-11-04 01:00:00,13.100000000000001,18.6,42.0,2.5,0.0,13.0,11.248345,1.7516546249389648
2023-11-04 02:00:00,13.0,18.1,40.7,2.5,0.0,12.8,11.679439,1.1205614089965827
2023-11-04 03:00:00,12.8,17.6,29.400000000000002,2.4000000000000004,2.0,11.5,12.549583,-1.0495834350585938
2023-11-04 04:00:00,11.5,15.600000000000001,28.200000000000003,2.6,2.0,11.0,11.89346,-0.8934602737426758
2023-11-04 05:00:00,11.0,14.700000000000001,31.0,2.4000000000000004,1.0,10.3,11.7208185,-1.4208185195922844
2023-11-04 06:00:00,10.3,13.4,27.8,2.4000000000000004,1.0,11.5,11.863274,-0.36327362060546875
2023-11-04 07:00:00,11.5,18.3,29.8,2.9000000000000004,1.0,13.600000000000001,14.319308,-0.7193082809448228
2023-11-04 08:00:00,13.600000000000001,19.700000000000003,30.1,3.0,1.0,14.0,15.63209,-1.632089614868164
2023-11-04 09:00:00,14.0,16.5,29.700000000000003,3.4000000000000004,6.0,14.9,14.343942,0.5560583114624027
2023-11-04 10:00:00,14.9,20.700000000000003,26.5,2.8000000000000003,13.0,13.9,14.1073885,-0.20738849639892543
2023-11-04 11:00:00,13.9,19.3,26.3,2.7,18.0,11.700000000000001,13.451629,-1.7516286849975575
2023-11-04 12:00:00,11.700000000000001,17.400000000000002,21.900000000000002,3.0,23.0,10.9,11.635361,-0.7353607177734371
2023-11-04 13:00:00,10.9,14.700000000000001,22.6,2.6,29.0,11.3,10.774056,0.525943565368653
2023-11-04 14:00:00,11.3,14.700000000000001,22.400000000000002,2.6,35.0,10.3,11.471376,-1.171376419067382
2023-11-04 15:00:00,10.3,15.200000000000001,21.400000000000002,2.4000000000000004,35.0,9.9,11.045868,-1.1458679199218746
2023-11-04 16:00:00,9.9,13.5,22.0,2.4000000000000004,32.0,9.8,10.508115,-0.7081148147583001
2023-11-04 17:00:00,9.8,11.700000000000001,24.8,2.3000000000000003,24.0,9.8,10.868653,-1.0686532974243157
2023-11-04 18:00:00,9.8,11.5,26.1,2.4000000000000004,23.0,10.3,11.082842,-0.7828418731689446
2023-11-04 19:00:00,10.3,12.4,29.6,2.5,19.0,10.8,11.449745,-0.6497451782226555
2023-11-04 20:00:00,10.8,12.3,28.0,2.3000000000000003,25.0,10.0,11.602714,-1.6027135848999023
2023-11-04 21:00:00,10.0,12.0,24.3,2.3000000000000003,29.0,9.0,10.788882,-1.7888822555541992
2023-11-04 22:00:00,9.0,10.700000000000001,25.700000000000003,2.2,29.0,7.9,9.179984,-1.279984092712402
2023-11-04 23:00:00,7.9,10.200000000000001,25.1,2.1,28.0,7.800000000000001,7.945659,-0.14565916061401296
2023-11-05 00:00:00,7.800000000000001,9.600000000000001,21.1,1.7000000000000002,26.0,6.9,6.8994117,0.0005883216857913709
2023-11-05 01:00:00,6.9,8.700000000000001,19.0,1.6,32.0,6.800000000000001,6.333678,0.4663222312927253
2023-11-05 02:00:00,6.800000000000001,7.1000000000000005,11.3,1.4000000000000001,41.0,7.0,5.4368696,1.5631303787231445
2023-11-05 03:00:00,7.0,7.800000000000001,12.200000000000001,1.9000000000000001,38.0,6.800000000000001,6.260818,0.5391819953918464
2023-11-05 04:00:00,6.800000000000001,7.800000000000001,14.0,2.1,33.0,7.1000000000000005,6.5032177,0.5967823028564458
2023-11-05 05:00:00,7.1000000000000005,8.5,11.9,2.1,30.0,6.9,6.8746724,0.025327587127685902
2023-11-05 06:00:00,6.9,8.4,11.0,2.8000000000000003,27.0,6.7,7.643624,-0.9436238288879393
2023-11-05 07:00:00,6.7,9.3,14.600000000000001,3.2,22.0,7.7,7.5187626,0.18123741149902362
2023-11-05 08:00:00,7.7,10.4,17.7,3.1,19.0,8.1,8.033386,0.06661376953124964
2023-11-05 09:00:00,8.1,11.3,18.3,3.4000000000000004,18.0,8.3,8.173588,0.12641220092773509
2023-11-05 10:00:00,8.3,9.0,18.1,3.4000000000000004,23.0,7.0,7.7717295,-0.7717294692993164
2023-11-05 11:00:00,7.0,8.9,17.400000000000002,2.8000000000000003,31.0,6.6000000000000005,6.8398747,-0.23987474441528267
2023-11-05 12:00:00,6.6000000000000005,7.800000000000001,16.6,2.5,43.0,6.5,6.2611766,0.23882341384887695
2023-11-05 13:00:00,6.5,8.1,14.9,2.6,47.0,6.7,6.5590887,0.14091129302978533
2023-11-05 14:00:00,6.7,7.7,14.0,2.5,50.0,6.0,6.7226896,-0.7226896286010742
2023-11-05 15:00:00,6.0,7.4,14.4,2.4000000000000004,54.0,7.0,6.3709297,0.6290702819824219
2023-11-05 16:00:00,7.0,8.200000000000001,17.400000000000002,2.9000000000000004,49.0,7.5,7.7329087,-0.2329087257385254
2023-11-05 17:00:00,7.5,8.9,25.5,2.7,42.0,9.8,8.447184,1.3528163909912116
2023-11-05 18:00:00,9.8,10.4,30.5,2.9000000000000004,20.0,10.700000000000001,11.635803,-0.9358032226562489
2023-11-05 19:00:00,10.700000000000001,13.200000000000001,41.6,3.0,7.0,10.5,12.731029,-2.2310285568237305
2023-11-05 20:00:00,10.5,13.0,44.1,3.0,4.0,10.100000000000001,12.571082,-2.4710821151733384
2023-11-05 21:00:00,10.100000000000001,13.100000000000001,44.5,3.0,3.0,11.4,11.920818,-0.5208183288574215
2023-11-05 22:00:00,11.4,14.8,41.0,2.9000000000000004,5.0,13.5,12.155321,1.3446788787841797
2023-11-05 23:00:00,13.5,16.1,34.1,2.5,6.0,14.200000000000001,13.993288,0.20671195983886825
2023-11-06 00:00:00,14.200000000000001,18.1,30.8,2.8000000000000003,7.0,17.5,13.967258,3.5327415466308594
2023-11-06 01:00:00,17.5,23.200000000000003,27.400000000000002,2.7,6.0,17.900000000000002,16.354126,1.5458740234375021
2023-11-06 02:00:00,17.900000000000002,23.3,25.8,2.6,8.0,17.900000000000002,18.077291,-0.1772914886474588
2023-11-06 03:00:00,17.900000000000002,23.200000000000003,26.0,2.6,6.0,16.400000000000002,17.137506,-0.7375064849853494
2023-11-06 04:00:00,16.400000000000002,22.3,21.5,2.9000000000000004,5.0,16.2,15.527753,0.672247123718261
2023-11-06 05:00:00,16.2,22.1,21.6,2.7,1.0,16.8,17.474897,-0.674897384643554
2023-11-06 06:00:00,16.8,22.700000000000003,21.900000000000002,3.0,1.0,17.1,19.42623,-2.3262294769287095
2023-11-06 07:00:00,17.1,24.900000000000002,25.3,4.0,1.0,19.200000000000003,20.72933,-1.529330062866208
2023-11-06 08:00:00,19.200000000000003,27.3,29.3,4.2,1.0,17.6,21.089525,-3.489525222778319
2023-11-06 09:00:00,17.6,26.1,31.8,4.3,2.0,17.5,17.700052,-0.20005226135253906
2023-11-06 10:00:00,17.5,26.6,34.2,4.2,7.0,16.900000000000002,17.03342,-0.1334205627441385
2023-11-06 11:00:00,16.900000000000002,23.0,31.8,3.7,15.0,16.8,15.484136,1.3158643722534187
2023-11-06 12:00:00,16.8,22.1,28.3,3.4000000000000004,23.0,16.3,15.47437,0.8256299972534187
2023-11-06 13:00:00,16.3,20.5,24.3,3.3000000000000003,36.0,16.6,15.670904,0.929095840454103
2023-11-06 14:00:00,16.6,21.400000000000002,22.0,2.5,41.0,16.900000000000002,15.722781,1.177218818664553
2023-11-06 15:00:00,16.900000000000002,22.5,22.8,2.7,44.0,17.0,17.321224,-0.3212242126464844
2023-11-06 16:00:00,17.0,23.5,26.6,3.0,38.0,17.0,19.936289,-2.936288833618164
2023-11-06 17:00:00,17.0,25.200000000000003,41.5,3.1,30.0,18.2,20.882118,-2.682118225097657
2023-11-06 18:00:00,18.2,25.900000000000002,52.800000000000004,3.5,5.0,22.5,21.737238,0.7627620697021484
2023-11-06 19:00:00,22.5,30.6,53.400000000000006,3.5,1.0,21.1,25.837593,-4.73759307861328
2023-11-06 20:00:00,21.1,28.6,58.900000000000006,3.2,0.0,21.200000000000003,23.630394,-2.430393981933591
2023-11-06 21:00:00,21.200000000000003,31.6,55.0,3.2,0.0,21.1,24.013847,-2.9138473510742173
2023-11-06 22:00:00,21.1,31.400000000000002,49.800000000000004,3.3000000000000003,0.0,20.400000000000002,22.757027,-2.357026672363279
2023-11-06 23:00:00,20.400000000000002,27.6,47.300000000000004,3.0,1.0,20.8,20.913486,-0.11348648071288991
2023-11-07 00:00:00,20.8,26.1,42.1,2.9000000000000004,1.0,19.700000000000003,20.532204,-0.8322036743164034
2023-11-07 01:00:00,19.700000000000003,26.8,37.6,2.8000000000000003,3.0,15.5,19.024937,-3.5249366760253906
2023-11-07 02:00:00,15.5,23.6,34.0,2.0,6.0,13.700000000000001,14.996315,-1.2963150024414052
2023-11-07 03:00:00,13.700000000000001,19.1,28.400000000000002,2.2,11.0,14.100000000000001,13.490086,0.6099143981933608
2023-11-07 04:00:00,14.100000000000001,19.200000000000003,25.5,2.5,22.0,13.3,14.1285,-0.8284999847412102
2023-11-07 05:00:00,13.3,18.5,25.0,2.7,23.0,14.4,13.56584,0.8341602325439457
2023-11-07 06:00:00,14.4,19.8,23.8,2.8000000000000003,19.0,18.0,16.14089,1.859109878540039
2023-11-07 07:00:00,18.0,19.900000000000002,32.1,3.0,10.0,17.3,19.562777,-2.262776565551757
2023-11-07 08:00:00,17.3,21.700000000000003,41.5,3.7,9.0,16.7,17.278881,-0.5788810729980476
2023-11-07 09:00:00,16.7,23.0,43.1,3.9000000000000004,6.0,16.2,15.977448,0.22255153656005788
2023-11-07 10:00:00,16.2,23.400000000000002,38.1,2.8000000000000003,14.0,16.1,15.795905,0.3040948867797866
2023-11-07 11:00:00,16.1,22.5,33.5,2.6,21.0,15.200000000000001,14.953837,0.2461626052856456
2023-11-07 12:00:00,15.200000000000001,20.700000000000003,28.8,2.1,31.0,14.3,14.28327,0.016730117797852273
2023-11-07 13:00:00,14.3,19.200000000000003,29.3,2.3000000000000003,38.0,14.200000000000001,13.979351,0.2206489562988292
2023-11-07 14:00:00,14.200000000000001,19.6,28.0,2.5,43.0,17.400000000000002,14.309872,3.0901283264160178
2023-11-07 15:00:00,17.400000000000002,21.3,28.700000000000003,2.8000000000000003,43.0,17.900000000000002,17.754055,0.14594497680664276
2023-11-07 16:00:00,17.900000000000002,23.200000000000003,33.7,2.6,41.0,19.200000000000003,20.030876,-0.8308761596679659
2023-11-07 17:00:00,19.200000000000003,26.8,43.400000000000006,2.8000000000000003,27.0,20.700000000000003,22.84392,-2.1439197540283175
2023-11-07 18:00:00,20.700000000000003,29.200000000000003,54.800000000000004,3.6,11.0,21.3,24.380564,-3.0805637359619134
2023-11-07 19:00:00,21.3,32.6,57.6,3.9000000000000004,2.0,23.8,25.551876,-1.7518760681152337
2023-11-07 20:00:00,23.8,33.0,56.400000000000006,4.0,1.0,23.700000000000003,26.764284,-3.06428413391113
2023-11-07 21:00:00,23.700000000000003,29.5,54.400000000000006,3.7,0.0,24.6,26.231932,-1.6319316864013658
2023-11-07 22:00:00,24.6,34.0,48.2,3.5,1.0,24.8,25.569912,-0.7699119567871087
2023-11-07 23:00:00,24.8,34.9,43.300000000000004,3.2,2.0,23.0,25.304209,-2.304208755493164
2023-11-08 00:00:00,23.0,27.8,41.400000000000006,3.2,3.0,23.200000000000003,21.670845,1.5291549682617216
2023-11-08 01:00:00,23.200000000000003,26.6,37.2,3.7,6.0,20.8,20.645678,0.1543224334716804
2023-11-08 02:00:00,20.8,31.0,35.6,3.9000000000000004,8.0,19.200000000000003,21.100227,-1.9002273559570284
2023-11-08 03:00:00,19.200000000000003,28.3,31.200000000000003,3.6,7.0,20.200000000000003,19.288513,0.9114868164062528
2023-11-08 04:00:00,20.200000000000003,25.700000000000003,29.1,3.2,8.0,17.6,20.09037,-2.490370178222655
2023-11-08 05:00:00,17.6,22.200000000000003,22.5,2.9000000000000004,8.0,14.8,17.264132,-2.464131546020507
2023-11-08 06:00:00,14.8,18.8,24.900000000000002,2.8000000000000003,4.0,13.700000000000001,16.195251,-2.495251464843749
2023-11-08 07:00:00,13.700000000000001,18.2,28.400000000000002,3.1,5.0,15.700000000000001,16.088285,-0.3882854461669911
2023-11-08 08:00:00,15.700000000000001,22.8,30.200000000000003,3.6,1.0,16.2,17.525272,-1.3252723693847663
2023-11-08 09:00:00,16.2,23.400000000000002,28.700000000000003,3.7,4.0,15.8,16.664097,-0.8640968322753899
2023-11-08 10:00:00,15.8,22.1,29.8,3.9000000000000004,9.0,15.8,14.689256,1.1107442855834968
2023-11-08 11:00:00,15.8,21.8,30.1,4.1000000000000005,12.0,16.1,14.572633,1.527367210388185
2023-11-08 12:00:00,16.1,21.8,29.3,4.1000000000000005,17.0,14.8,15.040009,-0.2400085449218743
2023-11-08 13:00:00,14.8,21.400000000000002,33.1,4.0,22.0,14.8,14.332539,0.4674613952636726
2023-11-08 14:00:00,14.8,20.200000000000003,35.6,3.2,29.0,15.100000000000001,15.152748,-0.05274810791015483
2023-11-08 15:00:00,15.100000000000001,20.8,39.1,3.0,30.0,17.5,16.322552,1.1774482727050781
2023-11-08 16:00:00,17.5,23.0,43.900000000000006,3.2,24.0,18.400000000000002,19.607018,-1.2070175170898416
2023-11-08 17:00:00,18.400000000000002,24.400000000000002,54.2,3.8000000000000003,10.0,19.400000000000002,21.808737,-2.408736801147459
2023-11-08 18:00:00,19.400000000000002,25.900000000000002,68.2,3.9000000000000004,2.0,20.400000000000002,24.202595,-3.802594757080076
2023-11-08 19:00:00,20.400000000000002,27.700000000000003,75.5,4.1000000000000005,0.0,22.8,25.311869,-2.5118686676025384
2023-11-08 20:00:00,22.8,32.800000000000004,68.9,4.3,0.0,23.900000000000002,26.795279,-2.895278549194334
2023-11-08 21:00:00,23.900000000000002,34.1,65.3,4.800000000000001,0.0,24.200000000000003,26.75649,-2.556490707397458
2023-11-08 22:00:00,24.200000000000003,36.7,55.800000000000004,4.2,0.0,23.700000000000003,25.617085,-1.9170845031738253
2023-11-08 23:00:00,23.700000000000003,33.800000000000004,55.5,4.2,0.0,23.8,24.749895,-0.9498950958251946
2023-11-09 00:00:00,23.8,32.7,50.6,3.8000000000000003,0.0,22.5,23.368351,-0.8683509826660156
2023-11-09 01:00:00,22.5,29.3,47.900000000000006,3.6,0.0,18.900000000000002,20.977325,-2.077325439453123
2023-11-09 02:00:00,18.900000000000002,28.1,45.2,2.8000000000000003,0.0,18.5,17.546848,0.9531517028808594
2023-11-09 03:00:00,18.5,24.200000000000003,40.2,2.9000000000000004,0.0,18.3,16.946232,1.353768157958985
2023-11-09 04:00:00,18.3,22.3,37.1,3.3000000000000003,1.0,17.900000000000002,17.636541,0.2634586334228537
2023-11-09 05:00:00,17.900000000000002,21.0,32.300000000000004,3.2,2.0,18.0,17.8614,0.13859939575195312
2023-11-09 06:00:00,18.0,19.6,34.300000000000004,3.4000000000000004,2.0,18.2,19.265528,-1.0655277252197273
2023-11-09 07:00:00,18.2,20.5,37.1,3.4000000000000004,2.0,21.1,20.289047,0.8109527587890639
2023-11-09 08:00:00,21.1,24.1,39.0,3.5,2.0,20.8,22.02036,-1.2203609466552727
2023-11-09 09:00:00,20.8,24.1,38.800000000000004,3.6,5.0,21.6,19.035744,2.564256286621095
2023-11-09 10:00:00,21.6,25.6,38.2,3.7,7.0,20.900000000000002,19.549725,1.3502754211425803
2023-11-09 11:00:00,20.900000000000002,27.400000000000002,36.800000000000004,3.0,9.0,21.0,19.510334,1.4896659851074219
2023-11-09 12:00:00,21.0,27.5,35.9,2.9000000000000004,12.0,19.700000000000003,19.927929,-0.22792892456054403
2023-11-09 13:00:00,19.700000000000003,25.1,37.0,2.6,13.0,18.3,18.770393,-0.47039337158203054
2023-11-09 14:00:00,18.3,22.5,38.0,2.1,11.0,17.0,17.881674,-0.8816738128662109
2023-11-09 15:00:00,17.0,19.8,42.7,2.4000000000000004,10.0,16.7,17.203606,-0.5036056518554695
2023-11-09 16:00:00,16.7,20.200000000000003,45.7,2.4000000000000004,5.0,16.6,17.953398,-1.3533977508544908
2023-11-09 17:00:00,16.6,21.200000000000003,49.400000000000006,2.4000000000000004,2.0,16.6,18.025196,-1.4251960754394517
2023-11-09 18:00:00,16.6,20.5,52.5,2.5,0.0,17.3,18.401546,-1.1015464782714837
2023-11-09 19:00:00,17.3,20.1,53.800000000000004,2.8000000000000003,0.0,17.400000000000002,18.422812,-1.0228115081787088
2023-11-09 20:00:00,17.400000000000002,19.900000000000002,55.7,2.8000000000000003,0.0,14.5,18.77513,-4.275129318237305
2023-11-09 21:00:00,14.5,16.8,52.7,2.6,3.0,14.100000000000001,14.600112,-0.5001119613647447
2023-11-09 22:00:00,14.100000000000001,16.1,45.1,2.5,10.0,12.4,14.629536,-2.2295356750488278
2023-11-09 23:00:00,12.4,13.200000000000001,38.0,2.4000000000000004,21.0,12.200000000000001,12.658914,-0.4589136123657216
2023-11-10 00:00:00,12.200000000000001,13.4,32.0,2.7,24.0,10.0,11.500054,-1.5000543594360352
2023-11-10 01:00:00,10.0,12.5,28.8,2.3000000000000003,17.0,10.4,9.373935,1.0260652542114261
2023-11-10 02:00:00,10.4,11.700000000000001,29.200000000000003,2.6,21.0,10.700000000000001,9.660617,1.0393831253051768
2023-11-10 03:00:00,10.700000000000001,11.700000000000001,26.0,3.0,19.0,11.100000000000001,10.363458,0.7365423202514663
2023-11-10 04:00:00,11.100000000000001,12.4,22.8,2.8000000000000003,18.0,10.3,10.631197,-0.3311969757080071
2023-11-10 05:00:00,10.3,10.100000000000001,18.6,3.6,17.0,10.600000000000001,9.933598,0.6664024353027358
2023-11-10 06:00:00,10.600000000000001,11.8,23.1,4.1000000000000005,12.0,11.3,11.873368,-0.5733682632446282
2023-11-10 07:00:00,11.3,13.700000000000001,25.700000000000003,4.4,5.0,14.200000000000001,13.097704,1.1022960662841808
2023-11-10 08:00:00,14.200000000000001,16.2,28.5,4.800000000000001,5.0,13.700000000000001,14.266055,-0.5660551071166982
2023-11-10 09:00:00,13.700000000000001,16.7,32.1,4.7,4.0,14.8,13.279646,1.520354080200196
2023-11-10 10:00:00,14.8,17.400000000000002,33.300000000000004,5.0,8.0,14.0,13.670974,0.3290262222290039
2023-11-10 11:00:00,14.0,16.900000000000002,31.1,4.4,14.0,13.5,12.93895,0.5610504150390625
2023-11-10 12:00:00,13.5,16.3,28.8,3.8000000000000003,23.0,13.100000000000001,12.918811,0.1811891555786147
2023-11-10 13:00:00,13.100000000000001,15.200000000000001,27.8,3.5,29.0,12.0,12.850987,-0.850987434387207
2023-11-10 14:00:00,12.0,13.9,28.1,3.5,33.0,11.3,12.404049,-1.1040489196777337
2023-11-10 15:00:00,11.3,13.9,27.400000000000002,3.7,35.0,9.8,12.178318,-2.37831802368164
2023-11-10 16:00:00,9.8,13.200000000000001,26.6,3.3000000000000003,35.0,13.0,11.0328045,1.9671955108642578
2023-11-10 17:00:00,13.0,14.4,29.900000000000002,3.7,26.0,11.9,14.768553,-2.868552780151367
2023-11-10 18:00:00,11.9,15.8,38.800000000000004,4.4,21.0,14.8,15.183688,-0.3836881637573235
2023-11-10 19:00:00,14.8,18.0,40.800000000000004,3.9000000000000004,14.0,16.3,17.424017,-1.1240169525146477
2023-11-10 20:00:00,16.3,19.900000000000002,39.400000000000006,4.1000000000000005,14.0,17.5,19.010237,-1.5102367401123047
2023-11-10 21:00:00,17.5,20.700000000000003,39.300000000000004,3.7,8.0,19.0,18.480612,0.5193881988525391
2023-11-10 22:00:00,19.0,23.0,36.300000000000004,3.6,6.0,16.400000000000002,19.255417,-2.8554168701171854
2023-11-10 23:00:00,16.400000000000002,21.400000000000002,33.5,3.3000000000000003,7.0,16.8,16.665901,0.13409881591796946
2023-11-11 00:00:00,16.8,21.200000000000003,30.8,3.0,6.0,20.8,15.148306,5.651694107055665
2023-11-11 01:00:00,20.8,24.3,28.400000000000002,3.1,6.0,20.8,20.139095,0.6609046936035163
2023-11-11 02:00:00,20.8,25.3,29.6,3.0,5.0,21.700000000000003,19.64402,2.0559799194335966
2023-11-11 03:00:00,21.700000000000003,26.1,26.8,3.0,8.0,22.400000000000002,21.12631,1.27368965148926
2023-11-11 04:00:00,22.400000000000002,24.900000000000002,26.400000000000002,2.6,7.0,21.6,21.21215,0.38784942626953267
2023-11-11 05:00:00,21.6,26.6,23.6,2.3000000000000003,6.0,21.900000000000002,21.524708,0.375292205810549
2023-11-11 06:00:00,21.900000000000002,27.900000000000002,24.0,2.5,5.0,19.400000000000002,22.98936,-3.5893608093261697
2023-11-11 07:00:00,19.400000000000002,25.400000000000002,28.6,3.0,5.0,18.0,21.46246,-3.4624595642089844
2023-11-11 08:00:00,18.0,22.400000000000002,29.0,2.7,5.0,16.400000000000002,18.766254,-2.366254425048826
2023-11-11 09:00:00,16.400000000000002,22.400000000000002,29.6,2.6,8.0,15.8,16.192738,-0.3927375793457024
2023-11-11 10:00:00,15.8,22.6,27.200000000000003,2.7,9.0,17.7,15.149954,2.5500461578369134
2023-11-11 11:00:00,17.7,19.6,27.1,3.0,18.0,13.4,16.446682,-3.046681976318359
2023-11-11 12:00:00,13.4,16.5,25.5,3.3000000000000003,26.0,10.200000000000001,13.186322,-2.986322212219237
2023-11-11 13:00:00,10.200000000000001,13.4,22.6,2.7,33.0,10.700000000000001,10.048618,0.6513816833496104
2023-11-11 14:00:00,10.700000000000001,13.200000000000001,22.400000000000002,2.4000000000000004,37.0,11.700000000000001,10.668389,1.031610679626466
2023-11-11 15:00:00,11.700000000000001,14.200000000000001,21.200000000000003,2.6,43.0,12.5,12.074439,0.42556095123291016
2023-11-11 16:00:00,12.5,15.100000000000001,25.900000000000002,3.3000000000000003,44.0,13.100000000000001,13.883241,-0.783240699768065
2023-11-11 17:00:00,13.100000000000001,15.700000000000001,30.0,3.7,31.0,15.0,15.227238,-0.22723770141601562
2023-11-11 18:00:00,15.0,16.1,42.800000000000004,3.9000000000000004,12.0,16.3,17.564522,-1.2645217895507805
2023-11-11 19:00:00,16.3,18.3,55.900000000000006,3.8000000000000003,5.0,16.5,18.373863,-1.8738632202148438
2023-11-11 20:00:00,16.5,18.6,58.800000000000004,3.5,4.0,16.900000000000002,17.890007,-0.9900070190429666
2023-11-11 21:00:00,16.900000000000002,18.3,55.6,3.6,3.0,20.1,17.200993,2.899007415771486
2023-11-11 22:00:00,20.1,21.900000000000002,53.6,3.0,3.0,21.1,19.128416,1.9715839385986342
2023-11-11 23:00:00,21.1,24.700000000000003,51.900000000000006,3.0,3.0,21.400000000000002,21.24016,0.15984001159668182
2023-11-12 00:00:00,21.400000000000002,25.1,49.2,3.1,2.0,26.8,22.381098,4.418902206420899
2023-11-12 01:00:00,26.8,27.1,48.6,2.8000000000000003,3.0,25.5,24.833422,0.6665782928466797
2023-11-12 02:00:00,25.5,28.8,50.400000000000006,3.1,2.0,26.3,23.270954,3.0290458679199226
2023-11-12 03:00:00,26.3,27.900000000000002,44.800000000000004,2.8000000000000003,2.0,25.5,23.427647,2.0723533630371094
2023-11-12 04:00:00,25.5,27.200000000000003,39.1,2.8000000000000003,4.0,25.700000000000003,22.529396,3.1706039428710966
2023-11-12 05:00:00,25.700000000000003,28.3,32.7,2.5,4.0,23.0,24.556028,-1.5560283660888672
2023-11-12 06:00:00,23.0,26.8,30.200000000000003,2.7,8.0,21.8,23.36913,-1.5691291809082024
2023-11-12 07:00:00,21.8,27.8,35.1,2.7,9.0,21.200000000000003,23.095863,-1.8958633422851534
2023-11-12 08:00:00,21.200000000000003,26.200000000000003,34.5,3.0,8.0,24.900000000000002,22.186184,2.7138160705566428
2023-11-12 09:00:00,24.900000000000002,29.6,33.300000000000004,3.2,11.0,24.200000000000003,23.38885,0.8111507415771513
2023-11-12 10:00:00,24.200000000000003,28.8,28.8,3.2,11.0,23.900000000000002,22.735832,1.1641677856445334
2023-11-12 11:00:00,23.900000000000002,29.8,26.3,2.8000000000000003,15.0,25.6,23.007656,2.592343902587892
2023-11-12 12:00:00,25.6,29.200000000000003,25.400000000000002,2.5,23.0,23.700000000000003,23.863775,-0.1637752532958956
2023-11-12 13:00:00,23.700000000000003,29.1,23.8,2.6,29.0,22.8,23.042408,-0.24240798950195241
2023-11-12 14:00:00,22.8,27.8,23.0,2.8000000000000003,34.0,23.1,21.940931,1.1590686798095717
2023-11-12 15:00:00,23.1,25.200000000000003,22.8,3.1,31.0,24.5,22.50308,1.9969196319580078
2023-11-12 16:00:00,24.5,27.5,29.700000000000003,3.3000000000000003,29.0,22.8,26.075245,-3.2752449035644524
2023-11-12 17:00:00,22.8,27.0,38.0,3.8000000000000003,19.0,23.3,25.69309,-2.3930904388427727
2023-11-12 18:00:00,23.3,27.1,45.2,3.8000000000000003,6.0,25.1,25.088675,0.011325454711915484
2023-11-12 19:00:00,25.1,28.1,44.900000000000006,3.9000000000000004,2.0,23.200000000000003,27.06823,-3.868229675292966
2023-11-12 20:00:00,23.200000000000003,32.0,45.0,4.6000000000000005,1.0,23.400000000000002,26.48776,-3.08776054382324
2023-11-12 21:00:00,23.400000000000002,31.400000000000002,47.1,4.800000000000001,1.0,22.700000000000003,26.63201,-3.932009506225583
2023-11-12 22:00:00,22.700000000000003,28.8,43.2,4.6000000000000005,0.0,23.200000000000003,22.578081,0.6219188690185575
2023-11-12 23:00:00,23.200000000000003,29.200000000000003,37.5,4.1000000000000005,1.0,20.6,22.337187,-1.7371868133544908
2023-11-13 00:00:00,20.6,27.0,36.300000000000004,3.4000000000000004,2.0,21.200000000000003,20.079885,1.120114517211917
2023-11-13 01:00:00,21.200000000000003,29.6,34.4,3.6,2.0,21.0,20.864254,0.13574600219726562
2023-11-13 02:00:00,21.0,29.1,29.6,3.7,3.0,21.6,20.733368,0.8666320800781264
2023-11-13 03:00:00,21.6,29.3,24.900000000000002,3.0,4.0,22.200000000000003,20.576586,1.6234142303466825
2023-11-13 04:00:00,22.200000000000003,29.6,26.0,3.1,4.0,22.200000000000003,21.55875,0.6412498474121122
2023-11-13 05:00:00,22.200000000000003,29.700000000000003,25.700000000000003,2.8000000000000003,3.0,22.400000000000002,22.713728,-0.31372795104980256
2023-11-13 06:00:00,22.400000000000002,29.400000000000002,25.8,3.0,0.0,20.3,24.089012,-3.789012145996093
2023-11-13 07:00:00,20.3,27.5,31.5,3.4000000000000004,1.0,18.900000000000002,23.06107,-4.1610694885253885
2023-11-13 08:00:00,18.900000000000002,26.900000000000002,26.6,3.5,2.0,18.900000000000002,19.969887,-1.0698867797851541
2023-11-13 09:00:00,18.900000000000002,26.8,30.8,3.6,3.0,19.3,18.63659,0.663410949707032
2023-11-13 10:00:00,19.3,29.5,34.6,3.9000000000000004,8.0,20.0,18.828548,1.1714515686035156
2023-11-13 11:00:00,20.0,27.6,37.7,4.4,12.0,19.400000000000002,18.318283,1.0817169189453146
2023-11-13 12:00:00,19.400000000000002,28.3,36.5,4.3,22.0,18.400000000000002,17.999678,0.40032234191894744
2023-11-13 13:00:00,18.400000000000002,27.0,38.300000000000004,4.5,24.0,20.700000000000003,17.952883,2.74711723327637
2023-11-13 14:00:00,20.700000000000003,28.5,40.400000000000006,4.800000000000001,29.0,21.0,20.225723,0.7742767333984375
2023-11-13 15:00:00,21.0,27.700000000000003,42.0,4.7,28.0,21.3,22.19916,-0.8991596221923821
2023-11-13 16:00:00,21.3,30.0,51.300000000000004,4.6000000000000005,20.0,19.5,24.752155,-5.252155303955078
2023-11-13 17:00:00,19.5,30.6,60.400000000000006,4.5,8.0,21.700000000000003,25.027672,-3.327671813964841
2023-11-13 18:00:00,21.700000000000003,31.0,60.5,4.0,3.0,22.900000000000002,26.324938,-3.424937820434568
2023-11-13 19:00:00,22.900000000000002,34.4,63.6,3.9000000000000004,1.0,25.0,26.811546,-1.8115463256835938
2023-11-13 20:00:00,25.0,36.6,62.300000000000004,4.4,1.0,26.1,28.342083,-2.2420829772949205
2023-11-13 21:00:00,26.1,37.800000000000004,56.300000000000004,4.1000000000000005,1.0,26.200000000000003,28.172266,-1.9722660064697237
2023-11-13 22:00:00,26.200000000000003,39.1,51.400000000000006,3.8000000000000003,1.0,28.400000000000002,26.800507,1.5994934082031271
2023-11-13 23:00:00,28.400000000000002,38.800000000000004,47.900000000000006,3.4000000000000004,2.0,26.5,28.510319,-2.0103187561035156
2023-11-14 00:00:00,26.5,38.0,46.400000000000006,3.3000000000000003,2.0,31.700000000000003,26.00717,5.692830276489261
2023-11-14 01:00:00,31.700000000000003,43.1,47.2,3.0,2.0,34.5,31.254698,3.245302200317383
2023-11-14 02:00:00,34.5,48.7,46.7,3.6,1.0,40.5,34.211662,6.288337707519531
2023-11-14 03:00:00,40.5,49.300000000000004,43.800000000000004,3.8000000000000003,1.0,40.2,38.87832,1.321681213378909
2023-11-14 04:00:00,40.2,47.800000000000004,39.5,4.2,1.0,39.7,38.954243,0.7457572937011747
2023-11-14 05:00:00,39.7,45.900000000000006,36.2,3.6,2.0,38.2,38.01002,0.18997879028320597
2023-11-14 06:00:00,38.2,43.7,37.6,3.1,0.0,38.2,39.086304,-0.8863037109374972
2023-11-14 07:00:00,38.2,42.400000000000006,36.300000000000004,2.9000000000000004,0.0,40.0,38.525196,1.4748039245605469
2023-11-14 08:00:00,40.0,46.7,43.300000000000004,3.6,1.0,41.300000000000004,40.10051,1.1994903564453168
2023-11-14 09:00:00,41.300000000000004,48.300000000000004,41.1,4.0,3.0,37.9,40.482323,-2.582322692871095
2023-11-14 10:00:00,37.9,45.7,42.0,3.9000000000000004,5.0,33.5,35.322502,-1.8225021362304688
2023-11-14 11:00:00,33.5,43.2,39.400000000000006,4.1000000000000005,4.0,30.3,31.326572,-1.02657241821289
2023-11-14 12:00:00,30.3,38.400000000000006,34.2,3.9000000000000004,6.0,31.0,27.978317,3.0216827392578125
2023-11-14 13:00:00,31.0,38.0,34.2,3.0,11.0,31.200000000000003,29.14871,2.0512897491455107
2023-11-14 14:00:00,31.200000000000003,39.400000000000006,36.300000000000004,3.0,9.0,31.700000000000003,29.498165,2.2018348693847685
2023-11-14 15:00:00,31.700000000000003,41.7,40.400000000000006,3.1,13.0,31.3,32.316296,-1.0162956237792962
2023-11-14 16:00:00,31.3,38.0,45.6,3.1,7.0,34.9,32.35832,2.5416816711425767
2023-11-14 17:00:00,34.9,48.5,49.800000000000004,2.8000000000000003,1.0,42.0,38.189636,3.81036376953125
2023-11-14 18:00:00,42.0,54.2,52.0,3.3000000000000003,0.0,45.6,45.787403,-0.1874031066894517
2023-11-14 19:00:00,45.6,55.5,54.1,3.7,0.0,46.400000000000006,49.39892,-2.998918151855463
2023-11-14 20:00:00,46.400000000000006,55.5,56.1,3.5,0.0,47.0,49.202995,-2.2029953002929688
2023-11-14 21:00:00,47.0,57.300000000000004,51.7,3.4000000000000004,0.0,46.1,49.768238,-3.6682380676269517
2023-11-14 22:00:00,46.1,57.6,48.300000000000004,3.3000000000000003,0.0,46.5,47.613316,-1.1133155822753906
2023-11-14 23:00:00,46.5,60.7,45.1,3.5,0.0,48.300000000000004,47.43209,0.8679092407226605
2023-11-15 00:00:00,48.300000000000004,60.1,41.1,3.5,0.0,39.1,49.829266,-10.72926559448242
2023-11-15 01:00:00,39.1,56.5,45.1,3.1,0.0,29.6,39.517082,-9.917082214355467
2023-11-15 02:00:00,29.6,38.5,43.2,3.3000000000000003,1.0,22.700000000000003,28.514954,-5.814953613281247
2023-11-15 03:00:00,22.700000000000003,31.200000000000003,39.0,2.8000000000000003,1.0,23.200000000000003,22.316988,0.883012008666995
2023-11-15 04:00:00,23.200000000000003,31.6,37.4,2.8000000000000003,3.0,23.3,22.674461,0.625538635253907
2023-11-15 05:00:00,23.3,32.800000000000004,32.300000000000004,3.0,6.0,17.400000000000002,23.969017,-6.569017028808592
2023-11-15 06:00:00,17.400000000000002,27.6,27.700000000000003,2.8000000000000003,5.0,16.900000000000002,19.865807,-2.9658065795898416
2023-11-15 07:00:00,16.900000000000002,24.200000000000003,25.3,3.0,10.0,16.8,18.93245,-2.132449340820312
2023-11-15 08:00:00,16.8,25.6,26.1,3.3000000000000003,8.0,17.3,18.066748,-0.7667476654052727
2023-11-15 09:00:00,17.3,23.5,27.400000000000002,3.3000000000000003,7.0,16.2,17.59044,-1.390440750122071
2023-11-15 10:00:00,16.2,24.0,28.5,3.1,11.0,11.8,15.6150055,-3.815005493164062
2023-11-15 11:00:00,11.8,20.1,24.3,2.8000000000000003,16.0,14.100000000000001,11.6972685,2.402731513977052
2023-11-15 12:00:00,14.100000000000001,17.7,19.8,2.3000000000000003,19.0,13.4,13.069722,0.3302778244018558
2023-11-15 13:00:00,13.4,19.1,18.900000000000002,2.2,27.0,10.0,13.087408,-3.0874080657958984
2023-11-15 14:00:00,10.0,14.0,21.700000000000003,1.9000000000000001,30.0,8.9,10.031305,-1.1313053131103512
2023-11-15 15:00:00,8.9,13.100000000000001,24.900000000000002,2.0,39.0,11.9,9.47731,2.422689819335938
2023-11-15 16:00:00,11.9,15.200000000000001,31.0,2.3000000000000003,26.0,14.4,13.1133585,1.2866415023803714
2023-11-15 17:00:00,14.4,17.3,42.2,2.9000000000000004,15.0,17.6,16.870878,0.7291217803955092
2023-11-15 18:00:00,17.6,22.5,53.6,3.7,3.0,20.0,19.74485,0.25514984130859375
2023-11-15 19:00:00,20.0,27.700000000000003,56.0,4.1000000000000005,1.0,18.1,23.010174,-4.9101737976074205
2023-11-15 20:00:00,18.1,23.0,59.7,4.0,4.0,15.4,20.427343,-5.027343368530273
2023-11-15 21:00:00,15.4,18.400000000000002,51.1,3.1,9.0,12.700000000000001,16.222298,-3.52229766845703
2023-11-15 22:00:00,12.700000000000001,16.7,45.400000000000006,2.8000000000000003,15.0,11.9,13.803815,-1.903814888000488
2023-11-15 23:00:00,11.9,17.1,43.900000000000006,2.4000000000000004,19.0,13.600000000000001,12.845759,0.7542406082153335
2023-11-16 00:00:00,13.600000000000001,17.900000000000002,36.2,2.2,20.0,14.8,13.386082,1.41391830444336
2023-11-16 01:00:00,14.8,19.900000000000002,32.2,2.1,15.0,14.9,13.744911,1.155088806152344
2023-11-16 02:00:00,14.9,19.1,32.7,2.6,13.0,19.0,13.673048,5.32695198059082
2023-11-16 03:00:00,19.0,22.400000000000002,34.1,2.7,8.0,20.400000000000002,18.314257,2.085743331909182
2023-11-16 04:00:00,20.400000000000002,24.1,38.800000000000004,3.1,2.0,24.6,19.591156,5.008843994140626
2023-11-16 05:00:00,24.6,25.5,40.900000000000006,3.5,1.0,27.0,23.897648,3.1023521423339844
2023-11-16 06:00:00,27.0,27.700000000000003,41.900000000000006,3.8000000000000003,1.0,28.1,27.671238,0.4287620544433608
2023-11-16 07:00:00,28.1,28.900000000000002,43.6,4.2,0.0,28.8,30.088285,-1.2882854461669915
2023-11-16 08:00:00,28.8,30.0,49.800000000000004,4.800000000000001,0.0,29.1,29.921736,-0.8217357635498033
2023-11-16 09:00:00,29.1,30.8,50.7,4.5,1.0,29.900000000000002,29.111864,0.7881359100341818
2023-11-16 10:00:00,29.900000000000002,33.9,49.1,4.6000000000000005,5.0,28.0,27.62607,0.3739299774169922
2023-11-16 11:00:00,28.0,35.5,51.400000000000006,4.800000000000001,9.0,24.3,25.285671,-0.9856712341308587
2023-11-16 12:00:00,24.3,29.200000000000003,47.0,4.7,17.0,22.5,22.186508,0.3134918212890625
2023-11-16 13:00:00,22.5,27.5,42.900000000000006,4.2,19.0,21.400000000000002,20.731419,0.6685813903808615
2023-11-16 14:00:00,21.400000000000002,26.0,38.900000000000006,3.8000000000000003,22.0,20.6,21.23111,-0.6311096191406236
2023-11-16 15:00:00,20.6,26.400000000000002,37.300000000000004,3.5,21.0,19.200000000000003,21.392006,-2.1920059204101534
2023-11-16 16:00:00,19.200000000000003,26.8,43.6,3.2,17.0,19.200000000000003,22.171871,-2.9718711853027315
2023-11-16 17:00:00,19.200000000000003,26.700000000000003,49.900000000000006,3.2,4.0,21.5,22.68873,-1.188730239868164
2023-11-16 18:00:00,21.5,29.0,55.0,3.6,0.0,24.5,25.440948,-0.940948486328125
2023-11-16 19:00:00,24.5,34.7,60.300000000000004,3.7,0.0,27.200000000000003,27.892359,-0.6923587799072237
2023-11-16 20:00:00,27.200000000000003,39.300000000000004,58.300000000000004,3.5,0.0,29.1,30.2001,-1.100099945068358
2023-11-16 21:00:00,29.1,41.6,54.800000000000004,3.5,0.0,29.400000000000002,31.52054,-2.1205402374267557
2023-11-16 22:00:00,29.400000000000002,42.400000000000006,52.0,3.9000000000000004,0.0,29.900000000000002,30.94466,-1.044660186767576
2023-11-16 23:00:00,29.900000000000002,39.300000000000004,52.6,4.1000000000000005,0.0,30.0,31.268356,-1.2683563232421875
2023-11-17 00:00:00,30.0,41.0,50.0,4.1000000000000005,0.0,25.1,29.232624,-4.132624053955077
2023-11-17 01:00:00,25.1,38.1,48.7,3.5,0.0,25.3,23.838282,1.4617183685302741
2023-11-17 02:00:00,25.3,35.4,44.5,3.1,0.0,18.900000000000002,21.696308,-2.796308135986326
2023-11-17 03:00:00,18.900000000000002,34.5,40.2,3.0,1.0,17.8,19.80519,-2.005189132690429
2023-11-17 04:00:00,17.8,26.200000000000003,37.9,3.0,0.0,16.0,17.669657,-1.669656753540039
2023-11-17 05:00:00,16.0,23.0,30.8,2.8000000000000003,3.0,18.6,16.460447,2.1395526885986342
2023-11-17 06:00:00,18.6,21.3,27.400000000000002,2.3000000000000003,9.0,16.8,19.135092,-2.3350917816162102
2023-11-17 07:00:00,16.8,23.3,32.800000000000004,2.4000000000000004,6.0,16.0,19.571089,-3.5710887908935547
2023-11-17 08:00:00,16.0,24.1,37.5,2.6,3.0,15.3,17.502127,-2.2021266937255852
2023-11-17 09:00:00,15.3,25.5,36.5,3.1,6.0,13.5,15.2611885,-1.7611885070800781
2023-11-17 10:00:00,13.5,22.3,37.7,2.8000000000000003,18.0,10.5,13.391927,-2.8919267654418945
2023-11-17 11:00:00,10.5,12.9,29.400000000000002,2.2,33.0,7.0,9.857902,-2.8579015731811523
2023-11-17 12:00:00,7.0,9.8,20.200000000000003,1.4000000000000001,54.0,4.800000000000001,6.7245655,-1.9245655059814446
2023-11-17 13:00:00,4.800000000000001,7.4,14.8,1.5,66.0,5.9,5.0301285,0.8698715209960941
2023-11-17 14:00:00,5.9,9.0,12.700000000000001,1.5,67.0,7.2,6.3166814,0.883318614959717
2023-11-17 15:00:00,7.2,9.5,14.3,1.8,66.0,6.800000000000001,7.242478,-0.442477893829345
2023-11-17 16:00:00,6.800000000000001,9.9,14.700000000000001,1.6,68.0,7.6000000000000005,7.322778,0.2772217750549322
2023-11-17 17:00:00,7.6000000000000005,11.200000000000001,20.5,1.8,57.0,8.6,8.641052,-0.041052246093750355
2023-11-17 18:00:00,8.6,11.3,27.1,1.9000000000000001,53.0,9.1,9.936891,-0.8368906021118168
2023-11-17 19:00:00,9.1,10.3,28.700000000000003,2.1,51.0,8.8,10.393042,-1.5930416107177727
2023-11-17 20:00:00,8.8,10.9,28.5,2.3000000000000003,51.0,9.4,10.420106,-1.020105934143066
2023-11-17 21:00:00,9.4,9.600000000000001,25.8,2.0,53.0,9.0,10.181736,-1.1817359924316406
2023-11-17 22:00:00,9.0,9.200000000000001,22.6,1.9000000000000001,56.0,8.5,8.925431,-0.4254312515258789
2023-11-17 23:00:00,8.5,10.3,23.200000000000003,1.7000000000000002,57.0,7.1000000000000005,7.7580466,-0.6580466270446772
2023-11-18 00:00:00,7.1000000000000005,8.200000000000001,19.900000000000002,1.6,55.0,7.2,6.0132656,1.1867343902587892
2023-11-18 01:00:00,7.2,8.0,16.6,1.8,57.0,7.2,6.0827713,1.117228698730469
2023-11-18 02:00:00,7.2,9.3,15.100000000000001,1.6,61.0,7.300000000000001,6.455292,0.8447077751159675
2023-11-18 03:00:00,7.300000000000001,9.3,14.0,1.6,61.0,7.800000000000001,6.9074693,0.8925307273864753
2023-11-18 04:00:00,7.800000000000001,10.0,14.600000000000001,1.6,52.0,8.1,7.4910555,0.6089445114135739
2023-11-18 05:00:00,8.1,10.0,20.0,1.5,45.0,8.700000000000001,8.228,0.47200031280517685
2023-11-18 06:00:00,8.700000000000001,10.0,23.5,1.9000000000000001,36.0,8.9,9.506167,-0.6061674118041989
2023-11-18 07:00:00,8.9,11.9,30.0,1.8,24.0,10.200000000000001,10.233584,-0.03358440399169815
2023-11-18 08:00:00,10.200000000000001,13.8,39.800000000000004,2.2,13.0,12.3,10.444001,1.8559988021850593
2023-11-18 09:00:00,12.3,15.4,44.400000000000006,2.6,7.0,11.9,11.997687,-0.09768733978271449
2023-11-18 10:00:00,11.9,16.0,43.5,3.0,11.0,14.200000000000001,11.439826,2.7601739883422862
2023-11-18 11:00:00,14.200000000000001,18.3,42.400000000000006,3.3000000000000003,20.0,12.600000000000001,13.5461855,-0.9461854934692369
2023-11-18 12:00:00,12.600000000000001,15.600000000000001,39.400000000000006,3.3000000000000003,31.0,10.600000000000001,12.015851,-1.4158510208129869
2023-11-18 13:00:00,10.600000000000001,14.700000000000001,32.2,3.0,39.0,11.5,10.933942,0.5660581588745117
2023-11-18 14:00:00,11.5,13.8,27.1,2.7,45.0,10.5,11.624429,-1.1244287490844727
2023-11-18 15:00:00,10.5,13.0,22.1,2.4000000000000004,60.0,10.5,11.015372,-0.5153722763061523
2023-11-18 16:00:00,10.5,13.9,27.400000000000002,2.9000000000000004,55.0,10.8,12.178235,-1.3782350540161126
2023-11-18 17:00:00,10.8,15.4,39.0,3.0,39.0,11.4,13.435714,-2.0357137680053707
2023-11-18 18:00:00,11.4,19.3,53.7,3.7,12.0,14.5,15.245787,-0.7457866668701172
2023-11-18 19:00:00,14.5,23.3,59.0,4.0,6.0,16.900000000000002,18.139044,-1.2390438079833963
2023-11-18 20:00:00,16.900000000000002,24.900000000000002,62.1,4.1000000000000005,3.0,17.900000000000002,20.085487,-2.185487365722654
2023-11-18 21:00:00,17.900000000000002,25.700000000000003,64.5,4.2,2.0,18.5,20.319773,-1.819772720336914
2023-11-18 22:00:00,18.5,23.200000000000003,62.0,4.6000000000000005,2.0,18.7,19.856077,-1.156077194213868
2023-11-18 23:00:00,18.7,26.900000000000002,60.1,4.800000000000001,1.0,18.400000000000002,18.879423,-0.47942314147949006
2023-11-19 00:00:00,18.400000000000002,27.400000000000002,59.400000000000006,4.0,0.0,26.0,17.984467,8.015533447265625
2023-11-19 01:00:00,26.0,31.700000000000003,53.7,3.8000000000000003,1.0,25.5,24.44947,1.0505294799804688
2023-11-19 02:00:00,25.5,31.1,53.800000000000004,3.9000000000000004,0.0,26.3,22.56923,3.730770874023438
2023-11-19 03:00:00,26.3,36.6,50.900000000000006,3.9000000000000004,0.0,25.8,23.827349,1.9726512908935554
2023-11-19 04:00:00,25.8,33.0,48.0,4.1000000000000005,1.0,24.700000000000003,24.051691,0.6483089447021513
2023-11-19 05:00:00,24.700000000000003,31.400000000000002,44.6,3.6,3.0,25.5,24.338,1.1620006561279297
2023-11-19 06:00:00,25.5,31.5,43.300000000000004,3.3000000000000003,1.0,27.0,26.7762,0.2238006591796875
2023-11-19 07:00:00,27.0,32.9,42.1,3.6,2.0,28.700000000000003,28.700022,-2.174377441122033e-05
2023-11-19 08:00:00,28.700000000000003,33.0,40.7,4.5,2.0,29.200000000000003,30.615818,-1.4158180236816378
2023-11-19 09:00:00,29.200000000000003,33.4,41.6,4.1000000000000005,4.0,26.200000000000003,28.064869,-1.8648689270019503
2023-11-19 10:00:00,26.200000000000003,32.6,40.400000000000006,4.9,9.0,27.200000000000003,24.003056,3.196944427490237
2023-11-19 11:00:00,27.200000000000003,32.800000000000004,35.300000000000004,6.2,16.0,24.8,25.139439,-0.3394386291503899
2023-11-19 12:00:00,24.8,30.400000000000002,38.2,6.4,27.0,24.900000000000002,22.74287,2.1571296691894553
2023-11-19 13:00:00,24.900000000000002,29.1,36.800000000000004,6.7,32.0,21.6,23.241207,-1.641207122802733
2023-11-19 14:00:00,21.6,25.6,32.9,6.0,37.0,17.400000000000002,21.174356,-3.774356460571287
2023-11-19 15:00:00,17.400000000000002,22.400000000000002,30.3,5.6000000000000005,41.0,16.7,18.619122,-1.9191215515136726
2023-11-19 16:00:00,16.7,22.5,34.5,5.800000000000001,40.0,19.6,20.630758,-1.0307582855224595
2023-11-19 17:00:00,19.6,25.0,42.1,4.2,30.0,23.0,23.142694,-0.14269447326660156
2023-11-19 18:00:00,23.0,26.8,49.2,4.6000000000000005,11.0,24.5,27.05311,-2.553110122680664
2023-11-19 19:00:00,24.5,30.200000000000003,57.900000000000006,4.800000000000001,3.0,25.200000000000003,29.33846,-4.138460922241208
2023-11-19 20:00:00,25.200000000000003,31.0,56.400000000000006,4.800000000000001,2.0,25.8,29.011366,-3.211365890502929
2023-11-19 21:00:00,25.8,31.3,54.7,4.5,1.0,25.0,27.251595,-2.2515945434570312
2023-11-19 22:00:00,25.0,30.8,52.2,4.0,0.0,26.900000000000002,26.221489,0.6785110473632834
2023-11-19 23:00:00,26.900000000000002,32.1,48.2,3.5,0.0,27.3,27.785528,-0.4855281829833977
2023-11-20 00:00:00,27.3,33.1,44.0,3.4000000000000004,1.0,33.9,26.487684,7.412315750122069
2023-11-20 01:00:00,33.9,42.2,43.2,3.7,1.0,37.800000000000004,32.84577,4.954228210449223
2023-11-20 02:00:00,37.800000000000004,42.7,40.800000000000004,3.9000000000000004,1.0,40.1,36.4723,3.6276985168457045
2023-11-20 03:00:00,40.1,43.800000000000004,39.2,4.2,1.0,40.0,38.922134,1.0778656005859375
2023-11-20 04:00:00,40.0,44.7,35.7,4.3,1.0,39.800000000000004,38.86078,0.9392211914062543
2023-11-20 05:00:00,39.800000000000004,44.2,34.9,4.1000000000000005,1.0,40.6,38.53412,2.0658813476562514
2023-11-20 06:00:00,40.6,45.900000000000006,34.6,4.5,1.0,41.5,42.035908,-0.5359077453613281
2023-11-20 07:00:00,41.5,48.0,38.800000000000004,4.4,0.0,49.2,43.439423,5.760577392578128
2023-11-20 08:00:00,49.2,51.0,43.400000000000006,5.5,0.0,51.2,48.7543,2.4457008361816435
2023-11-20 09:00:00,51.2,53.300000000000004,54.1,5.1000000000000005,2.0,47.400000000000006,47.98477,-0.5847717285156193
2023-11-20 10:00:00,47.400000000000006,52.400000000000006,58.800000000000004,4.7,4.0,43.6,45.005844,-1.405844116210936
2023-11-20 11:00:00,43.6,49.5,52.800000000000004,4.7,4.0,42.300000000000004,41.856598,0.44340209960937926
2023-11-20 12:00:00,42.300000000000004,49.2,47.5,4.800000000000001,9.0,38.300000000000004,39.064796,-0.764796447753902
2023-11-20 13:00:00,38.300000000000004,46.0,40.6,4.5,15.0,36.9,36.060295,0.8397048950195298
2023-11-20 14:00:00,36.9,45.5,43.800000000000004,4.7,16.0,40.2,35.24469,4.955310058593753
2023-11-20 15:00:00,40.2,49.2,47.300000000000004,4.3,16.0,40.1,39.500206,0.5997940063476577
2023-11-20 16:00:00,40.1,48.7,53.400000000000006,3.6,12.0,33.0,42.209644,-9.209644317626953
2023-11-20 17:00:00,33.0,49.2,62.7,3.5,2.0,40.5,37.42786,3.0721397399902344
2023-11-20 18:00:00,40.5,53.7,63.0,4.1000000000000005,0.0,44.5,43.70733,0.7926712036132812
2023-11-20 19:00:00,44.5,54.5,57.300000000000004,4.0,0.0,47.1,48.130955,-1.0309547424316392
2023-11-20 20:00:00,47.1,58.2,54.400000000000006,3.6,0.0,49.800000000000004,49.966396,-0.1663963317871051
2023-11-20 21:00:00,49.800000000000004,55.400000000000006,50.0,3.2,1.0,43.7,51.899086,-8.199085998535153
2023-11-20 22:00:00,43.7,54.300000000000004,47.0,3.2,1.0,45.400000000000006,45.26548,0.13451995849609943
2023-11-20 23:00:00,45.400000000000006,53.2,46.7,3.0,0.0,43.800000000000004,44.143982,-0.34398193359374574
2023-11-21 00:00:00,43.800000000000004,52.0,44.5,3.0,1.0,43.1,43.20338,-0.10338058471679545
2023-11-21 01:00:00,43.1,54.900000000000006,41.2,2.8000000000000003,3.0,42.2,41.73416,0.46583862304687784
2023-11-21 02:00:00,42.2,53.300000000000004,37.6,2.6,8.0,42.1,41.56545,0.5345512390136733
2023-11-21 03:00:00,42.1,51.7,35.7,2.9000000000000004,10.0,40.900000000000006,41.746944,-0.8469444274902287
2023-11-21 04:00:00,40.900000000000006,50.300000000000004,32.4,3.0,14.0,42.1,40.380478,1.719522094726564
2023-11-21 05:00:00,42.1,51.900000000000006,29.200000000000003,3.3000000000000003,15.0,40.300000000000004,42.063847,-1.7638465881347614
2023-11-21 06:00:00,40.300000000000004,51.900000000000006,34.2,3.3000000000000003,13.0,40.900000000000006,41.624817,-0.7248168945312443
2023-11-21 07:00:00,40.900000000000006,53.5,38.400000000000006,3.9000000000000004,9.0,40.800000000000004,42.948914,-2.1489135742187457
2023-11-21 08:00:00,40.800000000000004,54.800000000000004,46.5,3.9000000000000004,1.0,40.5,41.332108,-0.8321075439453125
2023-11-21 09:00:00,40.5,57.300000000000004,52.0,3.2,3.0,41.6,41.641064,-0.041063690185545454
2023-11-21 10:00:00,41.6,53.900000000000006,43.800000000000004,4.0,7.0,41.2,38.679985,2.520014953613284
2023-11-21 11:00:00,41.2,49.6,39.2,4.4,13.0,38.7,38.113068,0.5869323730468778
2023-11-21 12:00:00,38.7,48.800000000000004,34.800000000000004,3.7,23.0,34.2,36.57669,-2.376690673828122
2023-11-21 13:00:00,34.2,45.0,32.2,4.3,30.0,31.200000000000003,32.582466,-1.3824661254882784
2023-11-21 14:00:00,31.200000000000003,44.0,33.300000000000004,4.1000000000000005,33.0,31.200000000000003,30.542461,0.657538604736331
2023-11-21 15:00:00,31.200000000000003,43.2,38.0,3.9000000000000004,37.0,31.700000000000003,32.11577,-0.41576843261718466
2023-11-21 16:00:00,31.700000000000003,43.400000000000006,46.400000000000006,3.8000000000000003,30.0,35.800000000000004,34.25601,1.5439918518066449
2023-11-21 17:00:00,35.800000000000004,48.800000000000004,53.800000000000004,4.2,14.0,38.800000000000004,40.60429,-1.8042900085449176
2023-11-21 18:00:00,38.800000000000004,46.400000000000006,65.5,4.6000000000000005,4.0,38.5,43.167522,-4.667522430419922
2023-11-21 19:00:00,38.5,50.6,72.3,4.6000000000000005,1.0,39.2,44.069954,-4.869953918457028
2023-11-21 20:00:00,39.2,48.900000000000006,66.10000000000001,4.7,1.0,38.7,42.201946,-3.501946258544919
2023-11-21 21:00:00,38.7,45.800000000000004,63.400000000000006,4.4,2.0,37.0,40.357113,-3.3571128845214844
2023-11-21 22:00:00,37.0,47.6,61.0,3.8000000000000003,1.0,38.300000000000004,39.180344,-0.8803436279296832
2023-11-21 23:00:00,38.300000000000004,47.6,57.300000000000004,3.7,1.0,39.5,38.74966,0.7503395080566406
2023-11-22 00:00:00,39.5,47.5,52.800000000000004,4.0,1.0,35.0,36.6987,-1.698699951171875
2023-11-22 01:00:00,35.0,43.300000000000004,45.1,3.4000000000000004,3.0,29.8,33.683197,-3.8831970214843743
2023-11-22 02:00:00,29.8,32.4,45.1,3.3000000000000003,2.0,22.8,27.257622,-4.457621765136718
2023-11-22 03:00:00,22.8,28.1,36.1,2.6,5.0,21.700000000000003,21.198753,0.5012466430664091
2023-11-22 04:00:00,21.700000000000003,28.700000000000003,32.800000000000004,2.5,10.0,21.3,20.639994,0.6600063323974616
2023-11-22 05:00:00,21.3,28.700000000000003,28.6,2.6,8.0,20.400000000000002,22.162704,-1.7627044677734354
2023-11-22 06:00:00,20.400000000000002,28.700000000000003,31.200000000000003,2.5,3.0,23.3,21.99602,1.3039806365966804
2023-11-22 07:00:00,23.3,30.8,42.6,3.1,2.0,24.5,25.623137,-1.1231365203857422
2023-11-22 08:00:00,24.5,33.6,39.2,3.9000000000000004,1.0,25.8,26.267159,-0.46715850830078054
2023-11-22 09:00:00,25.8,35.300000000000004,39.0,4.5,2.0,27.6,25.567177,2.032823181152345
2023-11-22 10:00:00,27.6,34.9,45.900000000000006,4.6000000000000005,7.0,19.3,26.690872,-7.390872192382812
2023-11-22 11:00:00,19.3,32.1,39.900000000000006,4.4,13.0,16.400000000000002,18.356665,-1.9566646575927713
2023-11-22 12:00:00,16.400000000000002,25.700000000000003,38.400000000000006,3.5,29.0,19.200000000000003,15.767361,3.4326393127441435
2023-11-22 13:00:00,19.200000000000003,27.1,38.400000000000006,3.2,33.0,16.1,18.70336,-2.6033596038818345
2023-11-22 14:00:00,16.1,19.8,32.6,3.0,42.0,13.3,16.192915,-2.892914962768554
2023-11-22 15:00:00,13.3,18.0,29.3,3.1,44.0,14.9,14.36399,0.5360101699829105
2023-11-22 16:00:00,14.9,21.1,34.1,3.4000000000000004,39.0,15.5,16.815516,-1.3155155181884766
2023-11-22 17:00:00,15.5,25.200000000000003,47.7,3.3000000000000003,25.0,20.200000000000003,19.31055,0.8894493103027372
2023-11-22 18:00:00,20.200000000000003,27.8,61.2,3.6,10.0,23.5,24.933207,-1.433206558227539
2023-11-22 19:00:00,23.5,34.5,73.7,3.8000000000000003,1.0,23.900000000000002,29.5713,-5.671300506591795
2023-11-22 20:00:00,23.900000000000002,35.4,71.3,4.2,0.0,25.700000000000003,27.63749,-1.9374893188476534
2023-11-22 21:00:00,25.700000000000003,37.300000000000004,67.8,4.800000000000001,1.0,25.900000000000002,28.584951,-2.684951400756834
2023-11-22 22:00:00,25.900000000000002,41.5,63.300000000000004,4.9,0.0,23.700000000000003,27.690214,-3.9902141571044893
2023-11-22 23:00:00,23.700000000000003,41.5,58.300000000000004,3.4000000000000004,1.0,27.200000000000003,25.719114,1.4808856964111357
2023-11-23 00:00:00,27.200000000000003,40.2,54.900000000000006,3.4000000000000004,1.0,32.0,28.423447,3.5765533447265625
2023-11-23 01:00:00,32.0,37.9,52.0,3.6,1.0,28.5,30.0967,-1.596700668334961
2023-11-23 02:00:00,28.5,38.400000000000006,46.6,3.2,1.0,30.6,27.414656,3.1853443145751967
2023-11-23 03:00:00,30.6,38.400000000000006,42.1,2.7,1.0,26.400000000000002,29.41801,-3.0180107116699197
2023-11-23 04:00:00,26.400000000000002,35.4,39.2,2.6,2.0,28.5,25.482382,3.017618179321289
2023-11-23 05:00:00,28.5,34.4,36.300000000000004,2.8000000000000003,1.0,33.0,28.713484,4.286516189575195
2023-11-23 06:00:00,33.0,35.300000000000004,35.1,3.1,1.0,31.8,32.824993,-1.0249931335449212
2023-11-23 07:00:00,31.8,38.2,35.1,3.3000000000000003,0.0,35.2,34.123096,1.0769035339355497
2023-11-23 08:00:00,35.2,37.5,39.900000000000006,3.8000000000000003,1.0,37.300000000000004,35.11574,2.184258270263676
2023-11-23 09:00:00,37.300000000000004,41.7,47.300000000000004,4.9,2.0,37.800000000000004,37.63833,0.1616714477539105
2023-11-23 10:00:00,37.800000000000004,39.1,48.1,4.6000000000000005,5.0,31.400000000000002,34.932278,-3.5322776794433572
2023-11-23 11:00:00,31.400000000000002,35.6,46.0,4.3,11.0,25.8,27.3951,-1.5950996398925774
2023-11-23 12:00:00,25.8,34.0,44.6,4.1000000000000005,19.0,24.0,23.27691,0.7230892181396484
2023-11-23 13:00:00,24.0,31.3,42.1,3.9000000000000004,24.0,24.8,23.017876,1.782124328613282
2023-11-23 14:00:00,24.8,32.0,41.1,3.6,28.0,25.900000000000002,24.29655,1.6034492492675803
2023-11-23 15:00:00,25.900000000000002,32.9,40.0,3.3000000000000003,29.0,27.200000000000003,26.252268,0.9477321624755888
2023-11-23 16:00:00,27.200000000000003,33.0,46.5,4.5,25.0,29.0,30.246313,-1.2463130950927734
2023-11-23 17:00:00,29.0,33.7,60.5,3.8000000000000003,6.0,30.0,32.970978,-2.970977783203125
2023-11-23 18:00:00,30.0,35.5,65.8,3.6,1.0,31.3,33.942802,-2.642802429199218
2023-11-23 19:00:00,31.3,38.400000000000006,71.8,3.7,1.0,32.300000000000004,35.881687,-3.5816871643066364
2023-11-23 20:00:00,32.300000000000004,39.300000000000004,70.8,3.8000000000000003,0.0,31.900000000000002,35.58999,-3.6899887084960916
2023-11-23 21:00:00,31.900000000000002,39.300000000000004,67.10000000000001,4.4,0.0,31.400000000000002,33.56581,-2.1658111572265604
2023-11-23 22:00:00,31.400000000000002,38.0,63.0,4.4,1.0,31.400000000000002,32.056633,-0.6566329956054666
2023-11-23 23:00:00,31.400000000000002,41.0,54.1,4.1000000000000005,1.0,31.200000000000003,30.5508,0.6491996765136747
2023-11-24 00:00:00,31.200000000000003,43.6,48.900000000000006,4.1000000000000005,1.0,34.0,30.906979,3.0930213928222656
2023-11-24 01:00:00,34.0,42.6,45.900000000000006,3.9000000000000004,0.0,32.300000000000004,32.282593,0.017407226562504263
2023-11-24 02:00:00,32.300000000000004,42.800000000000004,41.800000000000004,3.1,1.0,31.3,31.220657,0.07934265136718821
2023-11-24 03:00:00,31.3,38.800000000000004,39.0,4.5,1.0,30.400000000000002,30.594135,-0.194135284423826
2023-11-24 04:00:00,30.400000000000002,37.800000000000004,37.6,4.0,1.0,24.900000000000002,29.208803,-4.308803176879881
2023-11-24 05:00:00,24.900000000000002,30.5,36.4,3.3000000000000003,3.0,24.0,24.933092,-0.9330921173095703
2023-11-24 06:00:00,24.0,26.1,34.7,3.1,4.0,23.400000000000002,25.090525,-1.690524673461912
2023-11-24 07:00:00,23.400000000000002,27.900000000000002,33.5,3.5,3.0,25.5,25.01674,0.4832592010498047
2023-11-24 08:00:00,25.5,29.700000000000003,38.300000000000004,3.7,3.0,29.400000000000002,26.151047,3.2489532470703146
2023-11-24 09:00:00,29.400000000000002,32.300000000000004,38.0,4.2,4.0,28.400000000000002,27.817259,0.5827411651611349
2023-11-24 10:00:00,28.400000000000002,37.6,41.1,5.0,7.0,27.0,26.471838,0.5281620025634766
2023-11-24 11:00:00,27.0,32.7,43.800000000000004,5.300000000000001,7.0,26.6,25.922045,0.6779552459716811
2023-11-24 12:00:00,26.6,33.4,44.300000000000004,6.0,17.0,28.400000000000002,23.778013,4.621986770629885
2023-11-24 13:00:00,28.400000000000002,32.5,41.6,6.800000000000001,20.0,25.1,24.376074,0.723926162719728
2023-11-24 14:00:00,25.1,30.400000000000002,40.800000000000004,6.4,24.0,23.8,23.696327,0.10367279052734446
2023-11-24 15:00:00,23.8,31.1,42.7,6.2,27.0,23.6,25.265903,-1.6659034729003892
2023-11-24 16:00:00,23.6,30.900000000000002,39.0,6.1000000000000005,27.0,25.200000000000003,26.783604,-1.5836036682128878
2023-11-24 17:00:00,25.200000000000003,35.1,50.7,5.9,19.0,28.700000000000003,29.035986,-0.3359859466552706
2023-11-24 18:00:00,28.700000000000003,36.6,55.5,6.5,10.0,30.200000000000003,33.65371,-3.453709411621091
2023-11-24 19:00:00,30.200000000000003,43.900000000000006,66.10000000000001,6.0,0.0,32.0,35.532356,-3.5323562622070312
2023-11-24 20:00:00,32.0,37.300000000000004,59.7,5.300000000000001,1.0,16.0,36.018723,-20.018722534179688
2023-11-24 21:00:00,16.0,20.3,51.1,4.0,15.0,15.100000000000001,18.113482,-3.013481521606444
2023-11-24 22:00:00,15.100000000000001,23.0,25.8,2.4000000000000004,39.0,13.9,16.662363,-2.7623630523681637
2023-11-24 23:00:00,13.9,16.7,18.6,1.5,63.0,5.2,13.363943,-8.163943099975587
2023-11-25 00:00:00,5.2,15.200000000000001,13.0,1.2000000000000002,68.0,4.3,5.4733024,-1.1733023643493654
2023-11-25 01:00:00,4.3,11.700000000000001,10.5,1.0,72.0,3.7,4.2251625,-0.5251625061035154
2023-11-25 02:00:00,3.7,9.4,8.6,1.0,72.0,3.5,3.7138016,-0.21380162239074707
2023-11-25 03:00:00,3.5,8.9,6.300000000000001,1.1,72.0,3.8000000000000003,3.7299132,0.07008676528930691
2023-11-25 04:00:00,3.8000000000000003,8.0,7.5,1.3,70.0,3.9000000000000004,4.049223,-0.14922294616699183
2023-11-25 05:00:00,3.9000000000000004,6.0,7.5,1.4000000000000001,69.0,4.5,3.8332114,0.6667885780334473
2023-11-25 06:00:00,4.5,6.1000000000000005,7.4,1.3,67.0,4.7,4.3401465,0.3598534584045412
2023-11-25 07:00:00,4.7,7.0,13.3,1.4000000000000001,61.0,4.6000000000000005,5.3734374,-0.7734374046325678
2023-11-25 08:00:00,4.6000000000000005,6.5,17.2,1.8,57.0,4.4,4.4340897,-0.034089660644530895
2023-11-25 09:00:00,4.4,7.1000000000000005,18.2,1.8,57.0,4.1000000000000005,4.5571394,-0.45713939666747994
2023-11-25 10:00:00,4.1000000000000005,6.5,16.2,1.6,58.0,4.2,4.052601,0.14739913940429705
2023-11-25 11:00:00,4.2,6.0,12.3,1.6,66.0,3.8000000000000003,4.2366805,-0.43668050765991184
2023-11-25 12:00:00,3.8000000000000003,5.5,9.200000000000001,1.5,68.0,3.8000000000000003,3.722485,0.07751493453979519
2023-11-25 13:00:00,3.8000000000000003,5.9,8.200000000000001,1.3,71.0,3.9000000000000004,3.7198408,0.1801592350006107
2023-11-25 14:00:00,3.9000000000000004,6.2,8.1,1.2000000000000002,72.0,4.2,3.9007468,0.29925317764282244
2023-11-25 15:00:00,4.2,5.4,8.700000000000001,1.2000000000000002,73.0,4.7,4.0295186,0.6704813957214357
2023-11-25 16:00:00,4.7,7.1000000000000005,11.0,1.4000000000000001,71.0,5.0,5.116863,-0.11686277389526367
2023-11-25 17:00:00,5.0,7.800000000000001,13.9,1.7000000000000002,66.0,6.6000000000000005,5.856738,0.7432619094848638
2023-11-25 18:00:00,6.6000000000000005,8.3,23.400000000000002,1.9000000000000001,50.0,7.800000000000001,7.7498326,0.05016736984253001
2023-11-25 19:00:00,7.800000000000001,9.1,29.200000000000003,2.0,42.0,7.0,9.058869,-2.0588693618774414
2023-11-25 20:00:00,7.0,9.700000000000001,29.0,1.8,33.0,7.9,8.023097,-0.12309703826904261
2023-11-25 21:00:00,7.9,11.0,32.1,2.0,34.0,8.4,8.776939,-0.3769393920898434
2023-11-25 22:00:00,8.4,11.4,29.6,2.4000000000000004,32.0,9.3,9.057271,0.24272899627685618
2023-11-25 23:00:00,9.3,11.9,30.6,2.9000000000000004,32.0,7.9,10.036309,-2.136309242248535
2023-11-26 00:00:00,7.9,11.8,27.3,2.6,32.0,9.600000000000001,7.539793,2.0602069854736342
2023-11-26 01:00:00,9.600000000000001,12.100000000000001,24.8,2.6,31.0,10.100000000000001,8.7286625,1.3713375091552749
2023-11-26 02:00:00,10.100000000000001,12.5,20.200000000000003,2.9000000000000004,37.0,9.9,9.37041,0.5295900344848636
2023-11-26 03:00:00,9.9,12.0,18.900000000000002,3.0,40.0,10.200000000000001,9.725156,0.4748441696167003
2023-11-26 04:00:00,10.200000000000001,10.200000000000001,15.4,2.6,41.0,11.3,9.661405,1.638595390319825
2023-11-26 05:00:00,11.3,11.3,16.2,2.7,37.0,11.8,10.944516,0.8554838180541999
2023-11-26 06:00:00,11.8,12.600000000000001,21.400000000000002,2.5,37.0,13.4,12.019691,1.380308532714844
2023-11-26 07:00:00,13.4,14.5,32.4,2.9000000000000004,26.0,15.3,14.649381,0.6506193161010749
2023-11-26 08:00:00,15.3,16.0,35.4,3.0,19.0,14.100000000000001,14.708838,-0.6088384628295884
2023-11-26 09:00:00,14.100000000000001,16.0,35.300000000000004,2.6,19.0,12.700000000000001,13.469136,-0.7691362380981435
2023-11-26 10:00:00,12.700000000000001,15.0,27.900000000000002,2.1,31.0,10.100000000000001,11.484477,-1.384477043151854
2023-11-26 11:00:00,10.100000000000001,14.100000000000001,18.900000000000002,1.8,46.0,9.3,9.565879,-0.26587886810302663
2023-11-26 12:00:00,9.3,13.0,17.400000000000002,2.1,59.0,7.6000000000000005,9.261815,-1.6618150711059565
2023-11-26 13:00:00,7.6000000000000005,11.200000000000001,13.0,1.9000000000000001,63.0,8.6,7.9783564,0.6216436386108395
2023-11-26 14:00:00,8.6,9.8,14.9,2.1,64.0,9.9,8.395008,1.5049919128417972
2023-11-26 15:00:00,9.9,12.200000000000001,17.900000000000002,2.6,64.0,9.4,10.4305725,-1.0305725097656246
2023-11-26 16:00:00,9.4,12.600000000000001,21.700000000000003,3.2,51.0,8.4,10.682302,-2.2823024749755856
2023-11-26 17:00:00,8.4,13.0,29.700000000000003,3.2,37.0,9.9,10.649181,-0.7491813659667965
2023-11-26 18:00:00,9.9,13.8,37.9,3.5,24.0,10.4,13.079311,-2.679311370849609
2023-11-26 19:00:00,10.4,15.4,42.800000000000004,3.2,15.0,12.0,13.636966,-1.6369657516479492
2023-11-26 20:00:00,12.0,15.9,51.7,2.9000000000000004,11.0,14.8,15.389859,-0.5898591995239251
2023-11-26 21:00:00,14.8,18.0,60.800000000000004,2.9000000000000004,4.0,15.200000000000001,17.815195,-2.615195083618163
2023-11-26 22:00:00,15.200000000000001,19.400000000000002,59.2,3.1,2.0,14.9,17.27479,-2.3747898101806637
2023-11-26 23:00:00,14.9,19.3,62.1,3.0,1.0,14.3,16.950869,-2.650868606567382
2023-11-27 00:00:00,14.3,19.400000000000002,59.5,2.8000000000000003,1.0,22.400000000000002,15.211171,7.188828849792483
2023-11-27 01:00:00,22.400000000000002,25.700000000000003,50.1,2.9000000000000004,4.0,23.900000000000002,21.39067,2.5093292236328146
2023-11-27 02:00:00,23.900000000000002,24.400000000000002,44.900000000000006,2.9000000000000004,5.0,24.200000000000003,21.027048,3.172951889038089
2023-11-27 03:00:00,24.200000000000003,28.200000000000003,42.2,2.8000000000000003,5.0,24.400000000000002,22.126799,2.27320137023926
2023-11-27 04:00:00,24.400000000000002,29.1,41.2,2.7,5.0,23.0,22.138702,0.861297607421875
2023-11-27 05:00:00,23.0,28.900000000000002,38.400000000000006,2.6,6.0,22.3,21.859337,0.44066314697265696
2023-11-27 06:00:00,22.3,26.900000000000002,38.300000000000004,2.4000000000000004,4.0,22.3,23.841192,-1.5411922454833977
2023-11-27 07:00:00,22.3,29.1,41.800000000000004,2.8000000000000003,4.0,23.900000000000002,24.24754,-0.34753952026366974
2023-11-27 08:00:00,23.900000000000002,33.1,49.300000000000004,3.3000000000000003,1.0,24.200000000000003,26.1996,-1.9996002197265597
2023-11-27 09:00:00,24.200000000000003,32.6,52.800000000000004,3.7,3.0,23.400000000000002,24.246527,-0.8465267181396463
2023-11-27 10:00:00,23.400000000000002,31.6,54.400000000000006,3.9000000000000004,3.0,23.3,23.210556,0.08944396972656321
2023-11-27 11:00:00,23.3,29.1,56.7,3.3000000000000003,6.0,23.3,21.411896,1.8881042480468757
2023-11-27 12:00:00,23.3,29.3,53.800000000000004,3.1,9.0,22.200000000000003,21.639887,0.5601131439209013
2023-11-27 13:00:00,22.200000000000003,28.700000000000003,53.900000000000006,3.4000000000000004,9.0,22.0,21.56354,0.4364604949951172
2023-11-27 14:00:00,22.0,27.3,50.1,3.3000000000000003,13.0,21.5,22.404293,-0.9042930603027344
2023-11-27 15:00:00,21.5,28.8,48.400000000000006,3.1,13.0,21.3,22.811062,-1.5110618591308587
2023-11-27 16:00:00,21.3,27.0,51.800000000000004,3.1,6.0,23.0,24.096138,-1.0961380004882812
2023-11-27 17:00:00,23.0,28.400000000000002,57.900000000000006,3.2,1.0,23.200000000000003,25.879192,-2.679192352294919
2023-11-27 18:00:00,23.200000000000003,29.3,60.300000000000004,3.4000000000000004,0.0,20.700000000000003,25.788662,-5.0886619567871065
2023-11-27 19:00:00,20.700000000000003,27.900000000000002,61.0,3.8000000000000003,0.0,20.900000000000002,24.137234,-3.2372337341308572
2023-11-27 20:00:00,20.900000000000002,24.1,58.2,3.4000000000000004,0.0,16.1,22.139223,-6.039223098754881
2023-11-27 21:00:00,16.1,22.5,54.800000000000004,3.0,0.0,18.900000000000002,18.038387,0.8616127014160178
2023-11-27 22:00:00,18.900000000000002,24.8,56.0,2.7,0.0,18.1,20.038425,-1.9384254455566392
2023-11-27 23:00:00,18.1,24.1,55.7,2.7,0.0,16.6,18.842716,-2.242716217041014
2023-11-28 00:00:00,16.6,22.8,54.400000000000006,2.9000000000000004,1.0,15.8,16.369112,-0.5691120147705071
2023-11-28 01:00:00,15.8,24.200000000000003,50.6,2.8000000000000003,3.0,19.5,15.253731,4.246269226074219
2023-11-28 02:00:00,19.5,20.900000000000002,44.7,2.9000000000000004,6.0,22.6,16.662199,5.937800979614259
2023-11-28 03:00:00,22.6,20.8,40.900000000000006,3.4000000000000004,5.0,21.3,19.392626,1.9073741912841804
2023-11-28 04:00:00,21.3,25.900000000000002,37.1,2.9000000000000004,1.0,23.900000000000002,20.840439,3.0595611572265646
2023-11-28 05:00:00,23.900000000000002,25.700000000000003,34.0,3.4000000000000004,6.0,25.200000000000003,23.596146,1.6038543701171903
2023-11-28 06:00:00,25.200000000000003,29.200000000000003,32.9,4.7,3.0,26.6,25.720192,0.8798080444335952
2023-11-28 07:00:00,26.6,29.8,31.700000000000003,3.2,6.0,28.900000000000002,27.723614,1.1763862609863303
2023-11-28 08:00:00,28.900000000000002,32.0,34.9,4.0,4.0,29.3,29.361132,-0.0611316680908196
2023-11-28 09:00:00,29.3,33.5,33.2,4.3,3.0,25.8,28.635103,-2.835103225708007
2023-11-28 10:00:00,25.8,30.700000000000003,31.900000000000002,4.3,7.0,23.400000000000002,24.11469,-0.7146907806396463
2023-11-28 11:00:00,23.400000000000002,28.400000000000002,33.300000000000004,4.2,16.0,25.1,21.30844,3.7915607452392592
2023-11-28 12:00:00,25.1,30.0,30.3,3.9000000000000004,27.0,20.8,22.881533,-2.081532669067382
2023-11-28 13:00:00,20.8,26.5,26.900000000000002,3.8000000000000003,36.0,20.3,19.84728,0.4527194976806648
2023-11-28 14:00:00,20.3,26.5,23.1,4.3,42.0,18.6,19.478619,-0.8786186218261705
2023-11-28 15:00:00,18.6,24.6,27.0,4.9,45.0,17.400000000000002,18.972868,-1.57286796569824
2023-11-28 16:00:00,17.400000000000002,22.6,32.1,5.4,36.0,21.400000000000002,19.814764,1.5852359771728537
2023-11-28 17:00:00,21.400000000000002,27.1,44.6,4.9,21.0,21.5,25.563591,-4.063591003417969
2023-11-28 18:00:00,21.5,27.5,51.2,4.0,11.0,20.400000000000002,24.637115,-4.237115478515623
2023-11-28 19:00:00,20.400000000000002,24.200000000000003,54.7,3.8000000000000003,8.0,16.3,23.138351,-6.838351440429687
2023-11-28 20:00:00,16.3,25.6,45.800000000000004,3.4000000000000004,16.0,14.200000000000001,19.777174,-5.577173995971679
2023-11-28 21:00:00,14.200000000000001,24.1,38.5,3.0,24.0,12.3,16.814238,-4.5142375946044915
2023-11-28 22:00:00,12.3,20.700000000000003,26.3,2.4000000000000004,32.0,12.3,13.427032,-1.1270324707031243
2023-11-28 23:00:00,12.3,19.1,22.3,2.1,39.0,13.3,12.932482,0.3675182342529304
2023-11-29 00:00:00,13.3,16.6,16.400000000000002,1.7000000000000002,47.0,12.600000000000001,11.799973,0.8000274658203139
2023-11-29 01:00:00,12.600000000000001,15.9,13.700000000000001,1.6,51.0,9.5,11.185186,-1.6851863861083984
2023-11-29 02:00:00,9.5,11.100000000000001,10.600000000000001,1.7000000000000002,51.0,10.0,8.324648,1.6753520965576172
2023-11-29 03:00:00,10.0,11.4,11.4,2.1,52.0,10.8,9.11166,1.6883399963378913
2023-11-29 04:00:00,10.8,12.600000000000001,15.3,2.0,50.0,11.8,10.267098,1.532901573181153
2023-11-29 05:00:00,11.8,14.200000000000001,19.3,2.5,37.0,12.3,11.702717,0.5972831726074226
2023-11-29 06:00:00,12.3,14.200000000000001,31.700000000000003,2.7,21.0,15.200000000000001,13.333025,1.8669750213623058
2023-11-29 07:00:00,15.200000000000001,18.3,42.900000000000006,3.4000000000000004,4.0,17.0,17.247375,-0.24737548828125
2023-11-29 08:00:00,17.0,18.7,48.6,3.9000000000000004,0.0,19.0,17.867382,1.1326179504394531
2023-11-29 09:00:00,19.0,24.8,52.800000000000004,4.7,2.0,19.400000000000002,18.956915,0.4430850982666037
2023-11-29 10:00:00,19.400000000000002,25.0,51.1,5.4,5.0,17.400000000000002,18.370281,-0.9702812194824197
2023-11-29 11:00:00,17.400000000000002,21.6,43.800000000000004,4.6000000000000005,15.0,17.5,15.697907,1.8020925521850586
2023-11-29 12:00:00,17.5,21.5,39.6,4.0,27.0,17.3,15.4024315,1.8975685119628913
2023-11-29 13:00:00,17.3,23.3,32.9,3.4000000000000004,33.0,17.2,17.144596,0.055403900146483664
2023-11-29 14:00:00,17.2,22.400000000000002,28.0,3.0,42.0,18.7,17.451462,1.2485382080078118
2023-11-29 15:00:00,18.7,23.1,29.6,2.8000000000000003,42.0,20.5,19.172258,1.3277416229248047
2023-11-29 16:00:00,20.5,23.6,36.4,3.1,33.0,20.6,22.383366,-1.7833656311035142
2023-11-29 17:00:00,20.6,26.400000000000002,47.800000000000004,3.0,17.0,22.700000000000003,23.504135,-0.8041351318359347
2023-11-29 18:00:00,22.700000000000003,30.900000000000002,58.2,3.2,6.0,23.8,26.392,-2.592000198364257
2023-11-29 19:00:00,23.8,31.200000000000003,65.0,3.2,1.0,24.8,27.7324,-2.9324008941650384
2023-11-29 20:00:00,24.8,32.5,65.4,3.5,1.0,23.8,27.835873,-4.035872650146484
2023-11-29 21:00:00,23.8,31.900000000000002,63.800000000000004,3.6,0.0,22.8,26.664227,-3.864226531982421
2023-11-29 22:00:00,22.8,30.400000000000002,61.7,4.0,0.0,25.200000000000003,23.83913,1.3608695983886747
2023-11-29 23:00:00,25.200000000000003,30.700000000000003,60.400000000000006,3.9000000000000004,0.0,23.900000000000002,25.726145,-1.826144790649412
2023-11-30 00:00:00,23.900000000000002,30.200000000000003,56.2,3.8000000000000003,0.0,25.8,22.900946,2.8990543365478523
2023-11-30 01:00:00,25.8,33.5,51.7,3.2,1.0,22.5,24.489395,-1.9893951416015625
2023-11-30 02:00:00,22.5,33.0,48.400000000000006,2.9000000000000004,1.0,20.8,22.104383,-1.304383468627929
2023-11-30 03:00:00,20.8,28.1,43.900000000000006,2.9000000000000004,2.0,19.6,20.34185,-0.7418502807617173
2023-11-30 04:00:00,19.6,22.6,36.6,2.4000000000000004,6.0,17.5,17.88549,-0.38549041748046875
2023-11-30 05:00:00,17.5,21.700000000000003,34.9,2.4000000000000004,8.0,15.5,17.69615,-2.1961498260498047
2023-11-30 06:00:00,15.5,20.1,30.900000000000002,2.5,15.0,16.8,16.839552,-0.03955192565917898
2023-11-30 07:00:00,16.8,19.1,31.700000000000003,2.7,15.0,9.0,18.0648,-9.064800262451172
2023-11-30 08:00:00,9.0,14.9,33.800000000000004,2.3000000000000003,13.0,9.5,9.344951,0.15504932403564453
2023-11-30 09:00:00,9.5,15.9,38.400000000000006,2.4000000000000004,12.0,9.8,10.094391,-0.2943908691406243
2023-11-30 10:00:00,9.8,14.200000000000001,38.400000000000006,2.4000000000000004,14.0,9.8,9.596927,0.2030733108520515
2023-11-30 11:00:00,9.8,12.100000000000001,35.7,2.7,16.0,11.600000000000001,9.082287,2.5177131652832045
2023-11-30 12:00:00,11.600000000000001,15.4,35.5,2.8000000000000003,16.0,12.100000000000001,11.350487,0.7495132446289077
2023-11-30 13:00:00,12.100000000000001,15.4,34.4,2.7,16.0,12.8,11.936276,0.8637235641479499
2023-11-30 14:00:00,12.8,17.2,36.800000000000004,2.6,14.0,16.400000000000002,13.216782,3.1832183837890646
2023-11-30 15:00:00,16.400000000000002,19.3,38.7,2.8000000000000003,13.0,14.700000000000001,17.043901,-2.3439014434814442
2023-11-30 16:00:00,14.700000000000001,21.1,39.400000000000006,2.5,10.0,12.5,16.35138,-3.85137939453125
2023-11-30 17:00:00,12.5,19.5,44.7,2.4000000000000004,3.0,15.9,14.575369,1.3246311187744144
2023-11-30 18:00:00,15.9,21.5,47.300000000000004,3.3000000000000003,2.0,17.8,19.227427,-1.4274265289306634
2023-11-30 19:00:00,17.8,23.1,47.800000000000004,4.2,4.0,19.5,20.436678,-0.9366779327392578
2023-11-30 20:00:00,19.5,22.8,45.900000000000006,3.9000000000000004,7.0,18.900000000000002,20.906403,-2.006402587890623
2023-11-30 21:00:00,18.900000000000002,23.400000000000002,42.2,3.7,6.0,18.6,20.025995,-1.4259952545166001
2023-11-30 22:00:00,18.6,23.1,39.400000000000006,3.7,9.0,17.3,19.2968,-1.9968006134033196
2023-11-30 23:00:00,17.3,21.0,33.9,3.1,13.0,17.8,17.272509,0.5274913787841804
2023-12-01 00:00:00,17.8,21.1,33.1,2.9000000000000004,12.0,19.200000000000003,17.1155,2.084500503540042
2023-12-01 01:00:00,19.200000000000003,20.200000000000003,29.5,2.5,12.0,19.1,18.028091,1.071908569335939
2023-12-01 02:00:00,19.1,21.700000000000003,27.8,2.0,12.0,17.6,17.76512,-0.16511955261230327
2023-12-01 03:00:00,17.6,18.0,24.6,2.7,17.0,18.1,15.906594,2.1934057235717788
2023-12-01 04:00:00,18.1,20.400000000000002,23.200000000000003,3.2,16.0,14.5,17.024263,-2.524263381958008
2023-12-01 05:00:00,14.5,14.600000000000001,22.8,3.0,15.0,17.3,13.945284,3.354716110229493
2023-12-01 06:00:00,17.3,17.3,25.1,3.0,10.0,20.200000000000003,17.739489,2.4605113983154325
2023-12-01 07:00:00,20.200000000000003,21.200000000000003,29.3,3.6,7.0,15.200000000000001,21.011436,-5.811436462402343
2023-12-01 08:00:00,15.200000000000001,15.600000000000001,33.9,3.8000000000000003,1.0,16.8,16.18047,0.6195304870605476
2023-12-01 09:00:00,16.8,15.9,36.9,3.2,1.0,22.5,15.976492,6.523508071899414
2023-12-01 10:00:00,22.5,19.200000000000003,33.5,3.3000000000000003,2.0,20.3,19.987368,0.3126323699951179
2023-12-01 11:00:00,20.3,22.1,33.7,3.1,2.0,20.0,18.716513,1.283487319946289
2023-12-01 12:00:00,20.0,22.400000000000002,36.4,3.3000000000000003,2.0,18.3,18.327955,-0.027955245971678977
2023-12-01 13:00:00,18.3,22.200000000000003,39.1,3.4000000000000004,3.0,18.5,17.818249,0.6817512512207031
2023-12-01 14:00:00,18.5,20.5,40.6,3.4000000000000004,2.0,22.400000000000002,17.849354,4.550646209716799
2023-12-01 15:00:00,22.400000000000002,22.400000000000002,40.800000000000004,3.1,2.0,20.400000000000002,22.338526,-1.9385257720947244
2023-12-01 16:00:00,20.400000000000002,21.8,41.300000000000004,3.0,1.0,20.900000000000002,22.082712,-1.182712173461912
2023-12-01 17:00:00,20.900000000000002,22.700000000000003,41.300000000000004,3.2,0.0,22.0,23.40529,-1.4052906036376953
2023-12-01 18:00:00,22.0,24.5,42.800000000000004,3.2,0.0,23.200000000000003,25.310028,-2.110028076171872
2023-12-01 19:00:00,23.200000000000003,27.1,44.2,3.4000000000000004,0.0,24.6,26.08628,-1.4862808227539048
2023-12-01 20:00:00,24.6,28.400000000000002,42.6,3.4000000000000004,0.0,21.5,27.154709,-5.6547088623046875
2023-12-01 21:00:00,21.5,26.200000000000003,43.0,3.4000000000000004,0.0,21.200000000000003,24.079824,-2.879824447631833
2023-12-01 22:00:00,21.200000000000003,26.400000000000002,41.2,3.4000000000000004,0.0,19.900000000000002,23.353682,-3.4536815643310526
2023-12-01 23:00:00,19.900000000000002,23.5,39.7,3.4000000000000004,0.0,17.8,20.964985,-3.1649848937988274
2023-12-02 00:00:00,17.8,21.5,40.6,3.1,0.0,17.3,15.987833,1.3121669769287116
2023-12-02 01:00:00,17.3,17.5,39.900000000000006,2.7,0.0,16.0,14.84054,1.1594600677490234
2023-12-02 02:00:00,16.0,16.900000000000002,36.5,2.6,0.0,17.0,14.287723,2.712277412414551
2023-12-02 03:00:00,17.0,17.400000000000002,33.1,2.2,0.0,16.5,14.4999075,2.0000925064086914
2023-12-02 04:00:00,16.5,16.900000000000002,31.6,2.2,0.0,17.1,14.725971,2.3740287780761733
2023-12-02 05:00:00,17.1,17.8,29.1,2.5,2.0,16.0,16.727674,-0.7276744842529297
2023-12-02 06:00:00,16.0,19.200000000000003,27.6,2.6,4.0,16.2,17.581314,-1.3813140869140632
2023-12-02 07:00:00,16.2,18.2,29.700000000000003,3.1,1.0,15.4,18.511087,-3.1110874176025387
2023-12-02 08:00:00,15.4,17.5,28.900000000000002,2.0,7.0,10.700000000000001,15.699276,-4.999275970458983
2023-12-02 09:00:00,10.700000000000001,10.4,24.200000000000003,1.4000000000000001,34.0,7.300000000000001,10.168842,-2.8688423156738274
2023-12-02 10:00:00,7.300000000000001,7.800000000000001,23.6,1.0,41.0,6.4,7.01092,-0.6109200477600094
2023-12-02 11:00:00,6.4,7.4,21.200000000000003,1.1,43.0,5.800000000000001,6.1340537,-0.334053707122802
2023-12-02 12:00:00,5.800000000000001,6.4,18.1,1.0,50.0,5.800000000000001,5.337527,0.4624732017517097
2023-12-02 13:00:00,5.800000000000001,8.8,18.400000000000002,0.9,45.0,4.800000000000001,5.9799256,-1.179925632476806
2023-12-02 14:00:00,4.800000000000001,6.7,20.6,1.0,43.0,5.7,5.3051314,0.39486856460571307
2023-12-02 15:00:00,5.7,6.9,17.900000000000002,1.2000000000000002,41.0,5.2,6.23657,-1.0365698814392088
2023-12-02 16:00:00,5.2,6.5,17.1,1.4000000000000001,41.0,5.0,5.57536,-0.5753598213195801
2023-12-02 17:00:00,5.0,7.1000000000000005,18.3,1.6,41.0,4.9,6.1442237,-1.2442236900329586
2023-12-02 18:00:00,4.9,7.2,18.900000000000002,1.6,37.0,5.4,6.0360494,-0.6360493659973141
2023-12-02 19:00:00,5.4,7.5,17.900000000000002,1.5,38.0,6.300000000000001,6.3702326,-0.07023258209228445
2023-12-02 20:00:00,6.300000000000001,8.4,17.400000000000002,1.5,44.0,5.9,7.290697,-1.39069709777832
2023-12-02 21:00:00,5.9,7.7,17.400000000000002,1.4000000000000001,43.0,6.2,6.5442724,-0.34427242279052717
2023-12-02 22:00:00,6.2,8.0,18.1,1.4000000000000001,41.0,6.5,6.313303,0.18669700622558594
2023-12-02 23:00:00,6.5,8.6,16.3,1.2000000000000002,41.0,6.800000000000001,6.1756334,0.6243665695190437
2023-12-03 00:00:00,6.800000000000001,9.1,16.8,1.0,39.0,7.9,6.5942063,1.3057936668396
2023-12-03 01:00:00,7.9,10.100000000000001,20.200000000000003,1.0,36.0,11.5,7.8004546,3.699545383453369
2023-12-03 02:00:00,11.5,12.200000000000001,20.0,0.9,39.0,12.200000000000001,10.824434,1.3755657196044933
2023-12-03 03:00:00,12.200000000000001,15.3,21.6,0.8,41.0,12.5,11.966327,0.5336732864379883
2023-12-03 04:00:00,12.5,13.700000000000001,23.0,0.9,42.0,12.9,12.046742,0.8532575607299808
2023-12-03 05:00:00,12.9,12.600000000000001,27.8,1.0,36.0,13.600000000000001,12.416107,1.1838928222656264
2023-12-03 06:00:00,13.600000000000001,13.700000000000001,28.900000000000002,1.1,22.0,14.4,14.014093,0.3859066009521488
2023-12-03 07:00:00,14.4,14.4,40.7,1.6,12.0,14.8,15.476252,-0.6762516021728509
2023-12-03 08:00:00,14.8,17.3,43.300000000000004,2.1,4.0,17.5,16.18409,1.3159103393554688
2023-12-03 09:00:00,17.5,19.6,39.900000000000006,2.8000000000000003,7.0,16.400000000000002,16.810436,-0.41043624877929474
2023-12-03 10:00:00,16.400000000000002,17.8,33.9,3.1,12.0,14.9,15.376424,-0.4764238357543942
2023-12-03 11:00:00,14.9,16.6,22.6,2.6,25.0,14.5,13.871273,0.6287269592285156
2023-12-03 12:00:00,14.5,17.2,19.6,2.2,34.0,14.600000000000001,13.8418665,0.7581335067749038
2023-12-03 13:00:00,14.600000000000001,17.6,15.600000000000001,2.0,42.0,13.5,14.068645,-0.5686445236206055
2023-12-03 14:00:00,13.5,15.3,15.3,1.9000000000000001,44.0,13.600000000000001,13.495717,0.10428295135498189
2023-12-03 15:00:00,13.600000000000001,14.9,17.1,1.9000000000000001,42.0,14.3,13.761143,0.5388572692871101
2023-12-03 16:00:00,14.3,16.7,22.700000000000003,2.1,29.0,15.100000000000001,15.354215,-0.25421466827392436
2023-12-03 17:00:00,15.100000000000001,18.900000000000002,33.800000000000004,2.5,11.0,17.7,17.78062,-0.08062057495117259
2023-12-03 18:00:00,17.7,20.0,44.900000000000006,2.9000000000000004,3.0,18.0,21.040586,-3.040586471557617
2023-12-03 19:00:00,18.0,22.200000000000003,49.400000000000006,2.8000000000000003,1.0,19.700000000000003,21.68754,-1.9875400543212862
2023-12-03 20:00:00,19.700000000000003,23.3,53.6,3.1,1.0,20.6,21.247807,-0.6478065490722642
2023-12-03 21:00:00,20.6,29.900000000000002,56.5,3.4000000000000004,0.0,21.700000000000003,24.157566,-2.457566070556638
2023-12-03 22:00:00,21.700000000000003,32.5,56.1,3.4000000000000004,0.0,22.5,25.459805,-2.9598045349121094
2023-12-03 23:00:00,22.5,32.6,55.400000000000006,2.6,0.0,23.3,26.159658,-2.8596584320068352
2023-12-04 00:00:00,23.3,31.1,50.6,2.2,0.0,26.400000000000002,22.387892,4.0121082305908224
2023-12-04 01:00:00,26.400000000000002,35.300000000000004,46.2,3.0,1.0,29.8,24.928013,4.87198715209961
2023-12-04 02:00:00,29.8,32.5,46.1,3.0,0.0,27.900000000000002,26.46692,1.4330791473388693
2023-12-04 03:00:00,27.900000000000002,32.7,43.6,2.8000000000000003,1.0,25.5,26.073093,-0.5730934143066406
2023-12-04 04:00:00,25.5,30.6,39.900000000000006,2.8000000000000003,3.0,25.5,23.60922,1.8907794952392578
2023-12-04 05:00:00,25.5,30.200000000000003,35.7,2.7,3.0,25.400000000000002,24.453817,0.9461826324462912
2023-12-04 06:00:00,25.400000000000002,29.900000000000002,34.800000000000004,2.7,5.0,26.1,25.091558,1.008441543579103
2023-12-04 07:00:00,26.1,31.200000000000003,37.300000000000004,3.3000000000000003,3.0,26.6,27.987185,-1.3871845245361314
2023-12-04 08:00:00,26.6,30.6,43.5,3.4000000000000004,1.0,26.0,28.272558,-2.2725582122802734
2023-12-04 09:00:00,26.0,31.1,46.7,3.2,4.0,26.8,25.928362,0.8716381072998054
2023-12-04 10:00:00,26.8,32.0,43.0,3.6,5.0,21.900000000000002,24.661219,-2.7612186431884744
2023-12-04 11:00:00,21.900000000000002,27.3,38.400000000000006,2.7,9.0,24.400000000000002,21.027246,3.3727535247802756
2023-12-04 12:00:00,24.400000000000002,28.6,37.5,2.6,10.0,26.200000000000003,22.432724,3.7672760009765653
2023-12-04 13:00:00,26.200000000000003,27.8,40.0,2.7,8.0,21.700000000000003,24.145626,-2.4456260681152315
2023-12-04 14:00:00,21.700000000000003,26.6,43.6,2.8000000000000003,6.0,22.6,21.599348,1.0006519317626967
2023-12-04 15:00:00,22.6,26.8,40.0,2.8000000000000003,11.0,24.200000000000003,22.965443,1.2345573425292997
2023-12-04 16:00:00,24.200000000000003,26.6,41.6,2.6,8.0,24.700000000000003,25.385674,-0.6856735229492159
2023-12-04 17:00:00,24.700000000000003,26.3,47.2,2.7,2.0,24.3,26.327087,-2.0270874023437493
2023-12-04 18:00:00,24.3,22.5,50.5,2.7,1.0,23.200000000000003,25.39012,-2.190119552612302
2023-12-04 19:00:00,23.200000000000003,22.900000000000002,50.400000000000006,3.7,1.0,19.3,24.705423,-5.405423355102538
2023-12-04 20:00:00,19.3,19.3,50.0,3.5,2.0,17.900000000000002,20.699717,-2.799716567993162
2023-12-04 21:00:00,17.900000000000002,20.3,47.6,3.0,1.0,20.900000000000002,18.95991,1.940090560913088
2023-12-04 22:00:00,20.900000000000002,22.400000000000002,50.800000000000004,3.2,0.0,21.900000000000002,21.666649,0.23335113525390838
2023-12-04 23:00:00,21.900000000000002,24.3,48.800000000000004,3.0,0.0,21.5,23.346155,-1.8461551666259766
2023-12-05 00:00:00,21.5,24.1,44.800000000000004,2.7,1.0,24.0,20.730116,3.2698841094970703
2023-12-05 01:00:00,24.0,26.5,40.300000000000004,2.6,1.0,27.5,21.53377,5.966230392456055
2023-12-05 02:00:00,27.5,27.400000000000002,42.5,2.4000000000000004,1.0,27.8,23.931326,3.8686740875244148
2023-12-05 03:00:00,27.8,27.3,37.0,2.4000000000000004,2.0,29.400000000000002,24.415949,4.984051132202151
2023-12-05 04:00:00,29.400000000000002,26.900000000000002,35.0,2.5,2.0,28.8,25.450212,3.3497875213623054
2023-12-05 05:00:00,28.8,29.700000000000003,33.300000000000004,3.4000000000000004,1.0,30.3,27.567839,2.7321613311767585
2023-12-05 06:00:00,30.3,32.0,33.2,4.3,1.0,31.6,31.543016,0.05698356628418111
2023-12-05 07:00:00,31.6,33.300000000000004,35.0,4.5,1.0,34.4,33.303173,1.0968269348144517
2023-12-05 08:00:00,34.4,34.4,36.2,4.800000000000001,0.0,31.8,36.41815,-4.618151855468749
2023-12-05 09:00:00,31.8,34.300000000000004,35.2,4.5,2.0,29.700000000000003,30.973345,-1.2733448028564425
2023-12-05 10:00:00,29.700000000000003,33.0,33.4,4.4,3.0,26.8,27.78017,-0.9801704406738274
2023-12-05 11:00:00,26.8,30.700000000000003,31.700000000000003,4.0,7.0,26.8,25.114904,1.6850955963134773
2023-12-05 12:00:00,26.8,30.1,31.3,4.2,15.0,26.3,24.435947,1.86405258178711
2023-12-05 13:00:00,26.3,30.1,31.6,4.0,17.0,26.1,24.487017,1.612983322143556
2023-12-05 14:00:00,26.1,31.700000000000003,31.1,4.0,21.0,24.6,25.415655,-0.815655136108397
2023-12-05 15:00:00,24.6,29.6,30.8,3.4000000000000004,20.0,23.1,24.9653,-1.8652996063232408
2023-12-05 16:00:00,23.1,26.8,32.1,3.6,16.0,25.5,24.730461,0.7695388793945312
2023-12-05 17:00:00,25.5,31.200000000000003,38.0,3.4000000000000004,8.0,28.0,28.684517,-0.6845169067382812
2023-12-05 18:00:00,28.0,33.6,40.900000000000006,3.7,3.0,31.0,31.74821,-0.7482109069824219
2023-12-05 19:00:00,31.0,35.300000000000004,42.5,4.0,1.0,34.1,33.320248,0.779752349853517
2023-12-05 20:00:00,34.1,37.800000000000004,42.300000000000004,4.2,0.0,37.0,37.05199,-0.051990509033203125
2023-12-05 21:00:00,37.0,41.0,41.7,4.5,0.0,32.4,37.582554,-5.182553863525392
2023-12-05 22:00:00,32.4,37.1,40.800000000000004,4.3,0.0,31.8,32.881126,-1.081126403808593
2023-12-05 23:00:00,31.8,36.2,40.900000000000006,3.9000000000000004,0.0,30.3,32.083572,-1.7835723876953118
2023-12-06 00:00:00,30.3,35.9,38.1,3.4000000000000004,0.0,36.2,29.119335,7.080664825439456
2023-12-06 01:00:00,36.2,39.5,35.1,3.3000000000000003,0.0,35.2,34.15792,1.042079162597659
2023-12-06 02:00:00,35.2,41.1,35.800000000000004,3.0,1.0,34.7,33.615055,1.0849449157714872
2023-12-06 03:00:00,34.7,39.400000000000006,35.800000000000004,3.3000000000000003,0.0,38.0,32.78523,5.214771270751953
2023-12-06 04:00:00,38.0,41.300000000000004,35.5,3.4000000000000004,0.0,40.1,35.849133,4.2508674621582045
2023-12-06 05:00:00,40.1,42.7,33.5,3.4000000000000004,2.0,39.5,37.888893,1.6111068725585938
2023-12-06 06:00:00,39.5,44.900000000000006,34.300000000000004,3.6,2.0,35.300000000000004,38.66897,-3.3689682006835895
2023-12-06 07:00:00,35.300000000000004,41.800000000000004,31.8,3.9000000000000004,2.0,34.6,36.483566,-1.883566284179686
2023-12-06 08:00:00,34.6,41.2,33.9,4.0,1.0,37.4,36.22151,1.178488159179686
2023-12-06 09:00:00,37.4,43.5,35.0,4.4,2.0,37.1,37.76714,-0.6671394348144517
2023-12-06 10:00:00,37.1,41.800000000000004,35.1,4.4,4.0,33.300000000000004,34.996155,-1.6961547851562457
2023-12-06 11:00:00,33.300000000000004,37.800000000000004,36.6,4.7,7.0,30.400000000000002,30.63994,-0.23994026184081818
2023-12-06 12:00:00,30.400000000000002,33.4,36.5,4.800000000000001,13.0,25.200000000000003,27.011002,-1.8110015869140597
2023-12-06 13:00:00,25.200000000000003,30.6,36.300000000000004,4.800000000000001,18.0,26.200000000000003,23.542881,2.657118988037112
2023-12-06 14:00:00,26.200000000000003,32.9,40.2,4.2,19.0,29.6,26.025768,3.5742317199707045
2023-12-06 15:00:00,29.6,32.9,43.5,4.4,17.0,30.0,30.24482,-0.24481964111328125
2023-12-06 16:00:00,30.0,34.2,51.900000000000006,4.5,11.0,33.2,33.18288,0.017119598388674717
2023-12-06 17:00:00,33.2,38.6,57.800000000000004,4.6000000000000005,2.0,35.5,37.373665,-1.8736648559570312
2023-12-06 18:00:00,35.5,46.900000000000006,62.400000000000006,4.800000000000001,0.0,41.300000000000004,41.399353,-0.09935302734374574
2023-12-06 19:00:00,41.300000000000004,52.800000000000004,66.3,5.4,0.0,41.2,47.225506,-6.025505828857419
2023-12-06 20:00:00,41.2,51.2,64.8,5.9,0.0,44.6,46.220924,-1.6209243774414048
2023-12-06 21:00:00,44.6,54.7,65.2,6.2,0.0,49.400000000000006,51.354065,-1.9540649414062443
2023-12-06 22:00:00,49.400000000000006,61.6,61.2,7.0,0.0,46.0,51.439728,-5.439727783203125
2023-12-06 23:00:00,46.0,58.800000000000004,59.300000000000004,6.6000000000000005,0.0,45.6,46.137722,-0.537722015380858
2023-12-07 00:00:00,45.6,56.1,56.5,5.800000000000001,1.0,51.1,46.690796,4.409204101562501
2023-12-07 01:00:00,51.1,62.800000000000004,51.7,6.2,1.0,45.6,51.74199,-6.141989135742186
2023-12-07 02:00:00,45.6,58.2,53.6,4.800000000000001,1.0,47.900000000000006,44.531918,3.3680824279785213
2023-12-07 03:00:00,47.900000000000006,59.1,51.0,5.4,1.0,48.6,47.57497,1.0250297546386733
2023-12-07 04:00:00,48.6,55.5,47.900000000000006,5.9,1.0,37.1,47.762077,-10.662077331542967
2023-12-07 05:00:00,37.1,45.1,40.6,6.1000000000000005,1.0,35.9,37.68429,-1.7842918395996108
2023-12-07 06:00:00,35.9,40.6,38.7,5.4,0.0,38.2,38.851612,-0.6516120910644503
2023-12-07 07:00:00,38.2,42.5,50.300000000000004,5.800000000000001,0.0,46.300000000000004,39.315052,6.984947967529301
2023-12-07 08:00:00,46.300000000000004,46.400000000000006,48.1,7.2,0.0,48.6,46.438366,2.1616340637207045
2023-12-07 09:00:00,48.6,50.2,55.2,8.4,2.0,43.7,47.064247,-3.3642471313476534
2023-12-07 10:00:00,43.7,47.400000000000006,60.300000000000004,7.6000000000000005,4.0,43.7,43.016598,0.6834022521972685
2023-12-07 11:00:00,43.7,42.400000000000006,61.800000000000004,7.4,6.0,42.6,43.637707,-1.0377067565917955
2023-12-07 12:00:00,42.6,40.7,61.800000000000004,7.5,7.0,42.6,40.704613,1.8953872680664077
2023-12-07 13:00:00,42.6,42.0,63.0,6.7,12.0,41.6,40.007504,1.592496490478517
2023-12-07 14:00:00,41.6,41.900000000000006,59.6,5.300000000000001,15.0,41.300000000000004,39.49859,1.8014114379882855
2023-12-07 15:00:00,41.300000000000004,41.300000000000004,62.2,5.0,13.0,39.2,40.896904,-1.696903991699216
2023-12-07 16:00:00,39.2,45.1,65.0,4.9,6.0,44.2,41.304447,2.895552825927737
2023-12-07 17:00:00,44.2,52.1,70.5,4.9,0.0,47.2,49.496857,-2.296856689453122
2023-12-07 18:00:00,47.2,52.900000000000006,70.5,4.7,0.0,48.0,52.095596,-4.0955963134765625
2023-12-07 19:00:00,48.0,54.5,73.4,4.6000000000000005,0.0,49.1,53.294617,-4.194616699218749
2023-12-07 20:00:00,49.1,56.7,70.7,5.300000000000001,0.0,46.400000000000006,54.69259,-8.292588806152338
2023-12-07 21:00:00,46.400000000000006,56.6,69.60000000000001,5.0,0.0,45.5,50.82835,-5.328350067138672
2023-12-07 22:00:00,45.5,56.800000000000004,66.60000000000001,6.0,0.0,45.7,49.203457,-3.5034568786621065
2023-12-07 23:00:00,45.7,54.300000000000004,63.2,5.9,0.0,45.0,45.927612,-0.9276123046875
2023-12-08 00:00:00,45.0,55.0,57.7,5.5,0.0,53.300000000000004,46.8043,6.495701599121098
2023-12-08 01:00:00,53.300000000000004,54.5,56.800000000000004,5.0,0.0,50.0,50.77488,-0.7748794555664062
2023-12-08 02:00:00,50.0,51.1,54.1,4.7,1.0,38.6,47.830593,-9.230593109130858
2023-12-08 03:00:00,38.6,44.2,49.1,4.4,0.0,31.400000000000002,35.82209,-4.422090148925779
2023-12-08 04:00:00,31.400000000000002,37.300000000000004,43.7,3.7,0.0,27.900000000000002,29.535585,-1.6355854034423807
2023-12-08 05:00:00,27.900000000000002,30.900000000000002,39.900000000000006,3.2,1.0,28.0,26.737566,1.2624340057373047
2023-12-08 06:00:00,28.0,30.900000000000002,43.2,3.4000000000000004,1.0,30.6,28.973242,1.626758193969728
2023-12-08 07:00:00,30.6,34.5,44.6,4.0,1.0,35.4,32.419918,2.980081939697264
2023-12-08 08:00:00,35.4,38.5,49.2,4.1000000000000005,1.0,34.4,35.487576,-1.0875755310058608
2023-12-08 09:00:00,34.4,39.300000000000004,53.1,3.9000000000000004,2.0,31.400000000000002,34.1868,-2.786798095703123
2023-12-08 10:00:00,31.400000000000002,36.800000000000004,53.1,3.6,4.0,30.3,29.264795,1.0352046966552741
2023-12-08 11:00:00,30.3,35.800000000000004,54.1,3.6,7.0,28.8,27.69257,1.107430267333985
2023-12-08 12:00:00,28.8,33.9,47.900000000000006,3.5,16.0,26.3,25.740889,0.559111404418946
2023-12-08 13:00:00,26.3,29.200000000000003,39.400000000000006,3.5,20.0,27.5,23.82037,3.6796302795410156
2023-12-08 14:00:00,27.5,28.8,37.5,3.0,26.0,25.900000000000002,26.115856,-0.21585617065429474
2023-12-08 15:00:00,25.900000000000002,27.200000000000003,40.1,3.0,26.0,25.6,25.621613,-0.02161254882812358
2023-12-08 16:00:00,25.6,27.5,47.2,2.7,22.0,26.8,27.350845,-0.5508453369140618
2023-12-08 17:00:00,26.8,28.700000000000003,51.400000000000006,2.6,16.0,26.400000000000002,28.82286,-2.4228607177734354
2023-12-08 18:00:00,26.400000000000002,26.6,51.400000000000006,2.9000000000000004,12.0,26.200000000000003,29.27559,-3.0755908966064425
2023-12-08 19:00:00,26.200000000000003,27.8,49.5,3.3000000000000003,6.0,26.700000000000003,28.06171,-1.3617103576660128
2023-12-08 20:00:00,26.700000000000003,28.200000000000003,47.6,3.2,8.0,28.6,28.040411,0.559589004516603
2023-12-08 21:00:00,28.6,28.8,42.5,3.2,7.0,30.1,27.774761,2.3252388000488295
2023-12-08 22:00:00,30.1,29.8,33.9,3.0,8.0,30.400000000000002,29.921387,0.47861328125000213
2023-12-08 23:00:00,30.400000000000002,32.1,29.1,2.3000000000000003,6.0,30.400000000000002,28.13693,2.26306953430176
2023-12-09 00:00:00,30.400000000000002,31.6,27.400000000000002,2.1,6.0,27.8,27.36355,0.43644981384277415
2023-12-09 01:00:00,27.8,32.4,27.1,2.1,7.0,28.0,25.942537,2.057462692260742
2023-12-09 02:00:00,28.0,31.200000000000003,26.6,2.2,7.0,26.400000000000002,25.317472,1.08252754211426
2023-12-09 03:00:00,26.400000000000002,28.8,25.5,2.2,10.0,25.0,23.106491,1.8935089111328125
2023-12-09 04:00:00,25.0,27.5,27.1,2.6,12.0,23.5,22.063873,1.436126708984375
2023-12-09 05:00:00,23.5,25.8,26.5,2.7,10.0,23.700000000000003,22.301025,1.3989746093750028
2023-12-09 06:00:00,23.700000000000003,25.400000000000002,26.6,2.7,7.0,23.5,24.012268,-0.51226806640625
2023-12-09 07:00:00,23.5,24.400000000000002,29.8,3.0,7.0,23.400000000000002,24.568771,-1.1687713623046854
2023-12-09 08:00:00,23.400000000000002,25.3,33.300000000000004,2.9000000000000004,5.0,22.900000000000002,24.276245,-1.3762451171874979
2023-12-09 09:00:00,22.900000000000002,29.6,33.9,2.6,4.0,22.200000000000003,22.623913,-0.42391281127929403
2023-12-09 10:00:00,22.200000000000003,29.400000000000002,33.0,2.8000000000000003,4.0,21.8,22.085682,-0.2856819152832024
2023-12-09 11:00:00,21.8,27.6,32.300000000000004,3.0,9.0,19.5,21.4224,-1.9223995208740234
2023-12-09 12:00:00,19.5,22.400000000000002,33.7,2.1,12.0,18.400000000000002,17.517466,0.8825344085693381
2023-12-09 13:00:00,18.400000000000002,20.1,34.7,2.1,13.0,19.0,17.015448,1.9845523834228516
2023-12-09 14:00:00,19.0,22.0,33.9,2.2,15.0,21.700000000000003,18.680254,3.0197460174560575
2023-12-09 15:00:00,21.700000000000003,23.5,32.5,2.2,16.0,22.200000000000003,21.805895,0.39410514831543253
2023-12-09 16:00:00,22.200000000000003,24.5,34.1,2.0,15.0,22.1,23.99742,-1.8974193572998033
2023-12-09 17:00:00,22.1,25.0,38.6,2.1,7.0,22.1,24.358843,-2.258842849731444
2023-12-09 18:00:00,22.1,25.8,39.800000000000004,2.0,5.0,24.5,23.118122,1.3818778991699219
2023-12-09 19:00:00,24.5,27.1,41.0,2.3000000000000003,4.0,25.700000000000003,25.558144,0.1418563842773466
2023-12-09 20:00:00,25.700000000000003,29.0,41.300000000000004,2.6,2.0,26.200000000000003,26.71304,-0.5130393981933565
2023-12-09 21:00:00,26.200000000000003,30.6,41.800000000000004,2.4000000000000004,3.0,26.400000000000002,26.334145,0.06585540771484588
2023-12-09 22:00:00,26.400000000000002,28.3,40.400000000000006,2.6,3.0,24.6,26.121536,-1.521536254882811
2023-12-09 23:00:00,24.6,27.5,34.4,2.5,3.0,22.5,23.145264,-0.645263671875
2023-12-10 00:00:00,22.5,25.700000000000003,27.0,2.4000000000000004,5.0,23.900000000000002,21.335373,2.5646270751953146
2023-12-10 01:00:00,23.900000000000002,25.700000000000003,25.700000000000003,2.1,11.0,24.3,22.2294,2.0705993652343757
2023-12-10 02:00:00,24.3,28.900000000000002,23.200000000000003,2.4000000000000004,14.0,24.0,21.674128,2.3258724212646484
2023-12-10 03:00:00,24.0,27.900000000000002,20.1,2.3000000000000003,14.0,22.3,21.287672,1.012327957153321
2023-12-10 04:00:00,22.3,25.3,18.2,2.7,14.0,22.8,20.50736,2.2926395416259773
2023-12-10 05:00:00,22.8,26.3,20.1,2.5,11.0,24.900000000000002,21.31637,3.5836299896240256
2023-12-10 06:00:00,24.900000000000002,26.6,19.3,2.6,10.0,22.700000000000003,23.68596,-0.9859607696533175
2023-12-10 07:00:00,22.700000000000003,23.5,21.200000000000003,2.7,8.0,24.0,22.576933,1.4230670928955078
2023-12-10 08:00:00,24.0,26.8,24.1,3.0,6.0,24.0,24.711155,-0.7111549377441406
2023-12-10 09:00:00,24.0,26.0,25.1,2.9000000000000004,7.0,22.700000000000003,23.14189,-0.44188957214355185
2023-12-10 10:00:00,22.700000000000003,25.5,23.8,3.1,8.0,22.5,22.005161,0.4948387145996094
2023-12-10 11:00:00,22.5,24.6,22.1,2.9000000000000004,9.0,26.3,20.804136,5.4958637237548835
2023-12-10 12:00:00,26.3,23.400000000000002,20.0,3.4000000000000004,11.0,21.200000000000003,22.984783,-1.784783172607419
2023-12-10 13:00:00,21.200000000000003,22.3,20.5,3.5,20.0,20.1,19.626791,0.4732089996337905
2023-12-10 14:00:00,20.1,20.900000000000002,22.900000000000002,3.7,19.0,19.5,18.560432,0.9395675659179688
2023-12-10 15:00:00,19.5,20.5,26.400000000000002,3.8000000000000003,17.0,19.1,19.669046,-0.5690464019775376
2023-12-10 16:00:00,19.1,20.200000000000003,31.6,4.7,13.0,20.1,21.596794,-1.4967941284179673
2023-12-10 17:00:00,20.1,21.3,41.5,4.2,6.0,19.900000000000002,22.440031,-2.54003105163574
2023-12-10 18:00:00,19.900000000000002,23.900000000000002,42.5,4.2,3.0,20.700000000000003,22.696943,-1.9969432830810518
2023-12-10 19:00:00,20.700000000000003,22.400000000000002,44.1,3.8000000000000003,1.0,20.8,22.951694,-2.15169448852539
2023-12-10 20:00:00,20.8,22.8,47.300000000000004,3.6,1.0,21.0,22.75016,-1.7501602172851562
2023-12-10 21:00:00,21.0,26.8,48.800000000000004,4.0,1.0,24.3,23.28256,1.0174396514892585
2023-12-10 22:00:00,24.3,28.5,53.6,4.2,0.0,28.6,24.87889,3.7211109161376967
2023-12-10 23:00:00,28.6,29.900000000000002,49.1,3.4000000000000004,1.0,27.1,28.88605,-1.7860492706298814
2023-12-11 00:00:00,27.1,29.700000000000003,38.6,2.5,2.0,33.2,24.842155,8.357844543457034
2023-12-11 01:00:00,33.2,37.4,38.400000000000006,2.4000000000000004,2.0,32.800000000000004,31.134634,1.6653659820556683
2023-12-11 02:00:00,32.800000000000004,39.800000000000004,37.300000000000004,2.2,0.0,34.9,31.679932,3.2200683593749986
2023-12-11 03:00:00,34.9,43.1,30.5,2.1,3.0,31.8,33.55153,-1.7515289306640618
2023-12-11 04:00:00,31.8,39.5,26.400000000000002,2.0,3.0,29.6,29.541431,0.058568572998048296
2023-12-11 05:00:00,29.6,38.300000000000004,25.700000000000003,2.0,3.0,29.3,28.7672,0.5327995300292976
2023-12-11 06:00:00,29.3,37.6,28.5,2.5,3.0,30.5,31.228277,-0.7282772064208984
2023-12-11 07:00:00,30.5,37.1,32.5,2.8000000000000003,3.0,31.6,32.694904,-1.0949043273925767
2023-12-11 08:00:00,31.6,36.7,35.7,2.8000000000000003,1.0,29.700000000000003,32.37226,-2.6722610473632784
2023-12-11 09:00:00,29.700000000000003,36.2,40.0,2.9000000000000004,2.0,29.900000000000002,30.249535,-0.3495346069335916
2023-12-11 10:00:00,29.900000000000002,36.7,37.5,2.3000000000000003,3.0,31.0,28.302559,2.6974411010742188
2023-12-11 11:00:00,31.0,37.2,34.1,2.4000000000000004,5.0,27.200000000000003,29.5942,-2.394200134277341
2023-12-11 12:00:00,27.200000000000003,31.6,34.4,2.5,8.0,29.8,26.446018,3.35398178100586
2023-12-11 13:00:00,29.8,33.5,34.7,3.4000000000000004,9.0,30.900000000000002,27.917892,2.9821075439453146
2023-12-11 14:00:00,30.900000000000002,36.9,35.9,2.6,9.0,29.8,30.168657,-0.3686573028564446
2023-12-11 15:00:00,29.8,36.2,34.7,3.4000000000000004,7.0,30.200000000000003,29.847435,0.3525650024414091
2023-12-11 16:00:00,30.200000000000003,35.2,37.800000000000004,2.7,3.0,30.200000000000003,31.899973,-1.6999729156494112
2023-12-11 17:00:00,30.200000000000003,39.2,38.2,3.3000000000000003,0.0,29.700000000000003,34.049957,-4.349957275390622
2023-12-11 18:00:00,29.700000000000003,40.400000000000006,42.1,3.2,0.0,37.300000000000004,34.511215,2.7887847900390668
2023-12-11 19:00:00,37.300000000000004,39.6,43.1,3.7,0.0,38.900000000000006,40.101208,-1.2012077331542912
2023-12-11 20:00:00,38.900000000000006,44.2,44.900000000000006,4.1000000000000005,0.0,40.300000000000004,40.616795,-0.31679458618163636
2023-12-11 21:00:00,40.300000000000004,45.6,43.5,5.2,0.0,38.0,42.584587,-4.584587097167969
2023-12-11 22:00:00,38.0,45.2,50.5,5.800000000000001,0.0,35.7,38.659687,-2.9596870422363253
2023-12-11 23:00:00,35.7,44.1,54.2,6.0,0.0,34.0,34.423874,-0.4238739013671875
2023-12-12 00:00:00,34.0,40.400000000000006,52.0,4.1000000000000005,0.0,37.9,32.90462,4.9953788757324205
2023-12-12 01:00:00,37.9,40.1,51.0,3.0,0.0,34.0,34.265774,-0.2657737731933594
2023-12-12 02:00:00,34.0,37.0,49.2,2.9000000000000004,0.0,33.300000000000004,31.098963,2.2010372161865277
2023-12-12 03:00:00,33.300000000000004,35.6,42.900000000000006,3.3000000000000003,0.0,34.4,29.973162,4.426838302612303
2023-12-12 04:00:00,34.4,36.1,43.800000000000004,3.2,0.0,35.6,32.25644,3.3435607910156264
2023-12-12 05:00:00,35.6,35.6,43.800000000000004,3.7,0.0,35.0,33.945774,1.0542259216308594
2023-12-12 06:00:00,35.0,33.2,43.1,3.5,0.0,28.6,36.783707,-8.183706665039061
2023-12-12 07:00:00,28.6,32.800000000000004,42.1,3.0,0.0,31.0,31.868969,-0.8689689636230469
2023-12-12 08:00:00,31.0,34.1,44.6,3.1,0.0,33.4,32.465958,0.9340423583984361
2023-12-12 09:00:00,33.4,35.5,47.300000000000004,3.6,1.0,33.1,32.226883,0.8731170654296889
2023-12-12 10:00:00,33.1,36.6,49.300000000000004,3.5,1.0,36.9,30.729826,6.170174026489256
2023-12-12 11:00:00,36.9,38.6,46.5,3.6,3.0,35.4,33.275463,2.1245368957519517
2023-12-12 12:00:00,35.4,39.7,51.0,3.8000000000000003,4.0,35.5,32.91679,2.583209991455078
2023-12-12 13:00:00,35.5,39.300000000000004,53.400000000000006,3.6,6.0,36.2,33.295437,2.9045631408691435
2023-12-12 14:00:00,36.2,41.6,54.2,3.3000000000000003,7.0,35.1,34.38514,0.7148605346679702
2023-12-12 15:00:00,35.1,42.0,55.400000000000006,3.2,6.0,36.1,36.1428,-0.04279937744140483
2023-12-12 16:00:00,36.1,38.0,54.5,2.9000000000000004,3.0,36.0,36.687008,-0.6870079040527344
2023-12-12 17:00:00,36.0,41.400000000000006,52.800000000000004,2.9000000000000004,0.0,35.5,38.37419,-2.8741912841796875
2023-12-12 18:00:00,35.5,39.6,50.7,3.6,0.0,36.0,38.503487,-2.5034866333007812
2023-12-12 19:00:00,36.0,41.5,47.900000000000006,3.9000000000000004,0.0,36.5,38.81643,-2.3164291381835938
2023-12-12 20:00:00,36.5,39.5,48.300000000000004,3.9000000000000004,0.0,38.2,38.57769,-0.3776901245117159
2023-12-12 21:00:00,38.2,41.400000000000006,47.400000000000006,3.9000000000000004,0.0,37.7,38.64653,-0.9465301513671847
2023-12-12 22:00:00,37.7,42.400000000000006,50.7,4.0,0.0,32.6,37.841465,-5.241464996337889
2023-12-12 23:00:00,32.6,35.7,49.6,3.6,0.0,32.300000000000004,33.112705,-0.8127052307128864
2023-12-13 00:00:00,32.300000000000004,31.3,46.6,3.4000000000000004,1.0,29.6,29.092451,0.5075489044189467
2023-12-13 01:00:00,29.6,33.1,44.5,3.3000000000000003,0.0,29.0,27.01881,1.9811897277832031
2023-12-13 02:00:00,29.0,32.300000000000004,43.7,3.3000000000000003,1.0,27.6,26.377127,1.2228733062744155
2023-12-13 03:00:00,27.6,28.5,42.0,3.5,0.0,29.0,25.245476,3.7545242309570312
2023-12-13 04:00:00,29.0,25.900000000000002,40.6,3.5,0.0,29.1,26.46255,2.637450790405275
2023-12-13 05:00:00,29.1,25.8,39.6,3.4000000000000004,0.0,28.8,27.84804,0.9519603729248054
2023-12-13 06:00:00,28.8,23.0,38.400000000000006,3.1,0.0,29.1,28.406498,0.6935020446777358
2023-12-13 07:00:00,29.1,24.6,41.6,3.6,0.0,30.700000000000003,31.172375,-0.47237472534179403
2023-12-13 08:00:00,30.700000000000003,26.3,42.900000000000006,3.6,0.0,31.5,31.356344,0.14365577697753906
2023-12-13 09:00:00,31.5,31.700000000000003,43.5,4.0,1.0,32.0,30.428701,1.571298599243164
2023-12-13 10:00:00,32.0,32.800000000000004,44.1,4.3,2.0,30.6,29.6266,0.9733997344970717
2023-12-13 11:00:00,30.6,30.400000000000002,48.1,3.8000000000000003,2.0,29.1,27.38294,1.717059707641603
2023-12-13 12:00:00,29.1,27.6,45.5,3.7,4.0,29.700000000000003,25.476002,4.22399826049805
2023-12-13 13:00:00,29.700000000000003,30.900000000000002,44.5,4.0,6.0,30.5,26.786036,3.7139644622802734
2023-12-13 14:00:00,30.5,31.700000000000003,46.5,3.6,6.0,30.0,28.613008,1.3869915008544922
2023-12-13 15:00:00,30.0,31.0,46.7,3.7,5.0,32.2,29.35644,2.8435604095459013
2023-12-13 16:00:00,32.2,33.5,48.6,4.4,2.0,33.5,33.29965,0.20035171508789062
2023-12-13 17:00:00,33.5,34.800000000000004,44.7,4.9,1.0,33.9,36.4977,-2.5976997375488295
2023-12-13 18:00:00,33.9,34.5,44.5,4.6000000000000005,0.0,36.0,36.567825,-0.5678253173828125
2023-12-13 19:00:00,36.0,35.2,43.800000000000004,4.2,0.0,39.0,38.839874,0.160125732421875
2023-12-13 20:00:00,39.0,41.900000000000006,40.7,4.3,0.0,38.5,39.870228,-1.3702278137207031
2023-12-13 21:00:00,38.5,41.1,40.0,5.0,0.0,35.800000000000004,38.402306,-2.6023056030273395
2023-12-13 22:00:00,35.800000000000004,38.800000000000004,38.900000000000006,5.5,0.0,35.1,36.370903,-1.2709030151367173
2023-12-13 23:00:00,35.1,37.800000000000004,37.2,4.2,1.0,35.0,32.674496,2.3255043029785156
2023-12-14 00:00:00,35.0,37.1,36.5,3.9000000000000004,1.0,31.5,32.795425,-1.2954254150390625
2023-12-14 01:00:00,31.5,41.2,36.300000000000004,3.6,0.0,31.200000000000003,30.62597,0.5740291595459013
2023-12-14 02:00:00,31.200000000000003,39.1,33.1,2.9000000000000004,1.0,32.0,29.652494,2.347505569458008
2023-12-14 03:00:00,32.0,36.9,32.1,2.9000000000000004,2.0,29.400000000000002,29.797028,-0.39702758789062287
2023-12-14 04:00:00,29.400000000000002,33.800000000000004,31.200000000000003,3.1,3.0,26.1,28.107296,-2.007295989990233
2023-12-14 05:00:00,26.1,33.800000000000004,29.0,2.8000000000000003,4.0,24.1,25.840298,-1.740297698974608
2023-12-14 06:00:00,24.1,33.6,30.1,3.1,5.0,25.3,26.031015,-0.7310153961181634
2023-12-14 07:00:00,25.3,34.4,32.4,3.5,4.0,27.200000000000003,27.73084,-0.5308406829833956
2023-12-14 08:00:00,27.200000000000003,35.1,33.300000000000004,3.1,2.0,26.400000000000002,29.660145,-3.260144805908201
2023-12-14 09:00:00,26.400000000000002,34.0,35.6,3.2,2.0,26.6,27.23927,-0.6392692565917955
2023-12-14 10:00:00,26.6,36.2,32.7,3.1,5.0,26.3,26.451748,-0.15174789428710866
2023-12-14 11:00:00,26.3,35.6,28.900000000000002,3.7,6.0,25.200000000000003,25.320215,-0.12021522521972372
2023-12-14 12:00:00,25.200000000000003,37.4,27.6,4.1000000000000005,9.0,24.700000000000003,24.265003,0.4349967956542997
2023-12-14 13:00:00,24.700000000000003,34.9,27.1,3.9000000000000004,12.0,25.400000000000002,24.565863,0.8341373443603537
2023-12-14 14:00:00,25.400000000000002,39.300000000000004,27.3,3.6,16.0,27.200000000000003,25.29022,1.9097797393798857
2023-12-14 15:00:00,27.200000000000003,38.6,31.200000000000003,3.6,14.0,27.400000000000002,28.983175,-1.5831752777099588
2023-12-14 16:00:00,27.400000000000002,39.900000000000006,35.1,3.6,13.0,31.700000000000003,30.715967,0.9840328216552763
2023-12-14 17:00:00,31.700000000000003,43.400000000000006,41.400000000000006,3.3000000000000003,8.0,31.8,35.509125,-3.7091247558593743
2023-12-14 18:00:00,31.8,46.6,43.1,3.5,2.0,34.5,35.865063,-1.3650627136230469
2023-12-14 19:00:00,34.5,47.1,45.2,3.0,1.0,32.6,38.891766,-6.2917655944824205
2023-12-14 20:00:00,32.6,49.800000000000004,45.1,3.3000000000000003,1.0,29.6,37.82276,-8.22276153564453
2023-12-14 21:00:00,29.6,46.1,39.800000000000004,3.6,1.0,27.6,31.854172,-4.254171752929686
2023-12-14 22:00:00,27.6,41.7,37.6,3.2,3.0,25.3,29.70145,-4.40145034790039
2023-12-14 23:00:00,25.3,35.9,35.4,2.8000000000000003,3.0,21.1,25.81453,-4.714529418945311
2023-12-15 00:00:00,21.1,32.2,33.300000000000004,2.6,6.0,22.700000000000003,21.093613,1.6063873291015653
2023-12-15 01:00:00,22.700000000000003,30.1,29.8,2.5,7.0,22.6,21.914652,0.6853481292724624
2023-12-15 02:00:00,22.6,27.1,29.700000000000003,2.4000000000000004,6.0,20.3,20.803907,-0.503907394409179
2023-12-15 03:00:00,20.3,26.900000000000002,29.5,2.4000000000000004,5.0,19.400000000000002,19.607944,-0.2079444885253885
2023-12-15 04:00:00,19.400000000000002,26.400000000000002,27.200000000000003,2.6,5.0,20.5,19.031214,1.4687862396240234
2023-12-15 05:00:00,20.5,26.0,28.8,2.8000000000000003,5.0,22.8,20.416737,2.3832633972167976
2023-12-15 06:00:00,22.8,26.400000000000002,30.0,2.9000000000000004,1.0,25.8,24.047276,1.75272445678711
2023-12-15 07:00:00,25.8,29.6,33.9,3.6,1.0,29.400000000000002,27.240156,2.1598438262939474
2023-12-15 08:00:00,29.400000000000002,37.0,38.6,3.5,0.0,31.5,32.380817,-0.8808174133300781
2023-12-15 09:00:00,31.5,43.5,37.6,3.5,4.0,29.6,31.955847,-2.355846786499022
2023-12-15 10:00:00,29.6,42.6,37.9,3.8000000000000003,6.0,21.1,28.191984,-7.091984176635741
2023-12-15 11:00:00,21.1,26.8,37.5,3.2,12.0,16.2,19.331474,-3.1314743041992195
2023-12-15 12:00:00,16.2,18.6,38.6,3.0,23.0,11.100000000000001,15.000234,-3.900233650207518
2023-12-15 13:00:00,11.100000000000001,14.100000000000001,36.6,2.9000000000000004,29.0,12.200000000000001,11.289831,0.9101688385009776
2023-12-15 14:00:00,12.200000000000001,13.100000000000001,35.4,2.9000000000000004,29.0,16.400000000000002,12.513667,3.886332893371584
2023-12-15 15:00:00,16.400000000000002,19.1,36.300000000000004,3.0,23.0,17.8,17.44694,0.35306053161621165
2023-12-15 16:00:00,17.8,19.8,41.1,3.2,16.0,21.900000000000002,20.079998,1.8200019836425803
2023-12-15 17:00:00,21.900000000000002,27.0,49.300000000000004,3.1,5.0,26.1,25.40785,0.6921497344970717
2023-12-15 18:00:00,26.1,33.7,51.300000000000004,3.4000000000000004,3.0,31.3,29.88402,1.4159801483154304
2023-12-15 19:00:00,31.3,42.800000000000004,60.900000000000006,3.8000000000000003,1.0,41.1,35.478344,5.6216560363769545
2023-12-15 20:00:00,41.1,49.300000000000004,65.3,4.2,0.0,42.900000000000006,44.48348,-1.5834785461425724
2023-12-15 21:00:00,42.900000000000006,52.1,61.7,4.2,0.0,45.1,45.70399,-0.6039909362792955
2023-12-15 22:00:00,45.1,59.0,54.7,4.9,0.0,43.900000000000006,46.926308,-3.0263076782226506
2023-12-15 23:00:00,43.900000000000006,52.0,55.900000000000006,4.5,0.0,36.6,44.491695,-7.891695404052733
2023-12-16 00:00:00,36.6,48.800000000000004,49.400000000000006,3.5,1.0,34.6,35.74999,-1.1499885559082017
2023-12-16 01:00:00,34.6,49.300000000000004,44.800000000000004,3.1,1.0,31.5,33.87912,-2.379119873046875
2023-12-16 02:00:00,31.5,45.0,41.6,2.9000000000000004,0.0,29.3,30.159529,-0.859528732299804
2023-12-16 03:00:00,29.3,39.5,38.400000000000006,3.1,0.0,27.5,28.059917,-0.5599174499511719
2023-12-16 04:00:00,27.5,34.0,35.9,3.0,3.0,25.1,26.963266,-1.8632663726806626
2023-12-16 05:00:00,25.1,31.6,34.9,2.5,3.0,23.5,24.619272,-1.119272232055664
2023-12-16 06:00:00,23.5,31.400000000000002,35.6,2.9000000000000004,3.0,21.900000000000002,25.055302,-3.1553016662597635
2023-12-16 07:00:00,21.900000000000002,29.6,35.9,3.1,1.0,26.900000000000002,24.397696,2.502304458618166
2023-12-16 08:00:00,26.900000000000002,30.1,42.300000000000004,3.3000000000000003,0.0,30.1,29.152142,0.9478584289550795
2023-12-16 09:00:00,30.1,34.5,42.800000000000004,3.6,1.0,29.400000000000002,29.362743,0.03725662231445526
2023-12-16 10:00:00,29.400000000000002,37.2,43.6,3.6,3.0,25.700000000000003,28.213491,-2.513491439819333
2023-12-16 11:00:00,25.700000000000003,34.5,42.0,3.7,6.0,25.900000000000002,24.377121,1.5228790283203146
2023-12-16 12:00:00,25.900000000000002,32.300000000000004,38.800000000000004,3.8000000000000003,14.0,23.3,24.035978,-0.7359783172607415
2023-12-16 13:00:00,23.3,30.400000000000002,36.2,3.8000000000000003,22.0,22.200000000000003,22.52681,-0.32680969238280966
2023-12-16 14:00:00,22.200000000000003,30.900000000000002,35.800000000000004,3.3000000000000003,27.0,22.6,23.642904,-1.0429042816162095
2023-12-16 15:00:00,22.6,30.8,36.800000000000004,2.7,25.0,23.0,23.885853,-0.8858528137207031
2023-12-16 16:00:00,23.0,30.8,39.6,3.1,18.0,24.1,25.7137,-1.613699340820311
2023-12-16 17:00:00,24.1,34.2,46.300000000000004,3.2,4.0,24.8,27.914207,-3.114207458496093
2023-12-16 18:00:00,24.8,30.8,51.900000000000006,3.3000000000000003,1.0,25.200000000000003,28.689745,-3.4897449493408175
2023-12-16 19:00:00,25.200000000000003,33.0,54.1,4.0,0.0,26.8,29.333876,-2.533875656127929
2023-12-16 20:00:00,26.8,34.0,61.6,5.0,0.0,26.0,31.547218,-5.547218322753906
2023-12-16 21:00:00,26.0,33.300000000000004,59.6,4.800000000000001,0.0,30.6,29.810276,0.7897239685058608
2023-12-16 22:00:00,30.6,33.2,55.0,4.4,0.0,30.3,31.819336,-1.5193359374999993
2023-12-16 23:00:00,30.3,36.2,51.2,4.5,0.0,38.1,31.083754,7.016246414184572
2023-12-17 00:00:00,38.1,40.800000000000004,49.1,4.2,0.0,36.9,35.88001,1.019991302490233
2023-12-17 01:00:00,36.9,41.400000000000006,48.6,3.8000000000000003,0.0,36.300000000000004,33.940983,2.3590171813964886
2023-12-17 02:00:00,36.300000000000004,39.0,45.1,3.4000000000000004,0.0,38.5,32.48866,6.011341094970703
2023-12-17 03:00:00,38.5,40.900000000000006,41.1,3.3000000000000003,0.0,36.0,35.51435,0.48564910888671875
2023-12-17 04:00:00,36.0,38.0,36.300000000000004,2.8000000000000003,0.0,33.5,33.553616,-0.053615570068359375
2023-12-17 05:00:00,33.5,41.300000000000004,32.7,2.3000000000000003,0.0,33.6,33.03096,0.5690399169921889
2023-12-17 06:00:00,33.6,43.900000000000006,29.3,2.3000000000000003,0.0,37.6,34.109253,3.4907470703125014
2023-12-17 07:00:00,37.6,42.7,32.0,3.2,0.0,34.2,39.332306,-5.132305908203122
2023-12-17 08:00:00,34.2,40.6,34.6,3.1,0.0,34.300000000000004,36.866985,-2.5669853210449176
2023-12-17 09:00:00,34.300000000000004,39.300000000000004,33.9,2.7,3.0,34.2,34.04339,0.1566116333007841
2023-12-17 10:00:00,34.2,36.800000000000004,34.300000000000004,2.9000000000000004,3.0,31.900000000000002,32.513706,-0.6137062072753885
2023-12-17 11:00:00,31.900000000000002,36.2,31.5,3.9000000000000004,6.0,33.9,30.315157,3.5848430633544908
2023-12-17 12:00:00,33.9,39.900000000000006,30.3,4.3,11.0,33.9,31.319818,2.580181503295897
2023-12-17 13:00:00,33.9,37.800000000000004,30.400000000000002,3.8000000000000003,19.0,30.8,31.22018,-0.42018051147460866
2023-12-17 14:00:00,30.8,34.300000000000004,28.6,3.7,21.0,29.8,29.429827,0.3701732635498054
2023-12-17 15:00:00,29.8,35.7,28.700000000000003,3.3000000000000003,18.0,30.900000000000002,30.16116,0.7388404846191428
2023-12-17 16:00:00,30.900000000000002,36.2,31.1,3.4000000000000004,15.0,30.5,33.24319,-2.7431907653808594
2023-12-17 17:00:00,30.5,38.800000000000004,35.6,2.9000000000000004,6.0,34.6,33.23217,1.3678298950195327
2023-12-17 18:00:00,34.6,41.300000000000004,37.800000000000004,3.0,5.0,38.2,37.95991,0.24008865356445597
2023-12-17 19:00:00,38.2,43.900000000000006,39.0,3.5,1.0,43.6,40.56026,3.0397392272949233
2023-12-17 20:00:00,43.6,46.5,40.400000000000006,3.9000000000000004,0.0,45.900000000000006,47.38441,-1.4844108581542912
2023-12-17 21:00:00,45.900000000000006,49.1,43.800000000000004,3.4000000000000004,0.0,43.900000000000006,47.57476,-3.674760437011713
2023-12-17 22:00:00,43.900000000000006,49.2,42.0,3.2,1.0,44.0,45.512863,-1.5128631591796875
2023-12-17 23:00:00,44.0,50.0,38.1,3.1,1.0,43.7,44.8567,-1.156700897216794
2023-12-18 00:00:00,43.7,48.400000000000006,34.300000000000004,2.9000000000000004,2.0,49.1,43.005314,6.094686126708986
2023-12-18 01:00:00,49.1,53.900000000000006,32.4,3.0,1.0,55.300000000000004,47.380657,7.919342803955082
2023-12-18 02:00:00,55.300000000000004,62.2,32.0,3.1,1.0,55.5,52.64357,2.8564300537109375
2023-12-18 03:00:00,55.5,60.1,32.2,2.8000000000000003,0.0,49.0,53.00672,-4.006721496582031
2023-12-18 04:00:00,49.0,53.900000000000006,29.3,3.1,2.0,52.1,46.888,5.211999511718751
2023-12-18 05:00:00,52.1,53.300000000000004,30.200000000000003,3.5,3.0,52.1,48.25891,3.8410888671875014
2023-12-18 06:00:00,52.1,54.400000000000006,29.3,3.5,2.0,54.6,50.254997,4.345002746582033
2023-12-18 07:00:00,54.6,55.800000000000004,35.6,3.5,2.0,56.400000000000006,52.88029,3.519709014892584
2023-12-18 08:00:00,56.400000000000006,56.5,40.400000000000006,3.8000000000000003,1.0,53.2,53.967793,-0.7677925109863253
2023-12-18 09:00:00,53.2,57.400000000000006,43.300000000000004,3.8000000000000003,3.0,50.7,49.986477,0.7135231018066435
2023-12-18 10:00:00,50.7,58.300000000000004,40.6,4.0,3.0,48.400000000000006,47.557175,0.8428253173828182
2023-12-18 11:00:00,48.400000000000006,54.7,40.2,4.2,6.0,49.5,46.429337,3.0706634521484375
2023-12-18 12:00:00,49.5,54.800000000000004,39.900000000000006,4.9,10.0,44.800000000000004,45.55397,-0.7539703369140582
2023-12-18 13:00:00,44.800000000000004,55.1,44.900000000000006,4.800000000000001,13.0,46.6,42.819595,3.780404663085939
2023-12-18 14:00:00,46.6,58.800000000000004,46.6,4.9,15.0,42.1,44.368484,-2.268484497070311
2023-12-18 15:00:00,42.1,51.5,49.0,4.9,14.0,40.7,41.79533,-1.095330047607419
2023-12-18 16:00:00,40.7,48.300000000000004,51.6,5.2,8.0,44.2,43.591785,0.6082145690917997
2023-12-18 17:00:00,44.2,52.6,55.800000000000004,4.9,2.0,45.800000000000004,48.12261,-2.322608184814449
2023-12-18 18:00:00,45.800000000000004,58.300000000000004,57.0,5.0,1.0,47.6,50.60362,-3.0036186218261705
2023-12-18 19:00:00,47.6,61.800000000000004,57.800000000000004,4.9,1.0,51.1,52.518784,-1.418783569335936
2023-12-18 20:00:00,51.1,62.400000000000006,55.6,4.6000000000000005,1.0,56.6,55.05528,1.5447212219238295
2023-12-18 21:00:00,56.6,68.60000000000001,57.2,4.2,0.0,56.6,60.313484,-3.71348419189453
2023-12-18 22:00:00,56.6,73.5,52.1,4.2,1.0,58.300000000000004,59.73965,-1.4396507263183551
2023-12-18 23:00:00,58.300000000000004,71.4,50.1,4.1000000000000005,1.0,54.900000000000006,57.815357,-2.9153572082519474
2023-12-19 00:00:00,54.900000000000006,64.2,47.0,3.9000000000000004,0.0,63.300000000000004,56.18861,7.111389923095707
2023-12-19 01:00:00,63.300000000000004,78.5,47.900000000000006,4.0,1.0,62.0,58.499214,3.5007858276367188
2023-12-19 02:00:00,62.0,73.2,44.0,4.9,0.0,55.0,60.629456,-5.62945556640625
2023-12-19 03:00:00,55.0,63.6,44.6,4.800000000000001,0.0,57.2,53.64636,3.5536415100097685
2023-12-19 04:00:00,57.2,61.800000000000004,41.0,4.3,0.0,52.800000000000004,53.586906,-0.7869064331054645
2023-12-19 05:00:00,52.800000000000004,60.0,42.400000000000006,4.7,0.0,49.900000000000006,50.289906,-0.38990554809569744
2023-12-19 06:00:00,49.900000000000006,53.800000000000004,40.0,4.5,1.0,48.800000000000004,51.266895,-2.466895294189449
2023-12-19 07:00:00,48.800000000000004,55.900000000000006,40.2,4.6000000000000005,0.0,50.5,50.724552,-0.22455215454101562
2023-12-19 08:00:00,50.5,51.800000000000004,43.5,5.2,1.0,54.300000000000004,49.59249,4.7075088500976605
2023-12-19 09:00:00,54.300000000000004,53.300000000000004,52.5,5.9,2.0,52.800000000000004,50.622814,2.1771858215332074
2023-12-19 10:00:00,52.800000000000004,55.5,51.6,5.7,5.0,47.0,47.70994,-0.7099418640136719
2023-12-19 11:00:00,47.0,53.1,58.900000000000006,6.0,7.0,40.800000000000004,43.68649,-2.886489105224605
2023-12-19 12:00:00,40.800000000000004,49.300000000000004,59.5,6.1000000000000005,10.0,39.300000000000004,37.532536,1.7674644470214886
2023-12-19 13:00:00,39.300000000000004,44.6,54.800000000000004,5.300000000000001,12.0,38.6,36.75463,1.8453689575195327
2023-12-19 14:00:00,38.6,46.300000000000004,52.800000000000004,5.4,13.0,37.1,37.81878,-0.7187789916992173
2023-12-19 15:00:00,37.1,44.1,53.1,6.0,14.0,36.0,36.409428,-0.4094276428222656
2023-12-19 16:00:00,36.0,45.5,64.3,6.1000000000000005,10.0,39.2,38.47471,0.7252914428710966
2023-12-19 17:00:00,39.2,48.7,73.10000000000001,6.0,3.0,42.7,42.78206,-0.08205871582030966
2023-12-19 18:00:00,42.7,51.2,70.60000000000001,6.300000000000001,1.0,45.400000000000006,49.029083,-3.6290832519531193
2023-12-19 19:00:00,45.400000000000006,57.800000000000004,70.5,6.9,0.0,49.400000000000006,50.695034,-1.2950340270996037
2023-12-19 20:00:00,49.400000000000006,61.800000000000004,71.4,6.800000000000001,0.0,55.5,54.239555,1.2604446411132812
2023-12-19 21:00:00,55.5,66.4,72.3,6.9,0.0,56.1,60.324444,-4.2244438171386705
2023-12-19 22:00:00,56.1,68.60000000000001,70.10000000000001,6.800000000000001,0.0,61.300000000000004,60.659992,0.6400077819824261
2023-12-19 23:00:00,61.300000000000004,65.8,67.2,6.300000000000001,0.0,57.2,60.044773,-2.844773101806638
2023-12-20 00:00:00,57.2,69.8,63.1,6.1000000000000005,0.0,70.9,61.038624,9.861376190185553
2023-12-20 01:00:00,70.9,76.0,60.400000000000006,6.9,0.0,61.300000000000004,66.96751,-5.667506408691402
2023-12-20 02:00:00,61.300000000000004,72.0,56.7,6.300000000000001,0.0,58.0,59.345055,-1.3450546264648438
2023-12-20 03:00:00,58.0,65.4,49.0,5.800000000000001,0.0,59.5,55.229626,4.270374298095703
2023-12-20 04:00:00,59.5,65.2,47.300000000000004,5.9,0.0,60.6,59.350826,1.249173736572267
2023-12-20 05:00:00,60.6,66.60000000000001,47.900000000000006,5.4,0.0,55.2,61.388885,-6.188885498046872
2023-12-20 06:00:00,55.2,60.6,45.800000000000004,5.2,0.0,51.400000000000006,56.405823,-5.005822753906244
2023-12-20 07:00:00,51.400000000000006,55.900000000000006,45.1,5.6000000000000005,0.0,46.300000000000004,52.717094,-6.4170944213867145
2023-12-20 08:00:00,46.300000000000004,49.7,45.900000000000006,6.1000000000000005,1.0,42.800000000000004,48.858788,-6.0587875366210895
2023-12-20 09:00:00,42.800000000000004,47.2,50.0,6.1000000000000005,2.0,39.7,43.152332,-3.4523323059082003
2023-12-20 10:00:00,39.7,47.5,51.400000000000006,6.300000000000001,3.0,35.6,37.15504,-1.5550407409667955
2023-12-20 11:00:00,35.6,44.5,45.5,6.2,5.0,30.8,33.99323,-3.193228912353515
2023-12-20 12:00:00,30.8,41.2,45.6,5.1000000000000005,5.0,34.5,29.788616,4.711383819580078
2023-12-20 13:00:00,34.5,43.0,43.900000000000006,5.1000000000000005,13.0,37.5,31.681488,5.818511962890625
2023-12-20 14:00:00,37.5,45.400000000000006,45.900000000000006,4.3,15.0,39.0,36.59015,2.40985107421875
2023-12-20 15:00:00,39.0,46.6,50.5,4.2,15.0,40.0,38.825066,1.1749343872070312
2023-12-20 16:00:00,40.0,48.300000000000004,53.1,4.6000000000000005,10.0,44.2,43.812927,0.38707275390625284
2023-12-20 17:00:00,44.2,54.0,60.5,5.2,3.0,45.0,49.17147,-4.171470642089844
2023-12-20 18:00:00,45.0,55.900000000000006,58.900000000000006,5.6000000000000005,3.0,48.800000000000004,51.006226,-2.2062255859374957
2023-12-20 19:00:00,48.800000000000004,56.2,57.300000000000004,6.0,4.0,50.400000000000006,52.195087,-1.7950874328613224
2023-12-20 20:00:00,50.400000000000006,59.0,53.400000000000006,6.0,2.0,50.400000000000006,54.208313,-3.8083129882812443
2023-12-20 21:00:00,50.400000000000006,59.300000000000004,51.300000000000004,6.1000000000000005,2.0,48.400000000000006,53.589417,-5.189416503906244
2023-12-20 22:00:00,48.400000000000006,71.0,45.900000000000006,5.9,0.0,52.5,52.098305,0.40169525146484375
2023-12-20 23:00:00,52.5,70.9,47.2,5.800000000000001,1.0,51.7,53.912655,-2.2126548767089815
2023-12-21 00:00:00,51.7,62.400000000000006,47.300000000000004,4.5,1.0,50.7,54.3664,-3.6664016723632784
2023-12-21 01:00:00,50.7,78.60000000000001,43.800000000000004,4.1000000000000005,2.0,57.800000000000004,47.922268,9.877732086181645
2023-12-21 02:00:00,57.800000000000004,72.9,39.1,3.7,1.0,55.1,56.793354,-1.6933540344238267
2023-12-21 03:00:00,55.1,70.10000000000001,37.7,3.3000000000000003,2.0,54.7,54.36262,0.33737869262695597
2023-12-21 04:00:00,54.7,67.7,35.0,3.2,2.0,53.5,53.16345,0.3365516662597656
2023-12-21 05:00:00,53.5,63.1,36.7,3.1,2.0,44.900000000000006,51.370445,-6.470445251464838
2023-12-21 06:00:00,44.900000000000006,56.800000000000004,39.0,3.1,1.0,41.6,47.655136,-6.055136108398436
2023-12-21 07:00:00,41.6,47.900000000000006,40.1,4.2,1.0,45.0,42.973824,2.0261764526367188
2023-12-21 08:00:00,45.0,53.6,44.1,4.5,1.0,46.800000000000004,46.566216,0.2337844848632855
2023-12-21 09:00:00,46.800000000000004,57.300000000000004,44.900000000000006,5.300000000000001,2.0,51.900000000000006,47.311207,4.588793182373053
2023-12-21 10:00:00,51.900000000000006,61.5,44.5,5.6000000000000005,3.0,50.400000000000006,49.964817,0.43518295288086506
2023-12-21 11:00:00,50.400000000000006,56.0,49.7,5.5,7.0,44.1,48.4187,-4.318701171874999
2023-12-21 12:00:00,44.1,51.6,53.400000000000006,5.1000000000000005,9.0,36.6,43.126682,-6.526682281494139
2023-12-21 13:00:00,36.6,44.5,53.800000000000004,5.1000000000000005,10.0,34.300000000000004,34.926186,-0.626185607910152
2023-12-21 14:00:00,34.300000000000004,41.7,55.1,5.4,9.0,37.6,33.372314,4.227685546875001
2023-12-21 15:00:00,37.6,46.300000000000004,56.0,5.4,6.0,38.5,39.42223,-0.9222297668457031
2023-12-21 16:00:00,38.5,43.2,56.1,5.800000000000001,4.0,42.5,39.315987,3.1840133666992188
2023-12-21 17:00:00,42.5,53.5,62.2,6.1000000000000005,1.0,43.5,46.91902,-3.4190216064453125
2023-12-21 18:00:00,43.5,54.6,61.1,6.9,1.0,45.5,50.731567,-5.2315673828125
2023-12-21 19:00:00,45.5,56.800000000000004,59.6,5.6000000000000005,2.0,43.300000000000004,51.292683,-7.992682647705074
2023-12-21 20:00:00,43.300000000000004,53.800000000000004,61.6,5.7,1.0,42.6,48.21591,-5.615911865234374
2023-12-21 21:00:00,42.6,52.900000000000006,54.7,5.1000000000000005,1.0,40.5,44.385536,-3.8855361938476562
2023-12-21 22:00:00,40.5,51.2,49.300000000000004,5.1000000000000005,1.0,39.5,42.620937,-3.1209373474121094
2023-12-21 23:00:00,39.5,49.400000000000006,46.5,4.1000000000000005,2.0,40.800000000000004,38.274483,2.525517272949223
2023-12-22 00:00:00,40.800000000000004,47.400000000000006,44.0,3.9000000000000004,3.0,31.400000000000002,38.762993,-7.362992858886717
2023-12-22 01:00:00,31.400000000000002,37.0,43.1,4.2,5.0,29.700000000000003,30.28992,-0.5899208068847628
2023-12-22 02:00:00,29.700000000000003,31.0,40.800000000000004,3.5,2.0,26.0,27.076118,-1.0761184692382812
2023-12-22 03:00:00,26.0,31.3,36.800000000000004,3.1,7.0,20.8,23.47744,-2.677439880371093
2023-12-22 04:00:00,20.8,22.5,29.900000000000002,2.7,17.0,14.600000000000001,19.497211,-4.897211456298827
2023-12-22 05:00:00,14.600000000000001,16.900000000000002,27.0,2.5,19.0,14.100000000000001,14.421671,-0.32167091369628764
2023-12-22 06:00:00,14.100000000000001,14.0,28.1,2.6,27.0,11.9,14.857176,-2.957175827026367
2023-12-22 07:00:00,11.9,16.0,30.8,2.6,23.0,12.0,13.593293,-1.5932931900024414
2023-12-22 08:00:00,12.0,16.0,32.4,2.3000000000000003,27.0,11.100000000000001,12.615826,-1.5158256530761705
2023-12-22 09:00:00,11.100000000000001,16.7,37.2,1.9000000000000001,32.0,9.600000000000001,11.466752,-1.8667520523071275
2023-12-22 10:00:00,9.600000000000001,15.0,34.5,1.9000000000000001,43.0,9.200000000000001,9.507603,-0.30760269165038956
2023-12-22 11:00:00,9.200000000000001,14.3,24.6,1.9000000000000001,54.0,9.200000000000001,9.374091,-0.17409114837646378
2023-12-22 12:00:00,9.200000000000001,12.8,18.1,2.0,63.0,11.3,9.237163,2.0628374099731452
2023-12-22 13:00:00,11.3,12.5,17.5,2.1,63.0,9.5,10.997004,-1.4970035552978516
2023-12-22 14:00:00,9.5,11.3,17.7,1.9000000000000001,67.0,9.9,9.694645,0.20535507202148473
2023-12-22 15:00:00,9.9,10.5,17.2,2.5,66.0,11.9,10.260265,1.6397346496582035
2023-12-22 16:00:00,11.9,11.8,23.6,3.1,52.0,14.3,13.190741,1.1092594146728523
2023-12-22 17:00:00,14.3,17.1,38.5,3.6,36.0,17.3,17.253881,0.04611854553222727
2023-12-22 18:00:00,17.3,18.6,51.6,3.4000000000000004,18.0,20.1,20.28946,-0.18945922851562358
2023-12-22 19:00:00,20.1,22.1,63.400000000000006,4.2,4.0,20.3,24.313744,-4.013743591308593
2023-12-22 20:00:00,20.3,22.6,64.5,4.7,6.0,20.6,23.45763,-2.8576301574707017
2023-12-22 21:00:00,20.6,23.3,58.300000000000004,5.300000000000001,7.0,18.0,22.525265,-4.525264739990234
2023-12-22 22:00:00,18.0,21.3,53.0,4.800000000000001,14.0,18.0,19.452732,-1.4527320861816406
2023-12-22 23:00:00,18.0,20.8,40.400000000000006,4.1000000000000005,19.0,17.7,18.254217,-0.5542171478271491
2023-12-23 00:00:00,17.7,19.200000000000003,37.7,4.1000000000000005,22.0,16.5,17.283058,-0.7830581665039062
2023-12-23 01:00:00,16.5,19.3,31.900000000000002,3.0,28.0,14.600000000000001,16.200018,-1.600017929077147
2023-12-23 02:00:00,14.600000000000001,18.8,28.1,2.8000000000000003,28.0,15.700000000000001,14.487004,1.212995719909669
2023-12-23 03:00:00,15.700000000000001,18.900000000000002,29.400000000000002,2.3000000000000003,19.0,14.600000000000001,14.808873,-0.2088731765747056
2023-12-23 04:00:00,14.600000000000001,18.900000000000002,27.1,2.6,21.0,14.8,14.115759,0.6842411041259773
2023-12-23 05:00:00,14.8,18.5,26.900000000000002,3.3000000000000003,20.0,16.1,15.134613,0.9653869628906264
2023-12-23 06:00:00,16.1,18.5,29.200000000000003,3.2,12.0,17.0,17.226078,-0.22607803344726562
2023-12-23 07:00:00,17.0,19.400000000000002,35.1,2.9000000000000004,8.0,18.8,18.842638,-0.0426380157470696
2023-12-23 08:00:00,18.8,21.900000000000002,47.7,3.1,4.0,20.6,19.351782,1.248218154907228
2023-12-23 09:00:00,20.6,24.400000000000002,48.5,3.9000000000000004,3.0,20.400000000000002,20.448446,-0.048446273803708806
2023-12-23 10:00:00,20.400000000000002,25.400000000000002,47.1,5.300000000000001,9.0,18.8,19.673649,-0.8736488342285149
2023-12-23 11:00:00,18.8,24.8,39.2,4.800000000000001,14.0,16.3,17.090351,-0.7903511047363274
2023-12-23 12:00:00,16.3,21.6,33.300000000000004,4.5,29.0,14.700000000000001,15.4690075,-0.7690074920654286
2023-12-23 13:00:00,14.700000000000001,18.1,30.3,4.4,34.0,14.100000000000001,14.3225155,-0.22251548767089702
2023-12-23 14:00:00,14.100000000000001,17.0,27.3,4.4,41.0,13.9,14.3391075,-0.439107513427734
2023-12-23 15:00:00,13.9,16.7,29.8,4.9,39.0,14.700000000000001,15.346102,-0.6461017608642567
2023-12-23 16:00:00,14.700000000000001,16.900000000000002,34.0,5.1000000000000005,33.0,16.7,17.428173,-0.7281730651855476
2023-12-23 17:00:00,16.7,19.400000000000002,42.6,5.300000000000001,18.0,17.2,20.986084,-3.7860839843750007
2023-12-23 18:00:00,17.2,21.400000000000002,44.6,5.1000000000000005,13.0,17.1,21.833601,-4.733600997924803
2023-12-23 19:00:00,17.1,21.3,50.5,4.6000000000000005,7.0,15.700000000000001,21.173306,-5.473305511474608
2023-12-23 20:00:00,15.700000000000001,20.5,46.300000000000004,4.0,8.0,17.1,18.375967,-1.2759670257568345
2023-12-23 21:00:00,17.1,22.8,46.5,3.8000000000000003,7.0,19.5,18.852835,0.6471652984619141
2023-12-23 22:00:00,19.5,25.8,42.1,3.7,11.0,22.0,21.037333,0.9626674652099609
2023-12-23 23:00:00,22.0,26.900000000000002,38.900000000000006,4.2,11.0,21.1,22.020864,-0.9208644866943345
2023-12-24 00:00:00,21.1,26.700000000000003,39.0,3.6,11.0,19.1,20.64483,-1.5448307037353501
2023-12-24 01:00:00,19.1,25.900000000000002,29.400000000000002,2.7,13.0,16.0,18.425175,-2.4251747131347656
2023-12-24 02:00:00,16.0,22.200000000000003,27.400000000000002,2.4000000000000004,16.0,14.700000000000001,15.600689,-0.9006889343261708
2023-12-24 03:00:00,14.700000000000001,23.3,24.900000000000002,2.5,18.0,13.8,14.724704,-0.9247037887573235
2023-12-24 04:00:00,13.8,22.200000000000003,21.6,2.4000000000000004,23.0,14.700000000000001,13.838414,0.861585807800294
2023-12-24 05:00:00,14.700000000000001,21.6,17.7,2.4000000000000004,28.0,13.0,15.013886,-2.0138864517211914
2023-12-24 06:00:00,13.0,18.7,17.1,3.4000000000000004,30.0,12.8,14.230414,-1.4304143905639641
2023-12-24 07:00:00,12.8,17.7,21.400000000000002,3.7,25.0,13.0,13.835854,-0.8358535766601562
2023-12-24 08:00:00,13.0,18.6,23.8,3.5,24.0,13.600000000000001,13.826783,-0.22678318023681499
2023-12-24 09:00:00,13.600000000000001,19.6,25.3,3.2,25.0,13.700000000000001,14.183567,-0.48356704711913956
2023-12-24 10:00:00,13.700000000000001,17.900000000000002,22.3,3.5,26.0,13.200000000000001,13.253705,-0.053705024719237215
2023-12-24 11:00:00,13.200000000000001,18.8,24.1,3.5,32.0,11.4,13.202736,-1.802735900878906
2023-12-24 12:00:00,11.4,17.8,21.0,3.7,41.0,12.200000000000001,11.826907,0.37309284210205185
2023-12-24 13:00:00,12.200000000000001,16.900000000000002,18.7,3.6,44.0,12.8,12.491424,0.3085763931274421
2023-12-24 14:00:00,12.8,15.9,18.3,3.9000000000000004,49.0,10.600000000000001,13.146759,-2.5467590332031236
2023-12-24 15:00:00,10.600000000000001,15.700000000000001,19.3,4.2,51.0,11.600000000000001,12.351208,-0.7512077331542955
2023-12-24 16:00:00,11.600000000000001,17.0,23.700000000000003,4.0,49.0,11.9,14.041895,-2.141894912719726
2023-12-24 17:00:00,11.9,17.6,24.5,4.6000000000000005,39.0,12.0,15.139907,-3.139906883239746
2023-12-24 18:00:00,12.0,17.400000000000002,29.3,3.9000000000000004,30.0,12.4,15.326189,-2.926189041137695
2023-12-24 19:00:00,12.4,17.3,29.700000000000003,3.3000000000000003,28.0,12.200000000000001,15.261365,-3.061364936828612
2023-12-24 20:00:00,12.200000000000001,19.0,29.700000000000003,3.2,35.0,12.0,15.347458,-3.3474578857421875
2023-12-24 21:00:00,12.0,17.400000000000002,29.1,3.2,34.0,12.0,14.599554,-2.5995540618896484
2023-12-24 22:00:00,12.0,16.2,24.200000000000003,2.3000000000000003,38.0,12.100000000000001,13.54659,-1.446589851379393
2023-12-24 23:00:00,12.100000000000001,15.700000000000001,24.700000000000003,2.1,39.0,9.700000000000001,13.222974,-3.522973823547362
2023-12-25 00:00:00,9.700000000000001,16.0,19.700000000000003,2.3000000000000003,35.0,11.600000000000001,9.784372,1.8156276702880874
2023-12-25 01:00:00,11.600000000000001,17.1,19.5,1.9000000000000001,31.0,16.0,11.556506,4.443493843078613
2023-12-25 02:00:00,16.0,23.6,18.8,2.0,33.0,17.5,16.383234,1.1167659759521484
2023-12-25 03:00:00,17.5,25.3,18.5,2.1,26.0,18.2,17.366438,0.8335620880126946
2023-12-25 04:00:00,18.2,20.900000000000002,18.0,2.4000000000000004,24.0,16.400000000000002,17.0545,-0.6545005798339822
2023-12-25 05:00:00,16.400000000000002,22.0,19.200000000000003,2.4000000000000004,17.0,20.200000000000003,16.539007,3.6609928131103544
2023-12-25 06:00:00,20.200000000000003,25.3,21.8,2.3000000000000003,11.0,20.700000000000003,21.461517,-0.7615173339843722
2023-12-25 07:00:00,20.700000000000003,26.400000000000002,23.400000000000002,2.8000000000000003,5.0,21.8,22.496304,-0.6963035583496087
2023-12-25 08:00:00,21.8,27.0,33.800000000000004,3.1,4.0,22.900000000000002,23.429245,-0.5292449951171854
2023-12-25 09:00:00,22.900000000000002,28.200000000000003,32.4,3.1,4.0,24.700000000000003,22.878468,1.8215324401855497
2023-12-25 10:00:00,24.700000000000003,29.400000000000002,31.3,2.8000000000000003,4.0,23.0,23.618828,-0.6188278198242188
2023-12-25 11:00:00,23.0,31.700000000000003,31.1,3.5,11.0,22.0,22.369453,-0.36945343017578125
2023-12-25 12:00:00,22.0,29.1,26.8,3.6,25.0,22.0,21.462057,0.5379428863525391
2023-12-25 13:00:00,22.0,31.200000000000003,23.0,3.5,31.0,19.6,21.896084,-2.296083831787108
2023-12-25 14:00:00,19.6,29.700000000000003,19.0,3.1,41.0,18.400000000000002,19.509449,-1.109449005126951
2023-12-25 15:00:00,18.400000000000002,26.8,18.6,3.1,41.0,17.6,19.133781,-1.5337814331054673
2023-12-25 16:00:00,17.6,26.0,26.200000000000003,3.4000000000000004,38.0,20.3,20.41206,-0.11205978393554616
2023-12-25 17:00:00,20.3,27.700000000000003,34.7,3.3000000000000003,28.0,22.5,23.730938,-1.2309379577636719
2023-12-25 18:00:00,22.5,28.700000000000003,43.6,3.3000000000000003,11.0,24.1,25.800625,-1.700624847412108
2023-12-25 19:00:00,24.1,31.900000000000002,44.2,3.4000000000000004,5.0,29.400000000000002,27.268677,2.131323242187502
2023-12-25 20:00:00,29.400000000000002,36.4,46.1,3.3000000000000003,2.0,27.900000000000002,31.59236,-3.6923595428466776
2023-12-25 21:00:00,27.900000000000002,36.6,44.2,2.9000000000000004,1.0,31.3,29.403574,1.8964260101318366
2023-12-25 22:00:00,31.3,39.400000000000006,46.6,2.6,1.0,32.6,31.176258,1.4237419128417983
2023-12-25 23:00:00,32.6,39.800000000000004,41.5,2.5,2.0,30.700000000000003,31.198917,-0.4989173889160128
2023-12-26 00:00:00,30.700000000000003,38.900000000000006,38.7,2.4000000000000004,2.0,39.6,29.4333,10.166699981689455
2023-12-26 01:00:00,39.6,39.7,43.800000000000004,2.3000000000000003,1.0,38.400000000000006,34.716526,3.683473968505865
2023-12-26 02:00:00,38.400000000000006,38.400000000000006,41.300000000000004,2.5,1.0,39.6,34.78663,4.81337127685547
2023-12-26 03:00:00,39.6,38.1,37.6,2.7,0.0,40.800000000000004,35.705055,5.094944763183598
2023-12-26 04:00:00,40.800000000000004,37.4,35.300000000000004,2.6,0.0,40.400000000000006,37.06227,3.337728881835943
2023-12-26 05:00:00,40.400000000000006,36.4,35.4,2.5,1.0,38.6,36.293766,2.306233978271486
2023-12-26 06:00:00,38.6,37.800000000000004,34.5,2.3000000000000003,1.0,45.6,37.189106,8.410894012451173
2023-12-26 07:00:00,45.6,43.7,31.5,3.2,1.0,46.6,45.361916,1.2380844116210952
2023-12-26 08:00:00,46.6,48.1,38.300000000000004,3.1,0.0,48.5,46.661327,1.8386726379394531
2023-12-26 09:00:00,48.5,47.900000000000006,36.6,2.9000000000000004,1.0,44.0,45.716152,-1.7161521911621094
2023-12-26 10:00:00,44.0,44.0,38.400000000000006,3.3000000000000003,2.0,33.0,40.273212,-7.273212432861328
2023-12-26 11:00:00,33.0,36.5,29.1,2.9000000000000004,5.0,27.1,31.219318,-4.119318389892577
2023-12-26 12:00:00,27.1,32.9,22.900000000000002,2.1,21.0,25.200000000000003,24.47852,0.7214805603027372
2023-12-26 13:00:00,25.200000000000003,32.7,23.3,2.0,22.0,24.6,24.114218,0.4857822418212905
2023-12-26 14:00:00,24.6,32.9,21.8,2.4000000000000004,29.0,25.8,24.06266,1.7373397827148445
2023-12-26 15:00:00,25.8,30.3,21.0,2.8000000000000003,32.0,27.700000000000003,25.13472,2.5652801513671903
2023-12-26 16:00:00,27.700000000000003,34.300000000000004,24.700000000000003,2.8000000000000003,25.0,31.400000000000002,29.756435,1.6435646057128928
2023-12-26 17:00:00,31.400000000000002,37.1,38.900000000000006,2.7,11.0,32.6,33.541042,-0.941042327880858
2023-12-26 18:00:00,32.6,35.4,45.800000000000004,2.5,2.0,34.2,33.783627,0.41637344360351847
2023-12-26 19:00:00,34.2,38.900000000000006,46.5,3.1,0.0,40.0,37.625168,2.3748321533203125
2023-12-26 20:00:00,40.0,41.0,46.400000000000006,3.5,0.0,41.2,42.50446,-1.3044593811035128
2023-12-26 21:00:00,41.2,44.0,47.900000000000006,3.8000000000000003,0.0,37.9,42.876755,-4.976754760742189
2023-12-26 22:00:00,37.9,42.1,49.1,4.2,0.0,38.5,37.24033,1.2596702575683594
2023-12-26 23:00:00,38.5,41.900000000000006,48.1,3.4000000000000004,0.0,40.0,37.354904,2.6450958251953125
2023-12-27 00:00:00,40.0,41.2,36.6,2.8000000000000003,1.0,43.5,38.428204,5.071796417236328
2023-12-27 01:00:00,43.5,48.0,38.1,2.4000000000000004,0.0,44.300000000000004,41.099144,3.2008560180664105
2023-12-27 02:00:00,44.300000000000004,50.0,37.2,2.8000000000000003,0.0,41.2,42.16241,-0.9624107360839815
2023-12-27 03:00:00,41.2,48.900000000000006,33.300000000000004,2.6,0.0,41.0,40.280807,0.7191925048828125
2023-12-27 04:00:00,41.0,47.900000000000006,35.9,2.5,0.0,40.2,40.345737,-0.14573745727538778
2023-12-27 05:00:00,40.2,46.7,39.0,2.6,0.0,40.900000000000006,40.151543,0.7484573364257869
2023-12-27 06:00:00,40.900000000000006,52.1,34.300000000000004,2.3000000000000003,0.0,39.5,42.682606,-3.182605743408203
2023-12-27 07:00:00,39.5,51.7,34.800000000000004,2.0,0.0,39.6,41.729237,-2.1292366027832017
2023-12-27 08:00:00,39.6,47.6,40.5,2.8000000000000003,0.0,40.6,40.71782,-0.11781921386718608
2023-12-27 09:00:00,40.6,50.1,43.0,4.2,2.0,39.0,41.10561,-2.105609893798828
2023-12-27 10:00:00,39.0,50.1,40.1,4.2,2.0,32.7,36.899323,-4.199322509765622
2023-12-27 11:00:00,32.7,37.2,36.6,3.0,8.0,24.1,30.14826,-6.048260116577147
2023-12-27 12:00:00,24.1,29.200000000000003,27.200000000000003,2.3000000000000003,16.0,23.3,22.70918,0.590819168090821
2023-12-27 13:00:00,23.3,31.5,25.900000000000002,2.2,17.0,24.700000000000003,22.270151,2.429848861694339
2023-12-27 14:00:00,24.700000000000003,31.400000000000002,29.3,2.3000000000000003,17.0,24.200000000000003,24.059406,0.14059371948242472
2023-12-27 15:00:00,24.200000000000003,33.1,33.6,2.3000000000000003,15.0,32.300000000000004,24.62449,7.675509262084965
2023-12-27 16:00:00,32.300000000000004,38.400000000000006,38.7,2.7,7.0,31.400000000000002,33.092133,-1.6921325683593729
2023-12-27 17:00:00,31.400000000000002,45.5,42.800000000000004,3.1,1.0,32.800000000000004,34.280735,-1.4807350158691364
2023-12-27 18:00:00,32.800000000000004,41.800000000000004,45.2,3.4000000000000004,0.0,38.1,36.208378,1.8916221618652358
2023-12-27 19:00:00,38.1,48.400000000000006,44.300000000000004,3.5,0.0,40.2,42.311882,-2.111882019042966
2023-12-27 20:00:00,40.2,50.900000000000006,49.300000000000004,3.4000000000000004,0.0,41.300000000000004,43.93502,-2.6350204467773395
2023-12-27 21:00:00,41.300000000000004,55.300000000000004,47.900000000000006,3.7,0.0,41.2,45.789265,-4.589264678955075
2023-12-27 22:00:00,41.2,52.900000000000006,44.5,3.8000000000000003,0.0,47.6,44.686287,2.91371307373047
2023-12-27 23:00:00,47.6,53.1,42.1,3.7,0.0,51.300000000000004,49.296654,2.0033462524414105
2023-12-28 00:00:00,51.300000000000004,50.2,37.6,3.4000000000000004,0.0,52.800000000000004,49.73778,3.062218475341801
2023-12-28 01:00:00,52.800000000000004,51.800000000000004,37.6,3.2,0.0,51.2,48.290092,2.909907531738284
2023-12-28 02:00:00,51.2,58.300000000000004,37.300000000000004,2.9000000000000004,0.0,42.2,49.5881,-7.3881004333496065
2023-12-28 03:00:00,42.2,53.1,37.0,3.3000000000000003,0.0,40.800000000000004,42.327408,-1.5274078369140582
2023-12-28 04:00:00,40.800000000000004,51.900000000000006,30.8,2.9000000000000004,0.0,36.9,39.769543,-2.8695426940917983
2023-12-28 05:00:00,36.9,48.300000000000004,34.9,3.2,0.0,38.900000000000006,38.226048,0.6739524841308651
2023-12-28 06:00:00,38.900000000000006,45.2,33.5,3.0,0.0,39.1,39.76747,-0.6674713134765611
2023-12-28 07:00:00,39.1,45.6,30.5,3.0,1.0,38.800000000000004,40.420895,-1.6208946228027301
2023-12-28 08:00:00,38.800000000000004,47.300000000000004,32.0,3.1,1.0,43.300000000000004,40.010303,3.289696502685551
2023-12-28 09:00:00,43.300000000000004,49.300000000000004,33.300000000000004,3.3000000000000003,2.0,42.6,42.96623,-0.36622848510742045
2023-12-28 10:00:00,42.6,48.7,34.0,3.0,1.0,39.900000000000006,41.681313,-1.7813125610351506
2023-12-28 11:00:00,39.900000000000006,44.1,35.800000000000004,2.8000000000000003,4.0,36.5,37.224907,-0.7249069213867188
2023-12-28 12:00:00,36.5,44.2,38.800000000000004,3.3000000000000003,3.0,37.1,35.187138,1.9128623962402358
2023-12-28 13:00:00,37.1,43.5,39.2,3.6,2.0,36.7,34.881153,1.8188468933105497
2023-12-28 14:00:00,36.7,44.300000000000004,41.400000000000006,3.2,2.0,35.300000000000004,35.518963,-0.2189628601074176
2023-12-28 15:00:00,35.300000000000004,42.2,45.2,3.0,3.0,33.2,35.450512,-2.250511932373044
2023-12-28 16:00:00,33.2,42.300000000000004,46.800000000000004,2.9000000000000004,3.0,32.7,34.87662,-2.176621246337888
2023-12-28 17:00:00,32.7,43.1,46.1,3.4000000000000004,1.0,32.300000000000004,35.4212,-3.12119979858398
2023-12-28 18:00:00,32.300000000000004,42.5,45.6,4.0,0.0,34.7,35.93158,-1.2315795898437472
2023-12-28 19:00:00,34.7,43.800000000000004,43.5,3.3000000000000003,0.0,35.300000000000004,38.54089,-3.24088973999023
2023-12-28 20:00:00,35.300000000000004,44.0,42.0,3.2,0.0,35.0,38.112206,-3.1122055053710938
2023-12-28 21:00:00,35.0,44.6,43.0,3.4000000000000004,0.0,36.2,37.426086,-1.2260864257812472
2023-12-28 22:00:00,36.2,45.6,41.7,3.4000000000000004,0.0,38.5,38.47959,0.02040863037109375
2023-12-28 23:00:00,38.5,47.400000000000006,40.0,3.3000000000000003,0.0,41.6,40.138195,1.4618049621582045
2023-12-29 00:00:00,41.6,50.6,40.0,3.3000000000000003,0.0,44.6,42.129143,2.4708572387695327
2023-12-29 01:00:00,44.6,48.6,42.400000000000006,3.4000000000000004,1.0,39.900000000000006,40.753784,-0.8537841796874943
2023-12-29 02:00:00,39.900000000000006,44.800000000000004,44.5,3.1,0.0,38.7,36.387928,2.3120719909667997
2023-12-29 03:00:00,38.7,41.300000000000004,42.300000000000004,3.3000000000000003,1.0,37.300000000000004,35.96946,1.330540466308598
2023-12-29 04:00:00,37.300000000000004,40.0,40.800000000000004,3.0,1.0,36.300000000000004,35.4633,0.8367012023925824
2023-12-29 05:00:00,36.300000000000004,38.800000000000004,40.300000000000004,3.2,1.0,36.9,34.347755,2.5522445678710923
2023-12-29 06:00:00,36.9,39.800000000000004,38.900000000000006,3.9000000000000004,1.0,38.5,36.652477,1.8475227355957031
2023-12-29 07:00:00,38.5,42.6,44.2,4.1000000000000005,0.0,42.7,38.98515,3.714850616455081
2023-12-29 08:00:00,42.7,42.1,49.300000000000004,4.4,0.0,44.2,41.060352,3.1396476745605497
2023-12-29 09:00:00,44.2,42.0,48.6,4.6000000000000005,1.0,41.7,41.791134,-0.09113388061523153
2023-12-29 10:00:00,41.7,43.5,50.0,4.6000000000000005,2.0,42.6,39.466705,3.1332946777343764
2023-12-29 11:00:00,42.6,44.6,50.6,3.6,2.0,42.5,38.26117,4.23883056640625
2023-12-29 12:00:00,42.5,44.1,49.800000000000004,3.8000000000000003,2.0,40.800000000000004,38.064312,2.7356880187988324
2023-12-29 13:00:00,40.800000000000004,43.900000000000006,49.300000000000004,3.8000000000000003,2.0,40.900000000000006,36.274334,4.625666046142584
2023-12-29 14:00:00,40.900000000000006,45.300000000000004,47.5,3.7,3.0,40.300000000000004,38.615875,1.6841247558593793
2023-12-29 15:00:00,40.300000000000004,44.400000000000006,47.6,3.2,2.0,39.1,38.52548,0.574521636962892
2023-12-29 16:00:00,39.1,42.400000000000006,53.0,2.7,1.0,37.800000000000004,38.769894,-0.9698936462402301
2023-12-29 17:00:00,37.800000000000004,44.0,52.2,3.3000000000000003,0.0,37.7,39.90248,-2.2024810791015597
2023-12-29 18:00:00,37.7,44.6,51.1,3.6,0.0,40.5,40.358288,0.14171218872070312
2023-12-29 19:00:00,40.5,47.300000000000004,50.900000000000006,3.1,0.0,42.800000000000004,43.38071,-0.5807106018066364
2023-12-29 20:00:00,42.800000000000004,49.5,55.6,4.9,0.0,44.6,45.232014,-0.6320137023925767
2023-12-29 21:00:00,44.6,49.0,56.5,5.5,0.0,42.5,47.982777,-5.482776641845703
2023-12-29 22:00:00,42.5,47.7,54.1,5.4,0.0,45.1,45.40649,-0.30649032592773295
2023-12-29 23:00:00,45.1,47.7,51.6,4.3,0.0,42.7,43.71499,-1.014988708496091
2023-12-30 00:00:00,42.7,49.5,48.1,3.9000000000000004,0.0,57.2,41.967136,15.232863616943362
2023-12-30 01:00:00,57.2,49.7,43.6,3.3000000000000003,0.0,57.5,50.79284,6.707160949707031
2023-12-30 02:00:00,57.5,49.2,39.400000000000006,3.2,0.0,42.2,51.667694,-9.467694091796872
2023-12-30 03:00:00,42.2,45.7,36.800000000000004,3.0,0.0,41.7,39.88493,1.815070343017581
2023-12-30 04:00:00,41.7,47.1,32.5,3.1,0.0,45.5,40.494553,5.0054473876953125
2023-12-30 05:00:00,45.5,49.1,32.1,3.1,0.0,47.300000000000004,43.739697,3.5603034973144574
2023-12-30 06:00:00,47.300000000000004,50.0,33.6,3.0,0.0,48.5,47.214207,1.2857933044433594
2023-12-30 07:00:00,48.5,48.5,36.4,3.5,0.0,48.1,48.61509,-0.5150894165039048
2023-12-30 08:00:00,48.1,46.900000000000006,37.9,3.4000000000000004,0.0,48.300000000000004,46.88782,1.4121788024902386
2023-12-30 09:00:00,48.300000000000004,45.5,36.6,3.4000000000000004,1.0,43.400000000000006,45.060047,-1.6600471496581974
2023-12-30 10:00:00,43.400000000000006,46.2,35.800000000000004,3.1,3.0,42.6,41.84238,0.7576194763183608
2023-12-30 11:00:00,42.6,45.400000000000006,33.1,3.8000000000000003,6.0,38.400000000000006,40.951565,-2.5515647888183537
2023-12-30 12:00:00,38.400000000000006,43.2,32.0,3.8000000000000003,7.0,36.800000000000004,37.502308,-0.7023078918456989
2023-12-30 13:00:00,36.800000000000004,41.1,32.2,3.7,13.0,36.4,34.593105,1.8068946838378892
2023-12-30 14:00:00,36.4,41.2,32.5,3.4000000000000004,13.0,35.2,35.160664,0.03933639526367472
2023-12-30 15:00:00,35.2,40.300000000000004,33.6,3.0,12.0,35.6,36.306072,-0.7060722351074205
2023-12-30 16:00:00,35.6,40.7,36.5,3.0,9.0,34.6,36.661266,-2.0612663269042955
2023-12-30 17:00:00,34.6,40.2,42.0,3.1,1.0,34.0,37.306446,-3.306446075439453
2023-12-30 18:00:00,34.0,42.2,46.2,3.3000000000000003,0.0,36.7,37.2096,-0.5095985412597628
2023-12-30 19:00:00,36.7,41.900000000000006,48.0,3.5,0.0,40.1,39.48505,0.6149497985839858
2023-12-30 20:00:00,40.1,44.0,55.1,3.4000000000000004,0.0,42.1,42.298138,-0.19813766479492045
2023-12-30 21:00:00,42.1,46.6,53.2,3.5,0.0,43.6,45.09453,-1.494528198242186
2023-12-30 22:00:00,43.6,45.0,50.1,3.4000000000000004,0.0,48.1,44.435562,3.664437866210939
2023-12-30 23:00:00,48.1,50.2,46.5,2.6,0.0,49.7,46.57823,3.1217681884765653
2023-12-31 00:00:00,49.7,54.2,42.6,2.5,0.0,51.2,47.90426,3.295741271972659
2023-12-31 01:00:00,51.2,57.1,39.5,2.7,0.0,49.400000000000006,48.81407,0.5859283447265682
2023-12-31 02:00:00,49.400000000000006,54.6,37.5,2.8000000000000003,0.0,49.7,46.656296,3.0437042236328153
2023-12-31 03:00:00,49.7,54.300000000000004,36.300000000000004,2.8000000000000003,0.0,44.400000000000006,47.280106,-2.880105590820307
2023-12-31 04:00:00,44.400000000000006,50.800000000000004,37.1,2.7,0.0,44.400000000000006,41.871105,2.528894805908209
2023-12-31 05:00:00,44.400000000000006,51.800000000000004,36.9,2.3000000000000003,0.0,42.7,43.187004,-0.4870040893554659
2023-12-31 06:00:00,42.7,50.6,37.6,2.4000000000000004,0.0,41.0,43.804527,-2.8045272827148438
2023-12-31 07:00:00,41.0,46.6,36.7,2.7,1.0,38.6,41.95174,-3.3517402648925767
2023-12-31 08:00:00,38.6,43.0,39.1,2.8000000000000003,1.0,34.4,38.48076,-4.080758666992189
2023-12-31 09:00:00,34.4,39.7,40.5,3.0,0.0,32.1,35.89326,-3.7932609558105455
2023-12-31 10:00:00,32.1,40.1,36.5,2.5,2.0,31.1,31.647577,-0.5475772857666001
2023-12-31 11:00:00,31.1,34.6,35.800000000000004,1.9000000000000001,4.0,32.2,28.536821,3.6631786346435575
2023-12-31 12:00:00,32.2,40.400000000000006,32.6,1.7000000000000002,6.0,34.6,31.536926,3.0630737304687514
2023-12-31 13:00:00,34.6,38.1,31.8,1.6,7.0,34.1,33.48075,0.6192489624023452
2023-12-31 14:00:00,34.1,39.5,31.0,1.7000000000000002,7.0,28.1,33.64172,-5.541719818115233
2023-12-31 15:00:00,28.1,36.1,29.8,1.7000000000000002,7.0,28.1,28.38417,-0.2841705322265611
2023-12-31 16:00:00,28.1,33.1,28.400000000000002,1.5,8.0,28.700000000000003,29.663118,-0.963118362426755
2023-12-31 17:00:00,28.700000000000003,35.7,28.400000000000002,1.6,6.0,31.1,29.98603,1.1139694213867202
2023-12-31 18:00:00,31.1,38.800000000000004,26.400000000000002,1.6,6.0,33.6,33.03407,0.5659309387207045
2023-12-31 19:00:00,33.6,35.9,26.400000000000002,1.8,7.0,31.8,34.065216,-2.2652160644531243
2023-12-31 20:00:00,31.8,38.1,27.200000000000003,2.0,2.0,29.400000000000002,31.513882,-2.1138816833496072
2023-12-31 21:00:00,29.400000000000002,32.1,31.0,2.0,1.0,30.6,27.6393,2.960700607299806
2023-12-31 22:00:00,30.6,34.6,32.2,2.2,1.0,27.8,29.602194,-1.8021938323974602
